10162 145861
60543 1195745
40930 801438
47368 924104
4565 62846
34713 681889
2152 21207
12212 180356
56397 1117099
21672 396086
1005 448
16876 288744
31822 613937
10913 154676
20176 359150
63450 1264123
87117 1684609
44417 860380
3595 44377
17112 295483
21162 388237
8051 126838
48101 942368
501 175
19559 346650
10163 145908
60542 1195698
47369 924154
4564 62800
13647 214507
68072 1344257
1376 7656
34712 681846
2153 21250
56396 1117050
21673 396136
1004 402
16877 288795
37133 727350
12059 174734
2140 20740
13355 208514
7495 115511
13654 214813
1343 6855
21660 395504
1071 2412
16864 288253
36754 719771
17728 305547
48265 948121
3301 41998
48144 944128
76484 1508623
544 221
14062 223457
33036 644434
8014 125315
12147 177678
5466 79465
22214 406398
19155 337764
68959 1363296
14831 240303
70640 1384674
1509 9422
1602 11608
37208 729710
2156 21342
12029 173609
13642 214301
1373 7555
6268 95049
56393 1116952
21676 396227
1001 267
16872 288553
56278 1112564
71358 1401628
10165 146002
60544 1195789
71418 1402985
4562 62711
13641 214246
1370 7502
34714 681932
2155 21296
21675 396179
1002 310
16871 288501
12214 180399
1003 356
16870 288452
1375 7608
16603 281745
34711 681803
2150 21120
3269 41111
99138 1903836
12210 180271
56395 1117001
21670 395992
1007 492
16874 288650
3266 41021
1008 541
57369 1135884
17057 293113
5544 80726
1009 587
21641 394705
1010 634
17886 309986
15949 269981
32609 632132
71154 1396296
1586 11412
99347 1907768
10151 145347
60552 1196102
71406 1402573
40943 801690
4570 62950
18357 319669
56175 1109534
1227 5043
18356 319613
56174 1109486
1226 4999
29055 549897
5086 74982
99346 1907722
10150 145300
60553 1196147
71407 1402615
4571 63002
2472 26221
12220 180442
21640 394657
1011 680
17887 310033
15948 269939
97848 1873739
18355 319569
1225 4953
16616 281883
41164 806412
29056 549946
5085 74934
40170 789067
2163 21393
19529 345726
36467 713645
61544 1216963
99345 1907676
10153 145439
60550 1196010
71404 1402490
40941 801648
4572 63046
3278 41350
2471 26173
12223 180528
21643 394753
1012 724
17884 309890
3279 41395
12222 180485
1013 775
17885 309943
70158 1374558
1585 11358
18354 319527
56176 1109574
1224 4905
16617 281932
5084 74884
40171 789121
99344 1907632
10152 145393
60551 1196055
71405 1402531
40940 801608
4573 63092
3755 45442
1029 1150
18353 319480
56171 1109357
1223 4860
5083 74836
40176 789221
36461 713597
61542 1216872
99343 1907588
10155 145533
16229 275440
60556 1196281
4574 63136
29502 561275
4989 72510
2477 26419
12225 180614
21645 394852
1014 820
17882 309798
12233 180958
21653 395168
1020 865
71226 1397666
1050 1752
2019 17597
98397 1888637
58748 1160851
16805 286395
39363 776366
24484 454011
52041 1025094
6334 95672
77523 1534142
19956 351146
2284 22819
34276 676724
67009 1324458
18249 317665
28570 538354
33981 672618
15822 267130
25630 476608
1199 4571
12232 180915
21652 395124
1021 910
16856 287962
56345 1115232
71225 1397613
1053 1801
2171 21522
12231 180872
71294 1399772
21651 395079
1022 955
16855 287906
70420 1377987
29642 566129
6489 100058
37029 723693
16802 286245
56341 1115045
71221 1397477
1057 1933
93962 1790418
39364 776412
29448 559507
28810 547877
25718 478929
24483 453962
54479 1066810
52046 1025322
8511 133653
6333 95624
37692 738227
84070 1643310
49770 985659
3907 50140
19951 350933
75320 1482068
2283 22776
12235 181044
21655 395254
1026 1000
16851 287726
29643 566173
6488 100010
37028 723643
16803 286297
94229 1797123
56340 1114996
71220 1397430
1056 1891
12234 181001
71291 1399659
21654 395211
1027 1049
16850 287671
6487 99958
32033 615820
58741 1160712
37027 723593
1059 1975
3754 45399
1028 1098
94298 1799671
46903 913253
1081 2795
21690 396407
1063 2173
4860 69128
29074 550579
7928 123527
31758 611838
46785 910548
55381 1090169
1302 6441
16634 282542
32210 621769
6699 102596
28020 520686
5489 80389
2909 35989
2457 25618
12241 181302
11055 158589
62941 1251603
71282 1399512
27025 498732
1030 1198
94299 1799723
46902 913210
57799 1144884
1080 2746
1062 2126
4861 69176
73753 1452976
32211 621817
4212 54776
28021 520731
5488 80344
2908 35939
2456 25571
12240 181259
11054 158537
62940 1251560
78738 1563327
69022 1364334
18101 315831
27024 498691
21620 393873
1031 1248
46901 913167
1083 2880
57738 1143062
1061 2077
4862 69219
2455 25519
84518 1650352
12243 181388
69021 1364289
92603 1763966
18102 315877
71280 1399403
27027 498780
21623 393972
1032 1299
1082 2837
7202 112887
73557 1449266
4096 53784
11773 169283
2344 23904
1060 2027
29536 562102
53090 1043439
4863 69258
10132 145159
40964 802077
32792 637408
4553 62482
72024 1413550
25396 472692
55382 1090217
1301 6393
16637 282681
2454 25473
12242 181345
69020 1364240
92602 1763922
18103 315923
71281 1399460
21622 393919
1033 1344
26369 490472
1085 2980
2453 25427
12245 181474
11051 158381
69027 1364568
92605 1764053
18104 315969
71286 1399604
27021 498556
21625 394070
1034 1387
2481 26560
20850 381003
1084 2924
1066 2223
29659 566930
25989 483949
4865 69342
29530 562006
25880 482045
54501 1067662
2452 25382
12244 181431
11050 158330
69026 1364519
92604 1764009
18105 316015
27020 498507
21624 394024
1035 1432
2451 25336
12247 181560
11053 158485
48208 946421
62947 1251794
69025 1364473
92607 1764151
18106 316061
71284 1399558
27023 498643
21627 394160
1036 1477
46904 913296
1086 3026
12246 181517
11052 158433
48209 946464
62946 1251748
58301 1150936
27022 498595
21626 394114
1037 1521
23609 435161
22066 403699
3458 43103
2211 22382
18540 323236
33688 663549
16036 271480
15086 246323
73442 1446611
1470 8798
94290 1799307
57790 1144647
1089 3123
20244 362283
40251 791104
52748 1038302
4745 67063
3032 36684
8837 139165
32799 637690
7111 112307
4558 62666
28741 545245
2109 19337
20442 367216
32360 626262
7920 123233
72416 1424206
38902 766681
5481 80051
31408 606085
45234 876564
85256 1663016
10931 155491
2901 35591
13457 210731
84512 1650175
12249 181646
21629 394260
1038 1568
23608 435100
22067 403748
2210 22339
12402 182658
33689 663596
16037 271525
15087 246373
73443 1446654
1471 8843
94291 1799359
57791 1144693
1088 3071
20245 362344
40250 791055
52749 1038346
4744 67009
3033 36730
2108 19294
32361 626307
7921 123284
72417 1424250
84513 1650220
12248 181603
93067 1772384
18109 316107
21628 394210
1039 1615
94259 1798163
56352 1115415
57759 1143665
71232 1397856
1040 1665
2027 17823
58758 1161127
16833 286958
94258 1798111
56353 1115460
57758 1143620
71233 1397900
1041 1708
2026 17780
58759 1161173
16832 286915
39367 776548
28813 547925
52045 1025277
8512 133702
6330 95480
37691 738184
2558 27626
3904 50005
56342 1115093
71222 1397524
1054 1845
16801 286195
1068 2276
94230 1797175
57730 1142878
1069 2320
37132 727298
12058 174690
2141 20788
13354 208463
13655 214864
62659 1242880
1342 6808
32056 616535
53080 1043051
29625 565432
16744 285923
99129 1903464
12201 179885
21661 395550
1070 2363
16865 288298
13657 214966
1340 6720
6279 95241
5069 74320
37219 730236
2143 20882
37130 727193
32054 616440
29528 561964
53082 1043146
29627 565526
16746 286007
37422 736087
62903 1250183
97640 1870763
59079 1166364
12203 179971
21663 395639
1072 2456
13656 214913
1341 6764
6278 95198
37218 730188
2142 20836
13357 208565
23035 420815
37131 727246
5068 74269
12202 179928
21662 395594
1073 2503
16866 288352
71348 1401246
32566 631073
27920 517741
4781 68268
22109 404295
2358 24426
62062 1228603
13651 214708
56159 1108859
36830 720975
1346 6943
23032 420765
37136 727511
2145 20980
13350 208323
32052 616349
29621 565244
16740 285824
37424 736137
62905 1250231
12205 180057
23968 441356
21665 395739
1074 2553
16861 288153
32567 631121
27921 517782
4780 68217
22108 404250
2359 24478
62063 1228650
11784 169720
48922 965162
13650 214659
56158 1108817
36831 721015
1347 6986
37137 727554
2144 20931
12204 180014
21664 395689
1075 2603
16860 288106
29622 565291
16743 285873
12206 180100
21666 395784
1077 2654
4083 53235
11788 169857
2355 24279
92190 1752570
5062 74132
40157 788789
37212 729900
2148 21029
12051 174345
12208 180186
98291 1884633
15960 270443
21668 395884
1079 2700
70452 1379175
28637 540791
27045 499154
1090 3176
33039 644525
7438 114573
7870 122552
28080 522324
85614 1669782
35033 686130
63834 1271048
84415 1649998
12148 177730
48420 952325
49315 974236
57626 1140990
21128 387263
5469 79561
18656 325019
22334 408206
33422 654936
7001 107954
1506 9274
36258 709767
27047 499248
1092 3229
70450 1379072
28635 540703
22219 406594
68954 1363080
18654 324923
33420 654823
7003 108042
1504 9179
70451 1379125
28634 540659
27046 499202
1093 3278
18655 324970
33421 654879
7002 107999
1505 9228
40544 797399
70456 1379378
28633 540616
27041 499013
26378 490702
1094 3323
33426 655100
7005 108130
1609 11941
35609 697834
2872 34438
48317 949345
33144 647768
26638 495031
24834 460507
6850 106025
1969 17252
54701 1072499
6784 104485
95867 1836305
58367 1152526
11030 158185
20841 380762
27040 498966
1095 3373
18653 324876
43518 840383
22331 408029
33427 655154
7004 108087
1608 11893
1503 9134
70454 1379279
28631 540569
27043 499109
1096 3419
70455 1379331
28630 540517
46919 913697
27042 499063
1097 3469
17801 307203
18651 324830
22333 408147
33425 655046
7006 108172
14839 240479
70648 1384952
1501 9089
46916 913608
26374 490561
1098 3513
14065 223558
33031 644185
7430 114391
7878 122829
28088 522573
12140 177478
48428 952601
21120 387115
5461 79217
22213 406349
19152 337599
7009 108305
1605 11750
14836 240348
70647 1384908
93944 1790124
29422 558520
25772 479634
1259 6001
6355 96194
40856 800649
42304 821738
24630 458216
4421 59412
31207 603936
2030 17864
1101 3563
27966 519408
24105 445448
1519 9668
57639 1141347
1102 3611
29420 558463
25770 479540
54451 1065773
6357 96240
3570 43637
97018 1854039
12589 189794
29666 567171
70893 1391679
1899 15899
31205 603857
16826 286680
2032 17906
20319 363625
29147 552372
4038 51719
27967 519461
24104 445401
1518 9621
57638 1141302
1103 3659
25777 479869
54456 1065952
6350 96006
2538 27093
44871 870076
99712 1918456
20198 360039
4679 65909
42301 821597
24635 458367
4424 59504
31202 603737
16821 286490
94247 1797695
57747 1143250
2035 17955
3869 49027
61467 1214841
57224 1131787
37334 732695
62875 1248940
95389 1822126
58452 1154508
34120 673689
2703 30271
1104 3707
3868 48981
61466 1214789
57225 1131836
37335 732745
62874 1248895
2702 30227
1105 3755
1106 3803
1107 3850
37723 739047
3865 48837
57633 1141171
1108 3898
99670 1916276
12583 189563
10505 150105
20195 359906
63543 1265701
4674 65726
97409 1865106
18321 318143
2535 26946
13777 218496
43941 848904
15472 257341
47967 937405
4429 59701
32431 627589
4032 51534
21794 399533
2038 17999
37722 739006
3864 48793
62401 1236220
55487 1094188
33825 667487
57632 1141125
1109 3946
3896 49781
61450 1214292
62419 1236560
57231 1131966
95376 1821543
58443 1154277
37321 732116
34614 680195
12302 182086
33835 667763
16926 289586
1111 3994
37325 732293
34610 680048
62806 1246096
12306 182296
33831 667672
16922 289453
1115 4042
16433 280140
73946 1455077
32004 615301
1888 15754
6878 106690
13131 203588
14219 227134
37010 722885
2045 18231
96778 1849544
58444 1154323
37326 732334
34613 680145
13089 202396
12305 182243
49338 975185
1116 4090
16921 289412
70554 1382382
13762 218262
43950 849292
48335 950176
18330 318525
29419 558406
1240 5378
16677 284310
72222 1420306
73085 1441468
4438 59935
26731 496329
1886 15658
31630 609581
6876 106590
94279 1798787
88414 1700288
57779 1144316
20306 363320
14217 227050
32420 627129
4001 50355
2494 26747
8904 141108
12853 195177
48832 961754
33405 653985
27295 503468
24012 442127
71137 1395872
1521 9758
94301 1799775
57601 1140708
1118 4137
32102 618031
6877 106641
31631 609625
73949 1455168
28112 523455
1887 15705
2495 26799
37710 738598
61458 1214566
61883 1225010
62411 1236315
57239 1132324
10043 143190
63005 1253906
12852 195135
48833 961798
33404 653929
27294 503421
24013 442179
71136 1395819
1520 9714
1119 4185
65726 1304582
11721 167274
2334 23594
46952 914854
26330 489739
24534 455283
1128 4233
32829 638882
25410 472990
8758 137647
4408 58843
2059 18684
22436 409150
13065 201569
67578 1336221
24874 461777
1921 16385
45893 893531
46953 914896
24535 455327
1129 4281
11717 167082
2324 23260
45886 893254
46946 914677
26320 489519
1138 4329
22742 415512
13074 201889
44139 855222
47732 932364
7734 119497
1930 16551
11716 167037
2325 23309
45887 893298
46947 914727
26321 489559
1139 4377
41667 812942
25401 472740
4419 59325
5650 81346
56313 1113869
71273 1399171
3601 44519
44138 855170
47733 932415
7735 119544
1931 16596
8406 133357
4976 72019
10261 147263
2880 34829
1144 4425
55442 1092927
16911 289132
1151 4473
40827 800080
73173 1445334
8722 136594
4472 61016
95106 1813041
56334 1114772
71254 1398603
2081 19160
37362 733850
2777 32016
1152 4523
97459 1867000
18371 319807
1201 4618
54407 1064040
18372 319850
1202 4667
54404 1063904
46898 913075
12010 172980
1203 4716
54405 1063949
46899 913121
97720 1871272
12226 180657
49459 978178
2474 26267
14732 236921
72376 1423079
39324 775085
59223 1168072
11379 162325
98022 1876381
55807 1099824
27529 508177
71153 1396243
1581 11256
97478 1867674
18350 319340
56172 1109402
1220 4765
16613 281837
29503 561321
54550 1069073
4988 72470
2476 26371
97722 1871362
12224 180571
21644 394800
17883 309846
6199 93446
56282 1112761
71151 1396137
1583 11306
36460 713550
61543 1216917
10154 145486
16228 275390
60557 1196326
71403 1402446
40946 801777
4575 63180
83756 1637263
18352 319437
56170 1109310
1222 4809
16611 281786
11370 161951
49656 981739
60604 1197177
58045 1146212
32607 632034
27520 507764
16115 273080
1588 11464
93620 1784350
5089 75072
12036 173863
1229 5088
18340 318891
56166 1109134
1230 5135
6280 95288
16625 282267
1235 5190
16620 282023
36089 707261
12007 172843
69221 1367989
18346 319137
56160 1108912
1236 5237
16623 282167
31647 610160
6409 97590
45033 871547
30420 588030
2382 25050
69220 1367946
18347 319187
56161 1108954
1237 5286
16622 282121
36087 707154
20677 374790
12009 172935
35482 695489
62723 1244968
18348 319235
1238 5337
13760 218172
43952 849392
18332 318612
1242 5422
16675 284258
1721 12754
21530 392640
68818 1359161
92110 1749473
18071 314859
50138 996501
8906 141160
37713 738694
61880 1224921
10040 143096
63006 1253958
12851 195092
48830 961665
33407 654095
24010 442025
71135 1395766
1523 9850
13761 218217
43953 849443
48336 950224
18333 318659
1243 5471
16674 284206
1720 12710
21531 392689
92111 1749523
18070 314814
32009 615500
28110 523371
1885 15612
6875 106537
14214 226924
32423 627259
4002 50394
2048 18319
59244 1168490
10041 143143
12850 195041
48831 961711
33406 654039
24011 442077
71134 1395713
1522 9802
12857 195375
48836 961930
33401 653761
27291 503281
24016 442335
71133 1395660
72738 1433054
1525 9944
18334 318707
1244 5521
16673 284156
8901 140950
12856 195327
48837 961982
24017 442387
72739 1433102
1524 9897
18335 318753
1245 5569
16672 284108
4929 70155
28356 531170
10258 147123
2493 26702
52339 1031855
8903 141056
37716 738830
62417 1236463
59240 1168302
10045 143284
12854 195224
48835 961888
33402 653817
27292 503327
24015 442283
71130 1395607
1526 9990
18337 318849
1247 5616
54449 1065683
16670 284019
3579 43813
97011 1853744
12580 189413
10506 150160
20196 359950
63540 1265614
4677 65864
18322 318191
2536 26989
13774 218350
43942 848954
29429 558772
25779 479963
1252 5664
54458 1066040
32173 620453
6860 106439
31622 609283
16405 279224
28163 524854
1890 15851
99672 1916380
97010 1853693
12581 189462
10507 150209
20197 359994
63541 1265654
4676 65819
18323 318242
2537 27042
13775 218399
43943 849006
25778 479916
1253 5717
54459 1066088
92105 1749223
18002 312582
19092 334515
74549 1465431
31098 602891
1752 13268
10055 143331
60694 1200313
3866 48885
61468 1214882
12822 193897
18640 324603
48825 961476
46056 895274
24005 441765
72727 1432581
1510 9475
99675 1916498
97017 1853992
12586 189701
20190 359729
63546 1265843
4671 65578
18324 318293
1254 5760
18325 318336
1255 5807
6359 96287
1754 13318
21523 392440
38150 749626
19094 334625
12824 193993
48823 961378
46050 895094
27969 519552
24003 441661
72721 1432494
1516 9575
37726 739202
3860 48651
30598 592974
99677 1916621
97015 1853895
12584 189608
10502 149950
20192 359817
63544 1265744
4673 65677
18326 318383
2532 26846
1256 5857
1757 13408
21520 392302
92009 1746051
18708 325602
43667 843539
62028 1227404
12827 194043
48820 961247
72722 1432537
1515 9521
4672 65627
99676 1916555
97014 1853841
12585 189655
10503 149999
63545 1265794
18327 318425
1257 5900
1756 13363
21521 392348
92101 1749023
50648 1011347
38152 749713
92008 1746003
18709 325650
19096 334718
43666 843497
18328 318479
29423 558571
25773 479681
1258 5948
54452 1065817
6354 96153
6063 89450
28528 536999
32127 618958
30411 587765
6812 105312
28137 524301
32509 629333
14233 227595
3468 43435
31557 608335
35742 699923
69211 1367632
13786 218773
43970 849788
1260 6049
1262 6097
53195 1046915
16651 283203
35740 699827
13784 218727
43972 849885
62634 1242302
18055 314189
1705 12568
1263 6146
53194 1046868
16650 283157
77084 1521934
29010 548664
18054 314138
1704 12519
1264 6196
16657 283444
35746 700061
13782 218636
43974 849976
48359 950777
18053 314089
1703 12470
1266 6242
53191 1046774
16655 283354
35744 699970
69217 1367811
13780 218589
43976 850026
62630 1242166
77081 1521802
29015 548756
18051 313996
1701 12372
2128 20186
1267 6297
53190 1046725
16654 283303
2129 20229
29407 557892
1270 6348
54436 1065241
57468 1138281
1731 12846
22906 417714
13681 216138
69301 1368036
1330 6489
22907 417782
13680 216079
1331 6534
2790 32191
33965 672112
6079 90224
28554 537946
25614 476356
40242 790906
4756 67309
1337 6578
55395 1090716
1338 6627
16646 283014
77092 1522283
29006 548570
18042 313716
37148 727980
2115 19592
1339 6673
16647 283060
18043 313763
37149 728025
2114 19549
36832 721055
33394 653709
1344 6899
22106 404160
2357 24377
92192 1752670
5060 74038
40155 788744
37210 729806
12053 174444
1349 7037
96819 1851217
23024 420515
13342 208098
32336 625399
7976 124456
13621 213303
31706 610664
56129 1107752
1350 7087
60115 1186616
96818 1851169
23025 420559
37121 726938
13343 208148
79040 1569183
41159 806324
32337 625445
7977 124502
13620 213257
31707 610710
56128 1107704
26426 491493
1351 7138
13625 213504
68058 1343659
31702 610482
1354 7184
60111 1186489
55339 1088284
13624 213458
68059 1343704
26422 491349
31703 610528
1355 7226
60110 1186440
55338 1088237
22952 418986
13673 215723
31776 612367
1360 7273
58430 1153876
36009 704594
2668 29857
53581 1052449
7902 123192
77491 1532931
13677 215928
31772 612197
1364 7320
77493 1533013
13675 215831
1366 7364
32341 625535
53582 1052503
7901 123151
77492 1532972
13674 215775
31771 612147
1367 7412
36005 704462
2664 29709
97101 1856561
12490 186087
48844 962260
56515 1119433
71835 1409370
21867 401461
3803 46307
10034 142814
1368 7454
61272 1209150
94513 1800928
57013 1127839
3264 40977
80047 1588366
78417 1554487
68104 1344471
5341 76778
32635 633001
30123 578977
24085 444856
70127 1373621
1590 11515
5073 74518
37203 729472
12022 173328
13649 214610
1378 7707
6263 94807
5072 74473
37202 729424
12023 173375
13648 214563
62644 1242611
1379 7752
6262 94761
15314 252187
47740 932670
1902 15979
6510 100833
56117 1107294
55303 1086682
1380 7797
6239 93898
42156 819463
5858 86457
11228 160201
60534 1195383
38901 766636
5482 80105
85255 1662966
30628 593860
10932 155537
45237 876708
26568 493706
23703 436393
2902 35641
13454 210583
18510 322945
15052 244892
1420 7848
3238 39900
16159 274483
70119 1373261
73402 1445984
1430 7896
18501 322555
70118 1373212
73403 1446028
1431 7945
18502 322604
33556 659398
1432 7989
18504 322702
33550 659350
30119 578780
1434 8032
1436 8077
3230 39621
18508 322847
30115 578591
16151 274202
45506 884393
1438 8128
85275 1663767
31827 614175
10916 154820
17078 294147
87112 1684345
12529 187655
44412 860186
3590 44243
46380 904032
25048 465260
8054 126981
85734 1673037
12107 176362
63954 1273576
15076 245926
73432 1446167
1440 8180
3249 40310
20903 382950
93523 1781611
28451 534854
19415 342341
46778 910228
15077 245976
73433 1446213
1441 8225
19404 342028
3258 40682
33769 666024
14036 222542
46390 904307
85724 1672703
12131 177071
63944 1273313
85203 1661620
31811 613613
17068 293655
3580 43852
17121 295626
15062 245313
70139 1373865
1450 8275
12777 192415
28441 534432
51544 1021966
19405 342079
3259 40728
14037 222585
46391 904352
25059 465523
7440 114665
8045 126607
85725 1672745
12130 177024
63945 1273359
59904 1181029
85202 1661576
31810 613570
17069 293705
45264 877783
3581 43898
17120 295578
21150 387753
15063 245364
25136 467436
1451 8320
12776 192370
53949 1057178
8046 126651
14034 222452
46392 904399
85726 1672787
12133 177175
85308 1664788
45267 877832
3582 43938
17123 295722
21153 387856
15060 245224
1452 8366
12775 192322
19029 331982
43545 841460
77069 1521281
65246 1294652
19160 337819
31063 601429
14804 239196
1655 12324
17953 311360
14035 222493
46393 904446
7442 114710
12132 177125
31812 613658
10901 154491
3583 43980
17122 295674
21152 387802
15061 245270
25134 467393
1453 8416
33584 660405
27534 508395
16022 270976
73456 1447056
1460 8465
12769 192176
11364 161662
63387 1263108
11366 161764
63385 1263001
33586 660503
27536 508440
16020 270887
15090 246530
1462 8513
11367 161814
63384 1262950
33587 660554
27537 508485
16021 270930
15091 246576
73455 1447013
1463 8561
11360 161478
63383 1262906
27530 508218
15096 246674
1464 8609
11363 161614
63380 1262770
33583 660356
27533 508351
16025 271102
15095 246624
1467 8655
47172 920106
25121 467055
1468 8705
1469 8751
12760 191778
15084 246224
73440 1446526
25119 467010
1472 8888
16034 271388
12759 191725
2212 22425
15085 246272
73441 1446572
25118 466964
1473 8938
16035 271433
12758 191671
2215 22470
12407 182833
27656 511912
1971 17332
17237 297328
15082 246122
73446 1446746
1474 8988
12406 182786
1970 17292
17236 297278
15083 246170
73447 1446791
1475 9040
16033 271341
7871 122606
28081 522373
7439 114619
85615 1669830
35032 686083
84414 1649956
12149 177776
48421 952367
49314 974191
5468 79515
18657 325069
1507 9323
40546 797446
41630 812126
39192 773102
5665 82026
35602 697746
2879 34780
66105 1311384
4028 51389
54324 1063680
26219 487378
2206 22296
22215 406447
19154 337709
68958 1363253
14830 240258
1508 9370
1603 11656
6041 88771
15447 256335
47974 937640
73083 1441377
13139 203907
32105 618070
6870 106485
28115 523546
1880 15564
31636 609803
14211 226798
32426 627393
4007 50621
4928 70110
28357 531217
47471 927213
25817 480281
95843 1835893
58343 1151830
11010 157806
10259 147169
2492 26658
52338 1031810
8902 141002
37717 738876
61884 1225058
59241 1168348
10044 143237
12855 195279
48834 961842
33403 653873
27293 503374
24014 442231
1527 10037
32833 639056
4430 59746
75902 1494657
15449 256435
31638 609890
16435 280240
26739 496377
7677 118270
22560 411900
13137 203814
32428 627492
4009 50713
37016 723170
21767 398426
2043 18141
72734 1432869
1529 10084
37719 738920
3897 49833
61451 1214338
62418 1236512
57466 1138198
36135 708817
2134 20466
35062 687183
13093 202534
4266 56535
18661 325166
15626 260996
33415 654542
27285 503145
1531 10132
57465 1138152
2137 20600
35061 687135
13090 202444
4265 56483
15625 260946
33416 654596
71120 1395501
1532 10184
36130 708664
2131 20327
7802 120675
4263 56436
15623 260845
33410 654264
1534 10235
36131 708715
2130 20277
7803 120716
47629 930316
4262 56389
15622 260795
33411 654323
32658 633536
27281 502952
1535 10285
18068 314718
94161 1796245
57461 1138108
36132 708766
2133 20423
4261 56348
15621 260745
33412 654379
30189 581396
27282 503003
1536 10340
12848 194931
23661 435454
3470 43544
20376 364254
88424 1700658
86343 1678472
31569 608844
14205 226547
72641 1430525
4017 51047
18069 314769
94160 1796168
57460 1138064
2132 20374
7801 120634
4260 56294
15620 260691
33413 654435
30188 581349
27283 503050
1537 10392
12849 194984
12846 194834
32655 633435
30187 581304
72703 1432011
1538 10442
37708 738502
3882 49408
61440 1213977
61875 1224736
62427 1236923
2831 33376
15420 255151
47917 935726
5764 84304
18953 329688
48556 955329
23234 426503
26750 496471
1863 15218
54742 1073633
46565 906858
4341 57720
37770 740435
21856 401085
61438 1213884
10027 142487
18610 323477
48857 962855
24077 444575
1540 10495
15421 255196
47916 935680
5765 84349
74073 1458109
4061 52434
57719 1142636
26250 487889
3774 45839
1862 15164
54743 1073684
2830 33325
2584 28158
56565 1121310
71845 1409730
37771 740479
21857 401132
61439 1213933
10026 142440
18611 323523
48856 962808
47390 924820
24076 444527
1541 10540
15422 255244
41719 813246
5766 84392
79378 1575833
51350 1018880
74070 1457974
4062 52481
36344 711721
26253 487936
3777 45891
35147 689493
68651 1354738
76821 1514859
23236 426605
65898 1307779
18951 329642
48554 955243
49269 972907
46567 906908
4343 57813
80266 1593023
66046 1309362
25331 471637
4628 64172
97042 1855157
85364 1667082
12571 189121
11978 172744
11530 164340
11109 158958
2833 33471
1784 13776
21555 393213
38108 748260
67214 1329283
19044 332666
77004 1518431
12489 186041
18612 323567
48855 962762
13864 221165
43432 838482
1542 10588
40503 796415
56566 1121352
71846 1409780
37772 740527
3838 47603
10025 142393
3049 37414
85650 1671328
2675 30175
20686 375092
63870 1272131
96791 1850080
94043 1791855
57543 1139496
66047 1309407
25330 471589
4629 64223
85365 1667122
12570 189073
11531 164388
2832 33420
15423 255296
5767 84435
35146 689442
76820 1514821
23237 426656
65899 1307827
18950 329592
48555 955286
49268 972862
26753 496517
1860 15121
54741 1073583
6890 107018
4342 57769
79379 1575877
51351 1018923
74071 1458018
4063 52528
56567 1121402
71847 1409827
37773 740575
3839 47644
10024 142346
13865 221213
43433 838527
25248 469590
1543 10635
40502 796368
3048 37362
20687 375149
15425 255397
25570 475916
5761 84168
18956 329821
48553 955200
23231 426360
26755 496563
1866 15376
54747 1073819
6896 107066
4344 57864
36343 711677
26254 487981
3770 45707
56561 1121181
71841 1409643
21853 401033
10022 142252
13863 221121
43435 838617
18615 323657
48852 962623
47394 924959
24072 444432
93258 1775773
1545 10680
40504 796461
36071 706773
2672 30066
63877 1272362
96796 1850266
94044 1791911
57544 1139541
25573 476053
5762 84211
75969 1496419
81328 1612753
51354 1018970
74074 1458151
4066 52623
36340 711634
26257 488026
3773 45794
35143 689356
68655 1354914
76825 1514990
18955 329773
48550 955072
23232 426404
1865 15325
46563 906812
4347 58004
2837 33612
56562 1121224
71842 1409686
21850 400882
10021 142205
13860 220969
43436 838661
62059 1228469
18616 323699
48851 962582
1546 10729
40507 796602
85654 1671464
36072 706820
2671 30014
20682 374940
63874 1272229
96795 1850217
57547 1139585
58429 1153834
3101 38492
20544 370140
19052 332947
77012 1518782
33135 647338
24845 460728
4333 57586
1851 14941
54756 1074145
51346 1018788
74066 1457846
4070 52760
27264 502805
7075 110938
1550 10778
43103 831640
68463 1351971
5824 85177
85646 1671231
35007 685465
63866 1271934
57533 1139192
3079 38252
10003 141408
89409 1711638
56544 1120573
71864 1410383
3856 48455
12812 193500
18630 324324
48873 963446
14858 241208
70669 1385778
25267 470079
1560 10827
24053 443658
94021 1791019
57521 1138883
36054 706298
2653 29296
10002 141361
89408 1711596
56545 1120616
71865 1410431
3857 48504
18631 324371
48872 963402
14859 241253
70668 1385732
72774 1434234
25266 470038
1561 10878
94020 1790970
57520 1138842
2652 29245
38955 768188
4644 64661
18030 313178
1760 13454
56546 1120657
71866 1410480
37752 739832
3854 48357
10001 141314
12810 193409
18632 324421
48871 963356
25265 469993
1562 10932
46064 895614
7069 110663
94023 1791120
57523 1138972
2651 29192
56540 1120404
71860 1410244
37754 739925
3852 48258
10007 141596
63049 1255656
12816 193655
18634 324467
48877 963624
46062 895519
27258 502518
1564 10978
35019 685797
2657 29391
3063 37907
58506 1156174
56542 1120487
71862 1410333
37756 740012
3850 48162
10005 141502
12814 193557
18636 324561
48875 963533
72773 1434190
25261 469852
1566 11025
46060 895419
24055 443742
85638 1670913
36052 706206
2655 29343
3061 37811
58504 1156079
7852 122102
4291 57359
7063 110397
14850 240847
70661 1385497
1568 11074
7853 122146
4290 57319
7062 110352
14851 240892
70660 1385451
1569 11118
1776 13684
21505 392254
10075 143518
63073 1256473
24025 442727
1570 11165
18621 323894
48804 960597
22303 407297
32694 634167
24024 442675
1571 11211
30571 592515
26631 494942
1960 17076
54007 1058324
2204 22210
3302 42044
20848 380905
14061 223416
33035 644384
12144 177627
49319 974420
5465 79419
1601 11560
19610 347305
66223 1313030
1965 17160
54002 1058100
2201 22124
36752 719674
3307 42224
33030 644135
8012 125270
7879 122876
28089 522615
12141 177530
48429 952644
5460 79163
22212 406300
19153 337654
7008 108258
1604 11702
14837 240395
70646 1384864
2203 22167
58369 1152611
36750 719572
3305 42178
14066 223607
33032 644235
8010 125174
84737 1654605
49037 967233
35038 686308
12143 177585
21123 387212
5462 79265
22210 406202
19151 337544
33429 655255
1606 11798
30577 592742
1966 17210
54001 1058060
58368 1152569
36751 719621
48260 948035
3304 42136
14067 223655
33033 644285
7432 114433
8011 125221
6673 102548
45296 878317
21122 387162
82301 1619012
5463 79315
22211 406251
19150 337489
33428 655204
1607 11845
22202 405860
68929 1362105
65283 1295844
18629 324277
7014 108532
1610 11989
14841 240575
70656 1385276
33155 648238
26621 494708
1952 17032
54013 1058510
55083 1084198
6795 104934
22203 405909
43408 838084
68928 1362062
65282 1295799
18628 324234
43501 839895
27244 502195
7015 108576
1611 12037
14840 240525
70657 1385318
33156 648284
24826 460236
1951 16990
54010 1058414
54739 1073496
55080 1084099
30562 592190
6796 104983
38863 765908
4732 66427
75099 1476183
27247 502238
7016 108620
1612 12088
14843 240662
70654 1385191
55188 1086541
33157 648330
26623 494755
24827 460283
1950 16945
54011 1058465
54738 1073449
30563 592239
38862 765861
4733 66473
75098 1476141
74101 1458679
7017 108663
1613 12133
14842 240620
70655 1385233
24028 442883
7010 108351
1614 12180
14845 240707
70652 1385092
24029 442935
7011 108400
1615 12228
31065 601520
14802 239098
1653 12276
8041 126465
14033 222411
7444 114760
85721 1672579
12134 177229
63941 1273182
85206 1661751
31814 613707
20148 358153
3585 44066
17124 295770
21154 387904
41124 805793
77082 1521846
29016 548801
18052 314043
1702 12421
58620 1158230
59487 1173762
37142 727737
57401 1136618
1718 12617
72427 1424562
18049 313954
58621 1158272
59486 1173717
37143 727785
1719 12661
4694 66331
66537 1316619
91416 1738171
18060 314382
57469 1138322
1730 12800
4664 65340
99660 1915707
11934 170937
99729 1919096
10573 152429
2543 27335
19080 334003
31086 602326
1740 12896
2542 27283
13740 217340
38145 749539
19188 338807
68838 1359918
92130 1750420
18011 312692
19081 334046
74574 1466286
31087 602368
1741 12941
4666 65385
2541 27235
13743 217392
18012 312737
50658 1011760
92018 1746294
19082 334095
74577 1466385
31084 602237
1742 12988
92134 1750570
91423 1738220
82838 1623299
18015 312877
38141 749495
19085 334193
74570 1466155
31083 602191
1745 13034
4662 65287
99666 1916047
11932 170839
92137 1750720
18016 312928
19086 334241
1746 13081
92136 1750670
18017 312979
19087 334291
74572 1466245
31081 602096
1747 13129
3561 43591
99667 1916097
11933 170890
19945 350751
75356 1482369
2293 22862
13749 217680
8505 133549
19181 338477
68831 1359611
92139 1750820
82835 1623161
18018 313030
50652 1011533
19088 334335
1748 13176
31518 606983
56355 1115552
71235 1397988
2020 17644
16834 287010
13748 217636
8504 133501
92013 1746198
19089 334377
1749 13223
31519 607026
56354 1115507
71234 1397942
36280 710694
2021 17692
16835 287059
2861 34145
13753 217880
1770 13499
21503 392156
92123 1750121
18020 313081
2863 34242
13751 217778
1772 13546
21501 392058
2862 34193
13750 217730
1773 13596
5678 82616
2864 34295
13756 218017
92126 1750221
18025 313132
1775 13642
99658 1915602
89123 1708313
12970 198933
5675 82466
1778 13730
12090 176061
85670 1671644
2189 21887
63850 1271515
84758 1655520
49058 968081
57567 1140121
55309 1086950
6233 93671
4859 69083
3216 39058
59033 1164518
2817 32856
18931 328938
1801 13823
54760 1074326
1908 16220
59031 1164420
2815 32765
22738 415313
68633 1354124
18933 329031
1803 13868
54762 1074425
55079 1084056
59037 1164716
2813 32665
18935 329128
32180 620787
4363 58616
1805 13917
54764 1074517
30906 598395
39086 770230
5735 83167
36313 711089
89319 1711277
56074 1106139
3746 45073
20390 364518
35176 690017
68620 1353636
18920 328483
48503 954643
1810 13966
15329 252707
46556 906666
52157 1027390
29915 572635
4848 68628
3221 39236
2802 32333
23959 441022
3223 39326
25544 475340
5737 83263
13039 200724
68622 1353718
76852 1515620
18922 328570
48501 954557
1812 14008
25545 475382
5736 83213
36310 710960
26261 488159
3745 45028
20393 364711
35175 689967
68623 1353764
76853 1515664
18923 328618
1813 14050
23958 440974
3222 39283
2801 32286
73038 1439552
39083 770183
5730 82946
36316 711176
63758 1269478
56071 1105998
26267 488346
3743 44981
20395 364833
35173 689917
76855 1515752
18925 328717
48506 954772
23260 426994
1815 14095
3224 39370
2807 32473
13024 200120
76861 1515965
84529 1650709
18911 328116
49229 971235
55130 1085934
7764 120486
1821 14140
6705 102836
23947 440726
3231 39667
13027 200206
76862 1516009
18912 328165
1822 14188
6706 102884
23941 440514
3237 39854
18914 328259
48519 954900
22472 409831
13021 200036
76864 1516057
1824 14236
23943 440620
3235 39807
18916 328350
23279 427378
46528 905709
7763 120441
1826 14285
6702 102692
23942 440567
3234 39763
18917 328393
23278 427323
22471 409784
13022 200077
7762 120392
1827 14330
6703 102740
3241 39990
73802 1453815
1830 14378
49464 978370
3240 39946
3598 44475
12521 187276
17070 293752
34680 681090
68601 1353546
76871 1516276
23284 427488
22463 409684
59645 1175979
84539 1651154
18901 327978
49239 971650
1831 14422
3243 40079
35118 688521
34683 681234
62899 1250049
68602 1353591
76872 1516331
18902 328024
22460 409640
1832 14466
3242 40032
20908 383219
73801 1453769
1833 14510
49461 978272
3245 40176
1834 14555
49460 978225
3244 40122
34684 681284
20788 379462
48229 947334
76875 1516467
1835 14597
89154 1709726
12550 188464
12965 198725
11551 164718
62265 1232635
38958 768287
4649 64848
3110 38903
58655 1159518
20573 371233
10804 154384
18970 330292
49248 971968
33124 646835
24854 461088
1840 14641
54721 1072699
89155 1709771
12551 188509
12964 198679
11550 164672
62264 1232586
38959 768339
4648 64799
25311 470823
3111 38952
58654 1159459
20572 371172
85502 1668270
10805 154438
18971 330343
49249 972012
33125 646881
24855 461134
1841 14683
54720 1072651
2568 27916
18972 330392
23219 425750
33126 646927
1842 14725
54723 1072791
73040 1439640
39059 769418
25685 477780
5748 83787
33916 670615
33127 646973
24857 461177
1843 14767
54722 1072743
18974 330444
32149 619918
24850 460957
28159 524762
1844 14810
54725 1072880
23630 435347
10801 154228
32148 619871
24851 461000
1845 14850
54724 1072836
2842 33846
18960 329966
49258 972443
33134 647293
24844 460684
4332 57541
1850 14897
54757 1074189
51347 1018831
74067 1457888
4071 52810
3102 38544
20547 370261
2840 33760
18962 330012
33136 647384
24846 460775
4330 57496
26743 496424
1852 14986
54755 1074100
51345 1018744
4073 52895
3103 38596
20546 370201
19050 332899
77010 1518695
2841 33804
18963 330058
33137 647430
24847 460820
1853 15031
54754 1074053
4072 52857
3104 38648
20541 369957
19057 333182
77017 1519002
18964 330102
23229 426270
33130 647111
4336 57631
1854 15076
2836 33566
25572 476006
5763 84258
75968 1496374
15427 255448
35142 689309
68654 1354875
76824 1514947
18954 329729
48551 955115
23233 426459
32068 617032
26757 496605
1864 15273
54745 1073730
46562 906763
4346 57958
15424 255348
25571 475957
5760 84125
18957 329865
48552 955157
23230 426314
46561 906716
6897 107112
4345 57913
1867 15424
54746 1073776
74076 1458242
4064 52572
3771 45752
2835 33520
13408 209266
34139 674019
2738 30960
24501 454205
6091 90737
2301 22991
6349 95960
13051 201048
76836 1515261
18946 329451
33112 646598
24862 461353
7711 118603
73844 1454203
1876 15468
22724 414668
68649 1354692
18949 329543
6889 106972
1879 15516
55043 1082677
7670 118125
6879 106737
16432 280092
73947 1455123
1889 15799
14218 227092
37011 722930
85902 1674084
57776 1144272
2044 18186
61048 1205057
6513 100977
56114 1107163
95205 1816094
84751 1655198
49051 967790
2180 21611
22733 415075
13045 201001
68638 1354340
76848 1515535
65479 1298703
18938 329232
76941 1517835
15317 252325
24894 462232
1901 15940
54769 1074745
55072 1083716
6724 103312
55070 1083611
30909 598487
6726 103408
15315 252239
1903 16017
6516 101117
56111 1107078
54489 1067241
34762 683059
2185 21704
55077 1083959
6721 103168
15312 252088
1904 16056
22736 415212
13040 200769
6517 101166
56110 1107035
54488 1067197
95201 1815891
84755 1655378
49055 967933
2184 21658
15313 252135
47747 932721
32189 621070
7701 118365
1905 16095
55076 1083903
6720 103120
22737 415264
13041 200818
6514 101025
56113 1107121
95202 1815941
84756 1655424
49056 967979
57569 1140207
34760 682973
2187 21791
23922 440015
3218 39147
59714 1176467
15310 251999
7702 118411
1906 16134
55075 1083851
6723 103264
22734 415121
13042 200861
55306 1086812
33355 653555
6515 101069
95203 1815992
84757 1655469
49057 968033
57568 1140164
34761 683017
2186 21748
4856 68992
23923 440064
59715 1176515
2818 32902
15311 252042
24892 462190
7703 118459
1907 16175
55074 1083807
6722 103216
22735 415169
13043 200907
1910 16261
15301 251949
6888 106925
1913 16300
7719 118898
1915 16343
21056 385594
87023 1681904
12458 184885
38850 765444
7308 113473
7726 119174
1922 16427
17268 298622
22435 409099
13066 201612
2337 23637
12701 190189
65725 1304534
11722 167322
31917 614972
21057 385650
87022 1681856
12459 184929
7727 119223
1923 16469
8557 134873
6375 96670
8214 129895
64108 1277405
7303 113242
87028 1682146
12453 184634
11690 166137
1929 16511
17263 298366
32820 638531
25419 473193
8751 137326
4401 58707
11416 162856
56307 1113608
2050 18365
2322 23219
31902 614547
87011 1681396
12448 184404
44511 862997
22025 402692
21042 385025
19904 350133
75397 1483444
13072 201796
47734 932466
27699 512332
7732 119406
1936 16640
32818 638443
7184 112474
5656 81638
56315 1113959
71275 1399215
3607 44750
31903 614594
87010 1681348
12449 184450
44510 862948
21043 385075
92423 1760846
51246 1018107
74126 1459371
38841 765132
19905 350173
47274 921966
13073 201844
67548 1335262
47735 932517
27698 512290
7733 119453
1937 16683
14602 233819
73151 1444449
32817 638399
8740 137137
4410 58886
13113 202993
68726 1356142
18826 326892
7653 117755
16734 285693
98329 1885766
58790 1162258
37072 725560
3608 44801
2067 18973
12446 184357
30293 584116
44131 854822
27697 512248
1938 16726
3086 38397
1940 16768
17246 297663
54023 1058886
47702 931236
19936 350441
47261 921632
87005 1681106
12472 185442
44505 862754
22031 402899
19518 345399
76904 1517158
65557 1299541
30289 583939
1944 16812
54027 1059080
47706 931440
87004 1681056
12473 185487
44504 862705
22030 402847
19519 345448
76905 1517207
65556 1299495
30288 583895
1945 16857
17243 297566
54026 1059033
30284 583713
44122 854396
45697 887422
1949 16902
73142 1443983
8731 136763
4461 60696
65804 1307251
12288 181990
13104 202714
62988 1253452
7644 117400
37043 724284
63662 1267968
21754 397986
2070 19016
6858 106393
1961 17118
54006 1058282
2205 22253
65010 1290597
10472 149737
20202 360149
3445 42594
33167 648754
24817 460045
1982 17372
30553 591872
16218 275010
65011 1290640
10473 149778
20203 360210
3444 42550
33166 648708
24816 459997
1983 17421
30552 591828
23670 435922
22079 403794
3443 42500
65016 1290771
10474 149819
20204 360271
33161 648480
26615 494580
24811 459858
1984 17465
30555 591956
65017 1290819
10475 149860
3442 42448
2269 22733
33160 648422
1985 17506
30554 591917
56347 1115283
71227 1397711
2018 17553
16804 286347
6498 100353
32024 615634
29671 567358
7699 118320
56350 1115370
71230 1397808
2025 17735
37015 723119
31211 604096
57772 1144133
2040 18044
13135 203724
73942 1454946
28119 523643
7675 118168
37014 723069
31210 604056
94273 1798579
57773 1144180
21765 398331
2041 18091
73089 1441554
32837 639231
24647 458648
4434 59847
37012 722976
31216 604176
88418 1700476
85901 1674043
57775 1144225
2047 18273
71266 1398941
2051 18413
2052 18467
8752 137376
4402 58752
11415 162808
23511 434097
56304 1113559
71264 1398892
2053 18512
27941 518503
16040 271660
70080 1372099
47118 918348
24126 445974
2339 23726
37315 731886
36792 720730
62814 1246405
34101 672990
2726 30916
56303 1113510
71263 1398840
2054 18555
47119 918394
24127 446019
16041 271706
70081 1372147
2338 23681
56302 1113461
2055 18598
56301 1113413
71261 1398791
2056 18640
20559 370806
14605 233955
41669 812986
73156 1444709
32810 638134
4417 59229
37075 725713
2060 18738
14604 233910
40803 799466
73157 1444761
32811 638178
4416 59183
37074 725663
2061 18789
14607 234047
73154 1444605
32812 638222
4415 59123
18823 326742
23919 439869
22545 411368
13116 203125
68723 1356017
7656 117798
16731 285558
37077 725812
63674 1268308
58795 1162449
21746 397789
2062 18834
3084 38351
20643 373910
40807 799551
73153 1444553
32815 638310
8742 137225
7189 112556
4412 58979
37070 725460
63673 1268254
58792 1162302
56318 1114095
21741 397689
2065 18878
14603 233864
73150 1444397
32816 638355
8741 137181
4411 58933
5658 81731
22989 419832
13112 202948
68727 1356191
18827 326942
7652 117712
16735 285737
37073 725613
63670 1268193
21742 397738
3609 44846
2066 18927
3087 38445
20640 373861
13484 211682
29838 571133
6365 96390
73143 1444034
32801 637740
8730 136718
4460 60652
7645 117440
37042 724232
63663 1268012
21755 398036
2071 19064
73140 1443879
32802 637784
8733 136859
4463 60792
5648 81250
7646 117484
16444 280564
37041 724180
63660 1267914
56329 1114546
71249 1398414
21756 398085
2072 19114
4441 59978
22511 410505
13164 204906
68773 1357923
56725 1125659
33247 650679
7624 116903
31649 610247
73931 1454676
21734 397501
2090 19204
40831 800256
73165 1445073
4442 60029
13167 205043
68770 1357838
56726 1125709
7627 116990
6404 97451
73932 1454719
21737 397550
2093 19249
2110 19378
77096 1522458
29002 548476
79124 1572071
72428 1424606
18046 313907
2111 19421
77095 1522414
29001 548430
18045 313859
2112 19464
18044 313811
2113 19507
18041 313660
2116 19635
18040 313612
2117 19678
58627 1158498
59480 1173488
37145 727878
2118 19720
58626 1158451
37144 727830
2119 19763
32507 629237
4764 67647
23651 435399
3466 43331
10455 149045
63783 1270241
18059 314331
57476 1138628
2120 19807
3467 43386
88433 1700882
86332 1677958
31558 608381
10454 149004
20224 361369
63782 1270192
32506 629189
4765 67690
18058 314285
94177 1796553
57477 1138670
36142 708970
2121 19860
10457 149127
20227 361491
63781 1270139
3464 43244
32505 629141
4766 67735
57474 1138539
36141 708919
2122 19907
10456 149086
20226 361430
63780 1270093
3465 43290
57475 1138584
36140 708868
2123 19954
33975 672477
6069 89745
28522 536738
10451 148882
20221 361186
63787 1270385
3462 43199
32503 629045
4760 67451
37153 728220
94172 1796476
57472 1138453
2124 19997
58634 1158691
37152 728172
57473 1138498
2125 20051
37151 728127
57470 1138366
2126 20098
10452 148923
20222 361247
63784 1270286
3461 43156
93202 1773774
32409 626854
4763 67600
58636 1158743
37150 728072
57471 1138409
2127 20143
57467 1138239
2135 20510
2136 20555
66534 1316466
18063 314471
2138 20645
17985 312476
66535 1316510
18062 314426
2139 20692
37213 729948
2149 21074
12050 174293
2151 21164
19523 345583
10159 145720
16225 275297
4578 63283
2169 21436
20606 372387
27379 505533
4543 62195
28738 545096
37165 728413
94122 1794192
57422 1136797
2170 21479
94124 1794346
88529 1701840
57424 1136838
36177 709021
2176 21565
85671 1671696
2188 21842
63851 1271563
94066 1792274
84759 1655565
57566 1140077
55308 1086905
6232 93627
21875 401706
11223 160026
16244 275953
43156 833495
68436 1350901
5853 86319
5036 73002
40121 788151
37246 731147
2190 21936
12067 175144
55310 1086998
6226 93492
33603 661036
15139 247774
29217 554111
65774 1306382
11751 168338
2362 24615
29082 550860
5037 73048
59535 1174469
12066 175094
2191 21987
5863 86689
27609 510864
11213 159589
60507 1194435
5030 72723
37240 730908
2196 22038
59532 1174428
12061 174831
36024 705007
34758 682884
2199 22081
22060 403649
2217 22513
12405 182745
19934 350392
47263 921679
87007 1681198
12470 185355
44507 862851
22033 402996
2222 22556
2238 22599
2241 22647
62083 1229352
2266 22690
12434 183886
4668 65478
19941 350613
2297 22905
4667 65433
2298 22948
99663 1915881
11937 171036
10570 152375
2540 27187
24502 454260
6092 90788
33623 661991
16059 272357
2302 23035
27094 499662
24503 454316
6093 90839
33622 661943
29319 555419
16058 272308
2303 23081
6094 90890
26003 483996
24504 454371
2304 23127
24505 454426
6095 90947
2305 23173
11714 166946
2327 23358
33637 662464
27948 518792
16049 271890
29223 554390
53785 1054320
54212 1062221
47111 918069
65722 1304388
11725 167429
2330 23407
29222 554344
53784 1054278
54213 1062266
47110 918024
27949 518843
16048 271837
65723 1304438
11724 167373
2331 23451
65720 1304295
11727 167519
2332 23496
65721 1304343
11726 167473
2333 23541
27938 518411
7206 113060
14280 228182
73553 1449091
4092 53602
11777 169433
48919 965118
2340 23770
19733 348541
44645 864906
10709 154127
27939 518457
7207 113108
73552 1449043
4093 53650
22172 405222
2341 23815
11776 169373
48918 965074
19732 348492
44644 864861
10708 154075
32579 631502
7205 113017
73550 1448953
4091 53551
2343 23859
7203 112931
73556 1449223
4097 53831
11772 169236
2345 23952
73555 1449178
4094 53690
11771 169190
2346 23996
62078 1229125
7201 112843
73554 1449136
4095 53738
11770 169141
2347 24043
62079 1229171
10701 153722
61415 1212889
2348 24090
62076 1229031
2349 24137
62077 1229078
27928 518098
73521 1447833
4086 53378
22101 404022
2350 24185
27929 518147
73520 1447785
4087 53424
2351 24233
22107 404205
2356 24329
11753 168432
2360 24524
22156 404977
2361 24569
65777 1306477
11752 168381
22153 404929
2364 24661
59829 1179223
65772 1306297
11757 168618
22151 404831
2366 24705
65770 1306200
11755 168524
19711 347826
6469 99236
22150 404782
2367 24755
65771 1306249
11754 168476
19710 347775
6468 99191
6467 99145
45385 881914
33609 661323
15133 247515
23150 424325
2368 24801
51062 1016938
38665 761473
19721 348248
6459 99004
23148 424214
22161 405173
2370 24846
2375 24892
6450 98762
88542 1702356
49112 970243
23141 424072
2379 24941
38333 753212
8332 132305
24581 456786
6011 87605
14241 227679
2381 24995
2420 25095
23970 441406
2421 25143
2445 25191
97711 1871176
12257 181861
11040 158231
62954 1252109
97639 1870711
95835 1835531
58335 1151651
2446 25237
2447 25282
12255 181775
5486 80249
2906 35839
13450 210484
2458 25664
5487 80297
2907 35889
2459 25709
3287 41670
2460 25761
2461 25810
99114 1902849
97736 1871686
84329 1648964
49429 977047
3285 41627
2462 25865
23889 439296
2464 25922
23888 439251
3282 41533
2465 25979
3281 41486
2466 26029
2769 31880
33194 649941
6754 103697
3280 41438
2467 26077
2768 31829
47660 930953
33195 649987
6755 103751
37354 733531
2767 31785
59602 1174928
7799 120587
39701 781982
52135 1026777
4992 72558
84323 1648702
49423 976776
23885 439152
2468 26129
97721 1871315
12227 180700
49458 978134
2475 26315
4986 72387
99102 1902451
49455 977995
2478 26467
4987 72431
99103 1902495
49454 977949
2479 26513
2482 26612
20853 381151
99671 1916331
97013 1853795
12582 189514
10504 150058
20194 359862
4675 65772
97408 1865064
18320 318097
2534 26898
13776 218446
43940 848861
93940 1789981
29426 558723
25776 479822
54457 1065999
6351 96053
2539 27143
44870 870033
10509 150264
3576 43770
4653 64995
19958 351189
99734 1919397
10562 152218
84079 1643673
83676 1635972
49779 985906
2552 27385
13435 210082
25711 478600
54470 1066491
8518 133849
4652 64950
2553 27428
4655 65089
2554 27481
3908 50182
13433 210035
4657 65139
67119 1327489
99730 1919142
10566 152268
2556 27529
13431 209990
2557 27582
93960 1790371
39366 776503
52044 1025232
6331 95526
37690 738136
2559 27669
3905 50046
74192 1460719
4658 65189
19953 351022
38953 768100
4642 64565
10551 152003
2561 27717
11120 159011
62694 1244185
2562 27765
38951 768008
4640 64521
11558 165043
10553 152111
2857 33948
62695 1244231
2563 27819
2564 27867
41727 813455
47923 935952
39041 768898
5772 84618
94206 1796863
57706 1142345
3781 46020
38947 767813
4630 64274
11960 171977
10974 156509
10541 151550
2571 27963
13733 217050
62683 1243772
41722 813333
47926 936091
39044 769026
5777 84855
94203 1796707
57703 1142294
26228 487522
3784 46112
4338 57675
4635 64417
85379 1667665
11965 172214
2574 28008
13736 217140
41723 813373
39045 769071
5776 84804
57702 1142242
26229 487571
3785 46160
38943 767625
4634 64372
85378 1667617
11964 172163
10970 156418
10545 151695
2940 36586
2575 28061
13737 217184
38940 767533
4637 64464
12548 188374
11967 172273
10973 156463
10546 151744
3108 38799
2576 28108
13734 217098
62684 1243821
37724 739100
3862 48740
2601 28205
10060 143378
3875 49311
61477 1215290
2630 28252
62869 1248719
21890 401751
3874 49263
61476 1215247
2631 28302
62868 1248676
2719 30595
58523 1156361
2632 28350
2718 30546
2633 28401
3871 49120
61473 1215105
34637 680293
2634 28448
10065 143425
60686 1200021
3870 49077
61472 1215069
34636 680245
2635 28499
3872 49169
61470 1214971
98481 1890337
87328 1687013
44628 864263
2637 28545
20738 377122
2713 30362
58529 1156499
2638 28594
20737 377067
62861 1248345
58460 1154724
2712 30317
58528 1156451
2639 28640
20736 377023
62860 1248298
58461 1154767
5828 85364
10011 141782
3822 47018
61424 1213305
56570 1121544
25275 470251
40216 790114
46012 894007
7079 111124
23398 430044
2641 28691
20690 375291
3076 38157
2642 28741
20693 375395
63869 1272080
10012 141829
56573 1121691
71853 1409974
3821 46974
61427 1213444
85648 1671278
36062 706440
2643 28788
20692 375344
63868 1272030
3077 38205
10013 141876
56572 1121636
71852 1409928
3820 46930
61426 1213399
36065 706535
2644 28839
20695 375439
3070 38002
56575 1121781
71855 1410067
37769 740387
3827 47255
61421 1213171
10014 141923
36064 706485
2645 28889
3071 38054
56574 1121738
71854 1410022
3826 47202
61420 1213118
94038 1791582
57538 1139367
36067 706632
2646 28936
20697 375489
56577 1121876
71857 1410111
21849 400832
3825 47153
61423 1213262
10016 141970
36066 706586
2647 28988
3073 38107
10017 142017
3824 47108
61422 1213215
56576 1121826
43106 831735
68466 1352106
5821 85043
56579 1121964
71859 1410199
37765 740289
11251 160984
10018 142064
63052 1255808
27261 502658
7070 110706
85643 1671094
36069 706727
2648 29039
63863 1271890
57536 1139279
43107 831785
68467 1352146
5820 85000
56578 1121920
71858 1410155
37764 740247
10019 142111
63053 1255856
27260 502610
7071 110752
36068 706680
2649 29093
63862 1271841
94037 1791534
57537 1139323
12811 193451
48870 963316
72776 1434284
25264 469945
46065 895661
24050 443611
7068 110620
56547 1120701
37753 739881
3855 48407
94022 1791068
57522 1138930
36057 706344
2650 29140
3064 37955
58501 1155935
85634 1670721
2659 29443
7850 122017
3054 37610
57552 1139727
58438 1154057
2660 29496
3055 37661
57553 1139772
58439 1154102
2661 29548
37398 735192
36003 704412
2662 29601
3057 37710
57551 1139682
2663 29654
10033 142767
71832 1409236
3804 46357
3052 37509
2666 29763
97103 1856652
12492 186181
48846 962354
20268 362893
56517 1119529
71837 1409462
21865 401368
3801 46207
10036 142908
57555 1139820
36006 704502
2667 29808
3053 37559
58431 1153922
36008 704551
2669 29911
85655 1671507
2670 29963
63875 1272275
58428 1153791
2673 30122
20680 374894
63876 1272318
2714 30406
2715 30452
20731 376803
62867 1248628
58466 1154905
2717 30496
20733 376918
62865 1248534
58464 1154861
37313 731794
20704 375662
62812 1246365
34107 673251
2720 30641
37312 731747
20705 375718
34106 673208
2721 30686
37311 731701
20706 375774
62810 1246270
34105 673164
2722 30733
37310 731653
20707 375826
62811 1246320
34104 673120
2723 30779
37317 731980
36790 720685
62816 1246497
34103 673076
2724 30826
37316 731936
20701 375555
62817 1246542
34102 673033
2725 30872
34138 673971
2739 31004
6090 90689
34668 680824
2740 31054
36775 720367
34669 680871
2741 31102
10268 147357
2889 35194
36776 720409
2742 31150
53563 1051786
33738 665007
8037 126316
6611 102362
15262 250950
33051 644851
7410 113891
85757 1673959
12160 178282
63937 1273006
77473 1532124
82327 1619340
5401 77722
79534 1578350
19477 344257
72838 1435136
10269 147404
2888 35153
2743 31198
2744 31243
2745 31291
37379 734535
62838 1247433
2746 31339
37378 734492
36773 720323
62839 1247477
2747 31385
8405 133306
4975 71974
99171 1905138
86508 1680308
84304 1647824
49404 976008
23866 438429
2883 34978
37377 734438
34660 680692
62836 1247344
2748 31437
37353 733484
2760 31489
99118 1903039
84325 1648791
49425 976864
23883 439069
3289 41715
37352 733440
2761 31541
59604 1174980
37351 733390
2762 31593
37350 733335
2763 31640
37357 733673
2764 31692
59601 1174875
33199 650169
39702 782028
6759 103941
37355 733580
2766 31742
53550 1051260
33729 664567
7508 115868
15277 251450
33022 643754
7401 113707
33303 651337
60196 1189892
89027 1705654
44446 861504
21111 386916
79914 1584231
77440 1530691
5472 79708
84334 1649202
49434 977178
3298 41912
37365 733987
49287 973578
2770 31925
15276 251400
33023 643801
53551 1051300
7509 115912
12170 178683
33302 651284
21239 390257
60197 1189937
89026 1705613
31784 612675
79915 1584274
77441 1530737
5473 79754
84335 1649252
49435 977223
23897 439530
3299 41955
2898 35545
37364 733940
49286 973532
2771 31972
72820 1434515
39289 774478
29565 562864
4962 71414
28395 532837
10213 146939
3291 41811
2779 32060
93263 1775969
25235 469282
40256 791300
4742 66908
2780 32104
65052 1291910
20240 362100
40255 791251
4741 66853
3036 36827
2783 32147
2791 32235
6078 90181
28555 537987
65062 1292220
20230 361674
40243 790955
32516 629573
4757 67357
14228 227511
39080 770040
25540 475253
8608 135452
5733 83078
56072 1106047
26264 488251
3740 44897
3227 39520
59028 1164280
2804 32379
3225 39417
2806 32426
59024 1164098
2808 32525
48387 951598
4843 68550
23950 440775
59025 1164147
2809 32573
48386 951551
59036 1164666
2812 32617
3215 39004
59719 1176702
59030 1164376
2814 32716
4858 69034
3217 39103
59032 1164469
2816 32814
36373 712285
3766 45575
32193 621201
4352 58239
99693 1917559
85353 1666568
11947 171375
99778 1921797
20136 357622
38964 768580
4617 63789
2822 32949
13479 211485
99692 1917496
85352 1666527
11946 171325
20137 357674
38965 768623
4616 63744
2823 32994
13478 211442
99695 1917682
85355 1666663
11941 171183
45218 875832
20130 357386
38962 768481
4611 63562
2824 33044
2825 33094
30223 581995
45634 885259
73738 1452521
4239 55661
54135 1060346
30609 593412
20132 357476
38960 768385
4613 63649
2826 33140
38961 768432
4612 63606
30608 593369
85356 1666710
11942 171229
30222 581944
15281 251600
73739 1452566
4238 55619
2827 33188
73736 1452433
4237 55576
2828 33228
13473 211255
44814 868059
99773 1921487
30606 593285
10950 155761
85358 1666796
45215 875685
26546 493255
73737 1452478
4236 55528
2829 33278
13472 211208
4623 63934
97049 1855347
11973 172558
45204 875195
11102 158737
2838 33662
4622 63883
97048 1855300
11972 172514
45205 875244
11103 158781
2839 33710
13404 209127
62794 1245903
99641 1914715
97063 1855874
89158 1709907
85381 1667759
12969 198885
38954 768145
4645 64708
2852 33893
62690 1244002
2858 34002
2859 34049
2860 34096
13752 217833
5679 82668
2865 34345
13757 218067
2871 34392
48314 949209
2873 34490
48316 949303
2874 34538
48311 949050
11576 165659
62242 1231612
97004 1853391
89133 1708768
12942 197882
5669 82184
2875 34590
48310 948997
2876 34637
48313 949156
2877 34689
48312 949103
41631 812169
39193 773143
27305 503704
5664 81970
35603 697790
2878 34735
33731 664677
73627 1450251
7419 114074
65686 1303470
12169 178631
31795 613073
21202 388393
60164 1188608
5408 78081
5501 80684
10260 147216
2881 34878
8404 133255
4974 71930
99170 1905092
84305 1647875
49405 976057
23867 438475
2882 34926
8403 133209
4973 71887
23860 438376
61938 1225901
84302 1647771
49402 975923
2885 35028
4970 71745
2886 35071
8401 133109
4971 71791
39595 780577
19478 344310
72837 1435096
74633 1466740
2887 35112
72821 1434556
39288 774437
29564 562817
4963 71468
28394 532797
10212 146893
2891 35235
3290 41762
46227 900183
33029 644088
25093 466385
7503 115643
33308 651602
21233 389998
67734 1338691
5479 80001
10211 146846
2892 35283
3293 41866
46226 900134
33028 644036
7502 115598
67735 1338732
5478 79952
72823 1434600
29566 562906
4961 71364
28396 532882
2893 35336
4966 71604
28391 532660
2894 35382
29560 562723
4967 71650
28390 532609
2895 35439
72826 1434686
29563 562771
4964 71513
28393 532753
23899 439617
2896 35489
5483 80152
85254 1662916
30629 593905
10933 155581
63474 1265096
45236 876662
23702 436336
73758 1453197
4219 54908
2903 35691
13455 210638
2904 35739
13452 210528
5485 80196
2905 35789
5490 80438
45243 877000
26576 493986
85261 1663266
10920 155010
63441 1263813
7827 121081
45162 874522
2910 36039
13442 210403
5491 80494
85260 1663216
10921 155056
63440 1263772
7826 121036
37625 736875
2911 36087
5492 80540
85263 1663365
30634 594100
10922 155100
63443 1263903
45241 876902
26574 493895
53268 1048675
7825 120990
45160 874474
2912 36143
13440 210321
5494 80588
45247 877195
26572 493847
10924 155202
63445 1263949
7823 120945
45166 874623
14010 221749
73761 1453326
37620 736783
2914 36193
5495 80635
85264 1663414
30633 594050
10925 155245
7822 120902
45167 874670
14011 221797
73760 1453286
37621 736829
2915 36248
2916 36297
62448 1237749
2917 36344
62449 1237792
2918 36394
62446 1237658
2919 36444
62447 1237704
2920 36490
20904 383004
2921 36538
20905 383058
31820 613848
10911 154579
63452 1264211
87115 1684503
44415 860286
3597 44424
17110 295388
21160 388143
33758 665531
8053 126934
7470 115338
93267 1776105
25231 469189
24184 447721
40252 791153
4746 67113
3031 36635
65050 1291825
20242 362222
93262 1775911
25234 469233
40257 791349
4743 66961
3034 36781
30510 590187
6838 105926
65053 1291957
20241 362161
4740 66808
44258 857680
3037 36873
3038 36922
6006 87515
28541 537462
15853 267968
46808 911511
25601 476097
37382 734681
63879 1272457
58424 1153647
3040 36966
85658 1671553
37383 734729
63878 1272407
58425 1153695
3041 37017
12481 185713
20277 363015
3830 47307
61432 1213623
57548 1139635
58426 1153743
37380 734584
3042 37067
62056 1228371
12482 185756
18619 323845
37779 740763
3833 47407
61431 1213576
56915 1127121
37381 734635
3043 37113
12483 185804
18618 323795
37778 740718
3832 47358
61430 1213527
3044 37165
62050 1228142
12484 185852
48858 962903
10028 142533
3835 47453
61437 1213835
58421 1153515
37387 734876
3045 37211
58422 1153562
37384 734775
36079 706953
20689 375244
3046 37262
62052 1228234
12486 185949
20270 362954
3837 47546
61435 1213751
56569 1121502
58423 1153604
37385 734825
36078 706908
20688 375198
3047 37310
62053 1228282
12487 185993
3836 47502
61434 1213710
56568 1121457
3051 37462
12491 186133
48845 962307
13856 220875
56514 1119387
71834 1409324
21866 401414
3802 46257
10035 142861
85639 1670961
36053 706254
3060 37763
58505 1156126
56543 1120529
37757 740058
3851 48213
10004 141455
5819 84946
50217 998516
56541 1120446
71861 1410290
37755 739967
3853 48309
10006 141549
63048 1255605
36051 706161
3062 37859
58507 1156222
3082 38297
31139 603257
20645 373957
25699 478086
54426 1064838
6360 96343
3105 38700
20540 369896
81251 1612097
19056 333137
77016 1518958
3106 38752
20543 370079
78612 1558720
38119 748699
67205 1328871
81252 1612143
19055 333092
42402 823692
77015 1518914
3109 38851
52156 1027347
29914 572593
4849 68672
3220 39193
39081 770087
25541 475298
8609 135495
5732 83033
36314 711134
56073 1106096
3741 44938
3226 39470
3229 39572
3233 39718
3246 40223
49463 978320
3247 40267
3251 40354
53942 1056897
33760 665628
15236 249951
25051 465348
12138 177382
3589 44193
17128 295959
21158 388095
17061 293306
20144 358015
3252 40398
20914 383490
3253 40443
20915 383544
3254 40488
20912 383381
19408 342233
72865 1435950
53176 1046119
3255 40539
20913 383433
53177 1046167
19409 342284
3256 40585
20910 383273
3257 40633
20911 383327
3260 40778
3261 40829
21678 396320
6183 93401
56276 1112473
71356 1401535
3262 40877
6180 93355
71355 1401484
3263 40929
3268 41063
99139 1903882
12211 180314
4985 72339
99101 1902408
12229 180786
49456 978038
3272 41158
4984 72295
12228 180743
49457 978086
3273 41210
4982 72206
49451 977811
3275 41261
4981 72156
99105 1902585
49452 977857
3276 41307
99115 1902895
97737 1871734
84328 1648921
49428 977003
3284 41579
36756 719817
48267 948207
3303 42090
20849 380954
3431 42268
20254 362527
3435 42311
20250 362405
48951 965425
3440 42354
12439 184087
20207 360393
3441 42402
12438 184035
65014 1290726
20206 360332
65013 1290684
10471 149696
20201 360088
3446 42640
10470 149658
3447 42685
3448 42733
12431 183753
3449 42777
12430 183702
23601 434668
3450 42826
3451 42875
23603 434791
3452 42921
12409 182877
23604 434853
3455 42966
23607 435038
3456 43015
23606 434976
3457 43059
6062 89402
28529 537048
47997 938596
25669 477483
32126 618907
30410 587719
6813 105363
28136 524252
3469 43494
31556 608290
93942 1790029
29424 558622
25774 479728
54455 1065906
6353 96104
3574 43677
3575 43723
85207 1661795
31815 613752
20149 358198
3584 44023
17125 295817
21155 387948
8042 126513
14030 222278
15239 250101
85722 1672619
12137 177326
63942 1273225
59903 1180980
87108 1684134
44408 860041
45263 877734
3586 44109
17127 295911
21157 388046
53943 1056942
33761 665677
15237 250001
47003 916371
12139 177433
89067 1706862
87106 1684029
85302 1664500
44406 859994
3588 44156
17129 296007
17060 293255
85277 1663811
31825 614087
10914 154723
20171 359015
63457 1264388
87110 1684239
44410 860092
3592 44292
8056 127080
31824 614043
10915 154774
20170 358970
63456 1264341
87111 1684292
44411 860139
3593 44335
8057 127129
46383 904166
7474 115380
14608 234092
25402 472790
5653 81492
98323 1885480
59401 1170870
37078 725863
56310 1113739
71270 1399083
21749 397889
3602 44563
14609 234138
25403 472840
5652 81450
37079 725917
56311 1113780
3603 44608
25404 472890
5655 81592
56316 1114004
57481 1138754
71276 1399261
3604 44657
40808 799594
41663 812860
25405 472940
5654 81540
56317 1114049
71277 1399314
3605 44704
3748 45123
21005 383860
5302 76585
5303 76633
3749 45166
41772 814275
39090 770373
25550 475468
5701 82858
58734 1160491
31296 604413
3750 45217
58735 1160534
31297 604453
3751 45258
58736 1160577
31294 604334
16859 288060
3752 45309
42378 823643
5702 82902
58737 1160620
31295 604374
16858 288009
3753 45353
12239 181216
49204 970965
21659 395454
3756 45485
47903 935371
25565 475778
4489 61542
36370 712198
26241 487844
3765 45529
32190 621114
4351 58193
56382 1116628
3768 45619
58704 1159732
16841 287353
25569 475874
4485 61392
75977 1496700
3769 45659
58705 1159777
16840 287305
4495 61784
5768 84481
75963 1496172
57714 1142447
3779 45934
47922 935910
39040 768857
5773 84666
3780 45979
3782 46068
3809 46407
44192 855900
56502 1119253
71822 1408912
3810 46448
44193 855948
71823 1408962
3811 46494
44190 855804
71820 1408862
3812 46541
44191 855852
56501 1119203
3813 46585
71826 1409056
3814 46635
44197 856092
71827 1409102
3815 46686
44194 855996
46408 904811
3816 46741
44195 856044
46409 904850
71825 1409009
3817 46795
46406 904734
3818 46840
46407 904773
3819 46883
5829 85411
67867 1340963
10010 141735
56571 1121586
71851 1409876
3823 47062
61425 1213353
40217 790164
46013 894053
24040 443455
7078 111078
3840 47691
61402 1212633
3841 47740
3842 47788
3843 47835
61401 1212589
98496 1890469
44659 865420
11768 169049
3844 47882
11769 169096
3845 47935
10710 154179
3846 47981
3847 48024
11764 168857
44652 865182
3848 48070
16563 281581
45066 872465
11765 168907
44653 865230
3849 48118
46068 895752
27252 502386
7065 110493
14856 241121
3858 48553
46069 895800
27253 502432
7064 110442
14857 241165
25268 470126
3859 48598
37727 739249
3861 48700
30599 593025
60693 1200273
37721 738966
3867 48933
61469 1214924
3873 49216
61471 1215022
44629 864308
30580 592787
87322 1686775
44622 864020
3878 49358
37709 738553
3883 49454
61441 1214025
61874 1224691
62426 1236875
3884 49504
61873 1224639
62421 1236647
4268 56639
39745 782673
3885 49552
61447 1214157
61872 1224592
62420 1236606
3886 49600
61871 1224547
62423 1236738
3887 49644
61870 1224497
62422 1236695
98467 1890239
57237 1132242
3890 49687
3894 49736
61452 1214380
57233 1132056
39362 776319
28816 548069
24485 454058
52040 1025046
6335 95718
37694 738269
84076 1643584
49776 985803
3901 49880
84075 1643539
49775 985750
3902 49920
13439 210267
39361 776272
28815 548021
24486 454108
52043 1025187
8514 133749
6336 95769
84074 1643495
49774 985703
3903 49966
13438 210224
39360 776228
28814 547973
24487 454157
52042 1025142
8515 133797
39365 776461
29449 559559
25719 478976
24482 453918
52047 1025366
8510 133599
6332 95572
3906 50093
4654 65043
3909 50229
84001 1640321
49701 983057
3910 50267
93953 1790224
29439 559211
8502 133453
3911 50310
15443 256156
47970 937552
32839 639275
24649 458697
6045 88910
75801 1493074
14215 226966
32422 627216
4003 50434
6042 88819
15444 256199
47977 937741
72227 1420453
73080 1441284
20303 363259
14212 226840
32425 627351
4004 50487
6043 88867
15445 256242
14213 226882
32424 627303
4005 50530
6040 88723
15446 256287
47975 937692
72225 1420404
73082 1441329
37019 723264
60305 1190464
20301 363198
14210 226756
32427 627442
4006 50573
32832 639012
4431 59799
75903 1494702
15448 256380
31639 609933
16434 280189
32003 615253
7676 118212
13136 203768
4008 50664
33946 671457
6052 89055
28537 537279
14619 234597
15450 256485
15865 268299
26720 496189
6801 105084
14202 226423
4010 50760
33947 671504
6053 89104
14618 234551
15451 256531
15864 268248
73095 1441734
25676 477696
37068 725362
94269 1798475
88422 1700613
57769 1144039
23667 435766
20370 363930
14203 226464
4011 50806
33945 671415
6051 89006
15866 268349
73097 1441823
25674 477654
23665 435664
21779 398931
20372 363991
14201 226381
72645 1430657
4013 50855
23662 435506
20375 364193
14206 226589
72642 1430568
4014 50908
6057 89153
28532 537190
15455 256624
15860 268102
47988 938159
25672 477611
6804 105129
23663 435560
20374 364122
14207 226631
4015 50955
32118 618503
6807 105176
28108 523272
26726 496285
14204 226506
72640 1430484
4016 50999
13123 203447
33280 651047
32117 618452
7663 118034
28107 523226
31606 609198
4019 51103
33147 647906
6853 106163
26710 495905
54702 1072549
6787 104630
72636 1430346
74032 1456590
4020 51155
33146 647860
24836 460552
6852 106117
26711 495953
54703 1072600
6786 104580
74033 1456633
4021 51196
18991 330725
33145 647814
6851 106071
6785 104531
72634 1430257
74030 1456503
4022 51253
33143 647722
6857 106347
54009 1058372
6783 104438
26714 496005
66109 1311485
72632 1430163
74036 1456762
4024 51296
33140 647574
24830 460416
6854 106209
26717 496094
72631 1430112
74035 1456720
4027 51348
66104 1311333
4029 51440
32433 627682
4030 51486
15473 257385
47966 937357
24639 458468
4428 59653
32430 627540
4033 51581
32437 627835
4034 51628
21791 399381
16829 286820
32434 627735
29148 552421
4037 51675
15479 257667
40855 800607
4422 59456
31204 603817
16827 286726
57741 1143108
20318 363564
29146 552320
4039 51764
47933 936326
5744 83604
38878 766505
4040 51808
15401 254728
41736 813630
47932 936278
39054 769247
25688 477866
5745 83648
38879 766550
4041 51856
41735 813587
39057 769331
5746 83696
33918 670709
75475 1486259
75840 1493532
4042 51897
47930 936228
72260 1420551
39056 769288
5747 83741
33919 670759
75474 1486217
72619 1429796
4043 51944
41731 813539
5742 83504
51338 1018516
74018 1456052
4046 51987
5743 83557
79311 1573950
74019 1456097
4047 52034
38870 766172
66626 1318280
75086 1475702
74016 1455962
4048 52079
10803 154336
38871 766217
75087 1475744
40366 794133
72613 1429616
74017 1456006
4049 52121
26238 487802
10802 154282
38868 766086
4739 66762
75092 1475969
81077 1608827
40391 794724
74002 1455386
4050 52163
18980 330638
32157 619966
6840 105977
28147 524580
26761 496651
54733 1073236
30568 592470
26206 487054
20330 363686
31527 607343
38869 766126
4738 66713
75093 1476014
81076 1608778
40390 794677
74003 1455431
4051 52213
47941 936432
72211 1419914
73058 1440386
5750 83831
74006 1455588
4054 52253
15415 254957
47940 936381
72210 1419866
73059 1440430
5751 83876
55187 1086494
33158 648376
24828 460328
54737 1073405
6798 105036
4055 52292
74004 1455483
4056 52338
33909 670307
75851 1493890
15417 255051
47942 936478
72212 1419963
5753 83923
74005 1455535
4057 52380
15428 255497
41713 813156
4491 61640
4068 52674
70821 1390575
32067 616986
4349 58097
4490 61591
75966 1496331
15429 255541
41712 813117
4069 52716
70820 1390510
32066 616944
30499 589857
4348 58051
14781 238650
15434 255780
47929 936184
73070 1440885
5778 84904
51342 1018648
74062 1457756
4074 52936
51340 1018557
74060 1457669
4076 52987
79369 1575536
51341 1018600
74061 1457709
4077 53030
15438 255966
41721 813290
47925 936048
39047 769159
5774 84714
4078 53079
15439 256016
47924 935997
39046 769115
5775 84756
4079 53133
4082 53182
11789 169904
73523 1447918
4084 53279
73522 1447876
4085 53327
32560 630783
27926 518006
4787 68460
4088 53467
11783 169677
32578 631454
7204 112971
73551 1448996
4090 53512
11775 169327
10703 153820
61417 1212977
32570 631268
27932 518245
73559 1449361
4098 53884
31309 604815
6147 92804
70791 1389171
55732 1097243
73185 1445543
17859 308983
32322 624774
4101 53932
7962 124266
31712 610896
45346 880438
26411 491073
94537 1802078
57037 1128836
30751 596811
6910 107485
6144 92666
70792 1389232
28609 539643
20403 365087
14174 226333
72538 1427851
32321 624729
4102 53980
7961 124215
31711 610847
45345 880386
26412 491123
94534 1801937
57034 1128702
30752 596854
6913 107626
28701 543440
55730 1097152
6145 92712
28608 539600
23119 423406
20402 365026
72539 1427892
32320 624678
4103 54028
7960 124169
94535 1801984
57035 1128746
30753 596896
6912 107579
6142 92574
22199 405767
20405 365209
32327 624976
4104 54076
54208 1062049
14172 226238
47129 918733
28707 543624
55736 1097423
6143 92620
31716 610981
45342 880238
26415 491166
94533 1801890
57033 1128654
30755 596941
6914 107673
20404 365148
32326 624926
4105 54124
54209 1062091
14173 226282
28704 543530
55735 1097379
6140 92482
20407 365331
14170 226141
4106 54171
28705 543574
55734 1097334
6141 92528
20406 365270
14171 226186
32324 624876
4107 54225
23112 423102
22195 405712
20409 365453
46290 901894
47125 918636
72532 1427622
4108 54279
54204 1061916
23113 423154
22194 405657
20408 365392
46291 901945
47124 918590
72533 1427670
4109 54330
54205 1061959
31318 605144
6152 92942
70780 1388716
28679 542606
28716 544065
55741 1097518
20433 366732
32351 625896
4110 54378
28714 543973
39107 770677
6150 92850
70782 1388764
31763 611932
94520 1801275
57020 1128107
30742 596606
6921 107767
23005 420081
20431 366671
32353 625984
4112 54436
38236 751359
8862 139840
39529 779168
28710 543775
55747 1097755
6154 93034
70786 1388968
23108 422900
20435 366850
23001 419886
72528 1427438
32357 626119
4116 54484
71748 1408055
23804 436850
60957 1202879
10280 147920
63156 1259691
6120 91901
71029 1392761
79058 1569768
14110 224756
32305 624033
4122 54538
7945 124034
39217 773877
8857 139652
4912 69572
71749 1408096
23805 436908
60956 1202833
10281 147967
63157 1259749
79059 1569814
14111 224803
73642 1450534
32304 623987
4123 54586
39210 773619
8850 139401
4915 69616
10286 148107
60519 1194897
63150 1259524
6126 91992
72048 1414645
73645 1450628
32303 623941
4124 54634
28023 520779
53274 1048724
4210 54682
73750 1452925
32212 621864
4211 54729
28025 520874
14008 221660
73757 1453155
4216 54823
14009 221706
73756 1453109
32214 621910
4217 54866
28024 520824
73747 1452840
32201 621340
4220 54955
45144 873862
28031 521010
73746 1452797
4221 55000
32203 621436
4222 55042
45146 873908
28033 521107
31412 606267
45226 876223
99788 1922230
85248 1662615
10949 155718
60201 1190035
63468 1264869
44805 867836
73744 1452751
32202 621388
4223 55090
45147 873958
28032 521061
73743 1452703
32205 621531
4224 55140
54128 1060163
45140 873767
28035 521193
31414 606313
45220 875929
26555 493396
10598 153235
20108 356523
73742 1452653
32204 621483
4225 55184
54129 1060207
28034 521150
11958 171888
45223 876076
73741 1452609
32207 621626
4226 55228
30238 582404
45142 873814
28037 521287
4609 63515
31416 606405
11959 171933
45222 876027
32206 621578
4227 55276
28036 521238
31419 606497
11956 171795
99783 1922020
10595 153084
20105 356427
63463 1264646
38917 766909
4606 63422
32209 621722
4228 55327
54124 1059977
28039 521374
30236 582311
99775 1921608
10956 155944
15289 251800
73731 1452252
4230 55383
73730 1452204
4231 55435
44816 868155
99771 1921385
30604 593199
10952 155804
45217 875783
26544 493207
73735 1452386
4234 55479
54138 1060485
28091 522712
14052 223043
4240 55701
85605 1669411
35044 686485
63825 1270706
12159 178233
23357 429703
7860 122333
28090 522664
7428 114348
4241 55751
35045 686537
63824 1270662
12158 178189
48430 952691
23356 429650
28092 522758
14051 222996
15218 249055
4243 55800
8074 127902
15229 249602
4250 55849
33018 643566
4252 55897
8076 127999
76633 1511813
5448 78568
33019 643614
7458 115076
4253 55951
8077 128047
59914 1181266
85717 1672411
12128 176977
48440 953101
76632 1511774
5449 78620
53959 1057645
8070 127721
14042 222820
47019 916763
4254 56001
53958 1057601
8071 127766
14043 222869
47018 916716
4255 56058
8072 127812
14040 222721
4256 56103
8073 127854
14041 222772
4257 56159
15221 249202
33012 643278
4258 56201
34475 678892
12123 176830
19805 348946
76639 1512095
5442 78276
15220 249152
33013 643326
7452 114941
4259 56248
34474 678850
12122 176779
30669 595094
20156 358440
19804 348895
76638 1512050
5443 78330
35063 687224
13092 202492
7806 120761
4267 56588
7837 121483
73771 1453636
4270 56681
53295 1048968
7836 121439
73770 1453591
4271 56723
53290 1048871
7833 121351
14026 222101
4274 56764
7832 121308
14027 222146
4275 56812
7831 121261
14024 222017
4276 56855
85744 1673456
37187 729136
95231 1817199
84765 1655851
49065 968356
13329 207568
53578 1052314
6606 102167
4280 56898
85745 1673498
37186 729087
12198 179833
95230 1817146
84764 1655806
49064 968308
13328 207522
53579 1052363
8025 125750
6607 102216
4281 56948
8026 125794
6604 102069
4282 56995
39653 781385
15259 250800
33042 644665
4284 57043
8020 125563
7999 124731
6602 102021
33043 644715
4285 57086
39654 781433
8021 125613
41553 810895
4949 70902
79543 1578709
19462 343795
42167 819791
98641 1895805
58106 1147744
10278 147826
33040 644575
4286 57128
39657 781527
8022 125658
33041 644620
4287 57175
39656 781481
8023 125706
6601 101973
4947 70855
23872 438621
58108 1147824
10276 147732
15253 250550
4288 57221
34487 679311
22637 413154
13321 207196
15252 250500
4289 57273
12190 179491
13320 207146
7851 122060
4292 57411
7857 122290
4294 57452
47902 935321
25564 475738
4488 61496
46574 907140
4350 58145
32192 621159
4353 58289
32079 617209
46570 906956
32195 621243
29609 564738
4354 58336
28299 528922
46571 907005
29608 564687
4355 58378
46573 907094
4357 58425
32072 617120
29605 564534
4358 58472
4481 61346
75973 1496521
42364 823122
32198 621289
29604 564483
4359 58521
70831 1390965
32073 617163
18936 329177
32183 620931
4360 58573
54767 1074649
30905 598350
22739 415359
68632 1354079
76842 1515397
65473 1298649
18932 328981
32187 621024
4364 58661
54763 1074474
55078 1084014
30901 598215
32827 638795
24657 458838
8756 137558
4406 58797
11411 162602
23515 434253
40806 799508
73152 1444501
32814 638266
7188 112515
4413 59024
14606 234001
40801 799415
73155 1444657
4414 59072
41666 812900
73159 1444813
4418 59277
5651 81395
24631 458269
4420 59370
42303 821691
47968 937458
24637 458416
4426 59552
42302 821644
47969 937507
4427 59607
32836 639188
24646 458605
4435 59890
40830 800212
73164 1445021
4443 60089
73163 1444969
24589 456928
4444 60138
6019 87793
4448 60184
4449 60230
73111 1442477
4450 60275
73110 1442425
8701 136462
4451 60324
30023 574798
45430 883183
20884 382217
8329 132205
73112 1442529
4453 60370
6028 88240
30812 597478
6411 97687
47199 920337
5201 75978
45819 890623
73115 1442685
4454 60417
73114 1442633
4455 60469
73117 1442788
4456 60511
73116 1442736
4457 60556
39457 777760
38340 753474
8323 131962
45814 890439
73118 1442840
4459 60602
6022 87937
73141 1443931
32803 637828
8732 136810
4462 60742
5649 81296
73147 1444242
32805 637916
8734 136903
7199 112802
4464 60836
32809 638090
8738 137042
7195 112720
4468 60882
40816 799768
32808 638046
8739 137088
4469 60927
15488 257997
40824 799993
73170 1445230
8721 136551
4471 60971
40826 800037
73172 1445282
8723 136638
4473 61059
8724 136678
4474 61103
40820 799903
4475 61151
40823 799946
4476 61202
14626 234918
73179 1445439
4478 61248
14627 234963
15480 257718
73178 1445387
4479 61294
4487 61446
75975 1496612
4492 61689
75964 1496225
4493 61733
75965 1496278
4496 61827
75960 1496028
41714 813198
47918 935768
4497 61872
75961 1496069
32308 624169
5146 75350
8097 128933
13635 213943
68022 1342499
76692 1513828
31738 611376
6536 101781
14506 231049
40903 801089
55718 1096739
4530 61922
12980 199358
49841 988044
23423 431011
12985 199509
23426 431106
40906 801131
4535 61965
6128 92089
71021 1392535
72046 1414557
8092 128699
5143 75306
13630 213693
6533 101637
45369 881310
8090 128605
5141 75210
13632 213795
68025 1342597
6531 101541
26438 491812
12987 199610
23424 431056
32736 635673
4537 62006
39213 773748
8853 139503
23801 436740
60952 1202656
10285 148060
10199 146753
55710 1096474
32739 635759
4538 62051
39212 773705
8852 139447
4917 69658
65305 1296212
12989 199655
49848 988187
55711 1096518
32738 635714
4539 62103
8804 137881
15538 258847
55769 1098543
4541 62147
41268 808194
8801 137744
19319 339731
77359 1527935
39120 771175
4544 62244
8802 137792
4547 62294
28733 544867
15531 258516
55760 1098209
4548 62338
28732 544819
15530 258471
27373 505302
4549 62387
6176 93309
70760 1387883
40468 795859
10130 145065
28748 545589
55779 1098771
32790 637313
4551 62439
32795 637549
4554 62528
40962 802032
32794 637504
4555 62575
4556 62621
99251 1906563
71730 1407701
36458 713508
61559 1217455
10164 145955
60545 1195834
71419 1403032
4563 62759
92187 1752520
5071 74421
37201 729376
12020 173278
4568 62900
20608 372486
41160 806369
29052 549758
93628 1784713
5081 74790
99341 1907548
10157 145626
60554 1196188
4576 63237
19522 345538
10158 145673
16224 275245
4579 63329
11955 171749
99780 1921844
10941 155672
10596 153134
20106 356470
60209 1190250
63460 1264519
38914 766769
4605 63376
31418 606451
11957 171844
26559 493441
99782 1921967
30619 593498
10594 153033
20104 356383
63462 1264605
38916 766859
4607 63468
99690 1917381
85350 1666435
11944 171278
10958 155991
20135 357576
38967 768721
4614 63698
96337 1846336
44811 867967
99776 1921669
30603 593156
20138 357721
11949 171465
26543 493161
4619 63837
4624 63988
99761 1920837
10960 156087
4625 64029
85369 1667240
11975 172601
45202 875098
11976 172648
45201 875049
99763 1920936
10962 156131
20129 357332
4626 64081
11977 172696
99762 1920891
10963 156180
20128 357287
4627 64127
38946 767764
4631 64326
11961 172025
10975 156558
10540 151497
38952 768055
4643 64611
10550 151950
38957 768238
4646 64754
13436 210127
29442 559312
25712 478647
54473 1066626
6339 95867
4650 64897
4660 65238
99664 1915936
11930 170744
10577 152536
4669 65527
19940 350571
11939 171084
52407 1033010
4680 65962
99704 1917985
10512 150416
20182 359390
63558 1266241
52406 1032963
4681 66009
23488 433532
99706 1918090
10510 150309
20180 359288
52404 1032869
4683 66056
99701 1917794
10517 150558
20187 359590
52403 1032822
4684 66099
10516 150510
20186 359542
52402 1032775
4685 66141
99703 1917918
20185 359494
52401 1032728
4686 66190
4691 66236
10520 150713
4693 66283
10522 150828
33154 648188
55082 1084147
30560 592144
6794 104878
74102 1458720
4730 66382
33903 670038
29816 570440
47948 936661
73051 1440071
5759 84073
33150 648005
26624 494802
54016 1058655
30564 592289
6790 104679
74106 1458883
38865 766001
4734 66521
33902 669994
29817 570479
47949 936706
72219 1420208
73050 1440027
5758 84025
33151 648050
54017 1058701
55087 1084345
30565 592335
6791 104729
74107 1458923
38864 765954
4735 66566
33152 648096
32159 620056
24822 460137
54014 1058563
55084 1084248
30566 592380
6792 104778
74104 1458801
4736 66616
33153 648142
32158 620012
26627 494848
24823 460185
54015 1058609
55085 1084298
30567 592421
6793 104828
74105 1458842
38866 766044
4737 66662
40253 791202
29388 557481
4747 67162
93266 1776060
24185 447765
54344 1063725
6828 105686
65065 1292366
20237 361918
32511 629381
4750 67213
30501 589906
6829 105733
40245 791005
4751 67261
6077 90131
75833 1493305
32133 619254
30401 587671
6820 105545
28123 523733
20350 363808
86325 1677725
31543 607714
29292 554947
53774 1054027
14227 227469
4758 67404
33974 672431
6068 89696
28523 536781
20220 361125
32502 628997
4761 67500
10453 148964
20223 361308
63785 1270330
32501 628949
4762 67551
72677 1431544
93203 1773817
32408 626809
6061 89352
31555 608250
10459 149209
20229 361613
14231 227553
32402 626535
4768 67780
32125 618856
30413 587854
26678 495453
6810 105221
28135 524209
30538 591328
6060 89302
31554 608205
10458 149168
20228 361552
93208 1774051
32403 626579
4769 67826
32124 618805
30412 587807
26679 495505
6811 105267
28134 524158
30539 591378
10461 149290
20211 360576
40266 791547
4772 67877
10460 149249
20210 360515
74141 1459862
4773 67928
65001 1290555
10467 149535
13808 219420
20217 360942
13901 221257
65108 1293557
74146 1459944
38825 764677
4774 67978
22081 403837
65109 1293606
10466 149494
13809 219463
20216 360881
40261 791498
74147 1459985
38824 764637
4775 68030
22082 403885
13903 221351
10465 149453
20215 360820
38827 764760
4776 68076
10464 149412
20214 360759
13902 221304
74145 1459903
38826 764720
4777 68122
38828 764808
4779 68171
65105 1293410
12420 183338
32564 630986
27922 517822
4783 68317
11787 169810
32562 630882
27924 517915
4785 68365
32561 630830
27927 518051
4786 68413
11782 169631
48924 965206
4841 68508
52158 1027437
4847 68590
25431 473640
5682 82809
25358 472213
12518 187177
11432 163614
4850 68719
4851 68773
5680 82716
11430 163526
4852 68815
25432 473686
5681 82761
11431 163570
4853 68860
4854 68905
4855 68948
29658 566883
4864 69302
4901 69389
39565 780006
6110 91515
14519 231602
55703 1096163
79068 1570117
14120 224944
73651 1450845
32313 624398
5159 75880
4903 69437
39567 780104
6112 91612
39215 773791
38201 750726
8855 139605
4910 69485
6123 91946
14508 231137
55716 1096649
14113 224897
32306 624077
5148 75394
8099 129032
7946 124074
6538 101877
45362 881085
26431 491581
14112 224851
73641 1450487
32307 624123
5149 75441
8098 128988
8854 139557
4911 69529
23806 436966
60955 1202789
10282 148013
4918 69704
38257 751841
4920 69755
38256 751795
4921 69800
23857 438329
20997 383760
60966 1203252
38255 751751
4922 69841
38254 751708
4923 69881
38253 751667
4924 69928
4925 69971
20993 383706
60962 1203112
38251 751624
4926 70016
28359 531315
4927 70066
92225 1753404
28358 531268
25818 480323
10256 147077
38261 752016
4930 70200
28369 531731
4932 70245
4933 70291
4935 70342
4936 70395
6109 91465
71040 1393190
4937 70439
6108 91415
29591 563996
92236 1753848
51466 1020724
4938 70486
6107 91364
29590 563948
25820 480367
28360 531362
51467 1020767
4939 70534
39555 779634
11001 157573
6106 91318
17810 307255
4940 70579
88256 1698291
84313 1648251
49413 976371
23875 438772
10271 147498
4941 70633
84312 1648203
49412 976326
23874 438723
10270 147451
41558 811065
4942 70674
10273 147592
93596 1783441
41559 811106
4943 70718
79549 1578966
19468 343949
74641 1466917
88255 1698246
86514 1680492
84310 1648114
49410 976238
23876 438829
10272 147545
4944 70764
10275 147685
4945 70810
23870 438572
61928 1225550
88253 1698154
86512 1680447
84316 1648396
49416 976464
10274 147638
28349 530883
51442 1019780
38241 751533
4950 70944
28348 530832
51443 1019826
38240 751492
4951 70989
10242 146985
92210 1753158
51440 1019691
4952 71030
92211 1753211
51441 1019735
38242 751583
4953 71072
51446 1019956
4954 71118
51447 1019998
4955 71168
51444 1019871
4956 71216
51445 1019915
4957 71265
4958 71315
28341 530562
25801 480010
53017 1040620
47463 926876
4965 71559
39581 780529
28392 532708
15275 251350
73639 1450440
33020 643660
7403 113752
12173 178781
33301 651231
60194 1189802
89025 1705571
87144 1685083
31787 612721
44444 861400
21113 386963
79916 1584320
77442 1530785
5470 79605
39282 774265
4969 71698
93581 1783142
41528 810303
8402 133160
4972 71841
10265 147310
53565 1051827
8031 126030
15264 251000
73628 1450295
7416 113936
65689 1303569
85751 1673749
12166 178484
63931 1272746
33310 651708
61102 1206704
95624 1829450
55343 1088458
21106 386815
79929 1584823
77475 1532213
82321 1619108
5407 78025
41522 810119
4978 72066
15265 251050
33056 645055
7417 113980
8030 125980
65688 1303521
85750 1673707
12167 178533
33311 651761
61103 1206752
95625 1829501
55342 1088413
17177 296151
79928 1584777
77474 1532171
5406 77975
51593 1023478
4979 72114
79533 1578307
19470 344000
75663 1490035
4983 72251
14548 232654
32777 636946
7043 109684
14441 229396
14874 241814
70605 1383836
79556 1579098
77802 1538861
75606 1488694
5830 85453
5001 72610
5838 85698
15244 250350
33073 645765
5009 72667
53505 1049525
37190 729284
12182 179113
13332 207665
36852 721242
33330 652763
10993 157333
60147 1187939
38459 755985
42124 818744
5862 86644
27608 510822
11212 159545
60506 1194394
5031 72768
37241 730956
34756 682840
12060 174781
11211 159501
16258 276482
60505 1194353
77857 1540011
42127 818790
5861 86595
5032 72811
37242 731004
36029 705229
34755 682797
96830 1851647
59530 1174340
12063 174938
11210 159457
16259 276533
60504 1194310
5860 86552
5033 72854
37243 731052
36028 705184
59531 1174383
12062 174886
43148 833095
68428 1350632
5867 86798
11217 159763
60503 1194269
29081 550814
5034 72898
37244 731099
34753 682755
12065 175043
77850 1539791
42120 818615
43149 833148
68429 1350679
5866 86750
11216 159719
60502 1194228
29080 550771
5035 72946
40122 788197
96837 1851742
59537 1174512
12064 174992
5038 73096
94074 1792374
57574 1140394
36023 704952
12069 175236
5039 73139
36022 704905
12068 175190
5040 73182
57584 1140621
37230 730620
36039 705689
12077 175627
6250 94360
77843 1539637
19564 346781
42133 819014
5871 86884
11201 159064
47354 923602
27231 501882
7082 111272
5041 73230
94085 1792547
57585 1140664
36038 705644
12076 175581
6251 94413
77841 1539535
42131 818971
5873 86985
36420 712509
11203 159150
47356 923693
27233 501929
7080 111171
5042 73279
37232 730668
12075 175537
77840 1539483
19567 346874
42130 818923
5872 86933
36421 712558
11202 159107
47357 923739
7081 111226
5043 73330
96801 1850356
59501 1173852
12074 175493
5045 73379
37235 730764
12072 175390
24459 453193
61063 1205622
56137 1107971
6255 94519
5874 87037
36427 712695
11204 159194
47351 923471
7087 111399
5046 73421
37236 730812
12071 175341
6256 94575
5047 73466
12070 175288
5048 73511
6258 94625
5049 73556
6259 94668
37220 730284
20637 373763
63881 1272549
12041 174015
5050 73614
37221 730332
20636 373713
63880 1272503
12040 173962
93616 1784217
5051 73667
6241 93944
37222 730380
20635 373667
12043 174104
93615 1784174
5052 73710
6242 93988
12042 174062
20634 373615
63882 1272602
93614 1784126
5053 73761
6243 94033
93613 1784082
5054 73811
37224 730428
12045 174153
24448 452993
6244 94084
20632 373569
93612 1784038
5055 73861
6245 94134
93611 1783994
5056 73905
12047 174250
29849 571654
6246 94177
5058 73950
29847 571563
6248 94272
5059 73994
29846 571515
6249 94315
24445 452947
92193 1752720
5061 74082
37211 729853
37138 727600
12052 174391
92197 1752870
5065 74176
40150 788586
37215 730044
12056 174585
96863 1852694
23038 420864
92195 1752770
5067 74219
40152 788640
37217 730140
12054 174493
13659 215062
62655 1242792
68042 1343208
6277 95153
92186 1752470
5070 74372
6260 94718
92182 1752420
5074 74565
37204 729520
12025 173465
6264 94850
29048 549664
5075 74608
37205 729568
12024 173417
6265 94894
5076 74659
37206 729615
12027 173512
6266 94947
5077 74702
6267 94997
29044 549488
5079 74747
37209 729758
12028 173561
13643 214354
6269 95102
12037 173916
20601 372208
93621 1784397
5088 75030
5091 75114
97469 1867353
18341 318934
6281 95332
16624 282216
19490 344611
5839 85757
23846 438090
11249 160941
37191 729327
12183 179158
23389 429845
13333 207713
33072 645714
5101 75160
36853 721288
33331 652816
10992 157281
60146 1187894
14502 230916
32735 635626
6129 92140
72047 1414601
8093 128744
5142 75260
13631 213752
68026 1342640
6532 101589
45368 881258
6119 91850
14510 231181
96141 1845420
64085 1276753
12992 199706
13601 212460
6520 101303
79061 1569858
14129 225133
73658 1450974
5150 75484
6118 91799
71037 1393050
14511 231234
96140 1845369
64084 1276711
12993 199753
6521 101351
23045 421059
13367 208896
73659 1451017
5151 75537
13364 208794
32318 624628
5152 75586
23047 421102
13365 208845
5153 75630
13605 212606
77423 1530129
6524 101399
36802 720854
23040 420958
13362 208702
5154 75680
6525 101445
36803 720894
13363 208747
5155 75730
13360 208609
5156 75784
6111 91566
14518 231552
55702 1096117
73650 1450797
32312 624352
5158 75832
55302 1086636
33351 653502
6238 93853
6511 100881
56116 1107247
5161 75935
39667 781833
42157 819505
5859 86505
11229 160245
30821 597895
6440 98480
72553 1428264
5250 76028
30820 597848
6441 98530
5251 76077
30823 597984
6442 98577
15116 247070
5252 76123
30822 597939
6443 98624
72550 1428209
5253 76177
99950 1924395
6444 98669
23177 425053
20468 367703
15110 246967
5254 76227
23176 425009
20469 367764
72556 1428409
5255 76277
6447 98713
72554 1428314
5257 76334
17742 305941
20825 380362
80526 1597767
8348 132721
6089 90643
28652 541385
26074 485024
51047 1016354
38644 760788
19708 347675
6470 99281
72501 1426727
73568 1449719
29206 553641
5260 76390
20824 380313
80527 1597818
8349 132775
6088 90593
28653 541432
26075 485071
51046 1016308
38645 760830
19709 347724
33231 650307
6471 99327
44714 867361
73569 1449762
29207 553688
5261 76442
6472 99380
33618 661753
15126 247271
72503 1426780
29204 553548
5262 76487
14741 237318
73030 1439291
32932 641296
8603 135242
5738 83310
5301 76537
20398 364894
5304 76681
6770 104083
80046 1588320
78416 1554436
68105 1344514
5340 76729
80044 1588231
78414 1554336
68107 1344599
5342 76824
80045 1588277
78415 1554385
68106 1344557
5343 76873
80042 1588188
78412 1554235
68101 1344343
5344 76917
5345 76962
53228 1048280
6776 104130
80040 1588099
79259 1573863
78410 1554134
77518 1533921
68103 1344428
5346 77006
21031 384626
5350 77049
15352 253737
55114 1085173
7740 119732
21030 384574
5351 77098
6762 103988
73834 1453903
15351 253691
55117 1085315
5352 77148
6763 104037
73835 1453947
15350 253646
55116 1085269
21032 384677
5353 77196
21035 384778
5354 77242
21034 384731
5355 77285
55113 1085126
73719 1451841
7747 119827
21037 384877
5356 77331
55112 1085079
73718 1451802
7746 119781
21036 384834
5357 77378
5358 77430
73716 1451719
32254 623406
7748 119871
5359 77479
47665 931002
33190 649757
6750 103504
5360 77527
55146 1086121
33191 649803
6751 103549
5361 77578
55145 1086074
33192 649849
6752 103598
91189 1732867
5362 77625
47666 931049
55144 1086027
33193 649895
6753 103649
91188 1732816
5363 77675
15261 250900
33052 644904
53560 1051655
8034 126169
7538 116312
6612 102409
33315 651972
17098 294862
21208 388712
61107 1206942
95621 1829345
55346 1088602
77470 1532025
82324 1619242
5402 77771
53561 1051699
8035 126216
15260 250850
33314 651919
17099 294912
21209 388761
61106 1206894
95620 1829302
55347 1088652
21102 386662
77471 1532075
82325 1619292
5403 77821
15267 251100
33054 644956
53566 1051875
8032 126074
6614 102454
85752 1673791
12165 178434
63932 1272787
33313 651866
60168 1188699
61101 1206656
95627 1829592
55340 1088328
21105 386762
89037 1706092
31799 613195
77476 1532260
82322 1619151
5404 77877
33055 645005
8033 126122
6615 102501
12164 178385
63933 1272832
33312 651814
60169 1188744
95626 1829543
55341 1088369
21104 386710
89036 1706040
31798 613155
77477 1532308
82323 1619200
5405 77925
42142 819238
5840 85800
11230 160289
98109 1879086
14538 232242
7051 109952
12086 175919
5439 78130
33348 653396
10989 157185
6508 100737
15223 249302
47017 916668
33010 643182
7451 114896
34477 678975
12121 176731
48449 953363
31801 613243
20155 358384
19807 349048
5440 78180
15222 249252
47016 916618
33011 643230
7450 114852
34476 678933
12120 176688
17130 296055
21140 387603
19806 348997
5441 78227
14048 222948
15227 249502
33014 643374
34473 678808
59919 1181483
12125 176927
95667 1831303
57108 1130834
31805 613383
20151 358243
19803 348844
5444 78373
15226 249452
47012 916569
33015 643422
34472 678766
59918 1181437
12124 176877
95666 1831258
57109 1130885
31804 613339
44471 861991
21144 387650
19802 348794
5445 78420
15225 249402
47011 916518
33016 643470
7457 115031
53951 1057272
8078 128094
31807 613478
20153 358337
63439 1263730
79960 1586004
19801 348743
5446 78468
15224 249352
47010 916476
33017 643518
7456 114986
53950 1057225
8079 128139
31806 613433
20152 358290
63438 1263688
89074 1706955
44473 862039
21146 387698
5447 78517
8062 127330
15215 248905
85702 1671789
12157 178140
63962 1273837
23359 429798
5450 78670
15214 248856
33001 642951
8063 127382
85703 1671831
12156 178084
23358 429751
21136 387504
5451 78721
15217 249005
33002 642996
8060 127228
85609 1669591
35048 686626
63829 1270902
84721 1653892
49021 966518
12155 178040
63960 1273750
5452 78766
8061 127279
15216 248955
7424 114299
85608 1669546
35049 686670
63828 1270854
84720 1653846
49020 966473
85701 1671747
12154 177987
63961 1273795
5453 78820
14058 223274
15211 248708
33004 643044
7423 114254
8066 127532
85706 1671957
12153 177937
63966 1273968
89041 1706234
44460 861898
21133 387452
5454 78874
8067 127581
14059 223316
15210 248658
7422 114204
21132 387404
5455 78919
8064 127435
7869 122508
15213 248807
7421 114161
85704 1671873
12151 177888
48439 953052
63964 1273881
30678 595284
21131 387357
5456 78966
8065 127485
28098 522897
15212 248758
7420 114117
85705 1671915
12150 177828
48438 953006
63965 1273922
17140 296103
21130 387311
5457 79014
5458 79060
14055 223138
33009 643135
7866 122464
5459 79110
14060 223354
33034 644334
7435 114481
8016 125417
5464 79368
15274 251300
73638 1450390
33021 643707
12172 178732
79917 1584369
77443 1530830
5471 79653
89024 1705526
6540 101925
44445 861450
33024 643848
7407 113843
12177 178974
33305 651443
11598 166044
60190 1189617
89021 1705394
31783 612631
44440 861195
21117 387063
79912 1584139
67739 1338906
77446 1530966
5474 79808
46228 900232
33026 643942
7405 113801
35208 690911
64439 1281499
12175 178884
79910 1584050
77444 1530878
5476 79858
15272 251250
46229 900281
33027 643989
35209 690961
64438 1281452
12174 178830
33306 651496
60193 1189757
89022 1705440
31780 612500
44443 861346
21114 387013
80281 1593199
79911 1584093
77445 1530921
5477 79904
89117 1708037
12926 197251
73109 1442373
27320 504187
5601 80768
39171 772474
27323 504238
5602 80818
89115 1707946
85050 1658938
12924 197203
49919 990455
41616 811962
39170 772433
5603 80867
15548 259265
39177 772690
27325 504289
5604 80917
37940 745011
62223 1230931
89112 1707808
12923 197155
28787 547240
15545 259124
73101 1441959
5609 80966
28762 546251
15564 259985
73128 1443359
27341 504548
5620 81015
80997 1606516
42083 818181
77388 1529133
5901 87126
39162 772122
5633 81064
28775 546729
14639 235054
73148 1444294
5640 81113
14638 235009
40815 799725
73149 1444346
5641 81160
40813 799684
7191 112597
5647 81205
41660 812817
32819 638487
5657 81682
41635 812258
27301 503607
5660 81780
5661 81828
89138 1708996
12949 198112
5662 81877
41636 812300
39194 773189
27302 503659
5663 81920
39191 773059
5666 82079
11579 165753
41632 812212
39190 773013
27306 503748
5667 82134
11549 164626
62275 1233009
89126 1708451
12975 199123
41643 812428
5670 82228
11548 164580
62274 1232960
89127 1708496
85080 1660000
12974 199077
41642 812388
5671 82279
89124 1708359
85083 1660092
12977 199218
5672 82328
97078 1856362
89125 1708405
85082 1660046
12976 199168
41640 812342
5673 82371
41647 812512
5674 82421
89120 1708175
85087 1660233
12973 199024
41645 812469
5676 82512
89121 1708221
85086 1660186
12972 198982
5677 82561
14748 237611
73039 1439597
39082 770134
5731 82990
72389 1423401
39087 770281
25547 475422
5734 83122
14740 237272
72384 1423263
73031 1439333
8602 135200
5739 83360
73048 1439943
39051 769203
5740 83402
73049 1439983
5741 83454
15413 254912
47946 936611
72216 1420110
5757 83970
5769 84527
75962 1496119
41725 813413
47921 935867
73078 1441194
39043 768983
5770 84573
43105 831687
68465 1352063
5822 85088
37766 740337
11252 161027
63051 1255755
46018 894283
27262 502707
7073 110842
27263 502756
7072 110797
68464 1352019
5823 85129
18601 323334
27265 502854
7074 110893
43102 831594
68462 1351925
5825 85219
43101 831552
68461 1351879
5826 85264
67868 1341008
37762 740159
21840 400638
11256 161070
63055 1255905
18602 323383
40218 790214
7077 111032
18603 323431
40219 790262
7076 110984
68460 1351840
5827 85310
67869 1341056
42170 819841
75604 1488607
5832 85500
11242 160769
32775 636856
7041 109597
14443 229439
14876 241860
70607 1383940
71068 1394150
77801 1538819
42171 819886
75605 1488650
5833 85549
11243 160812
32774 636807
7040 109553
14877 241913
70606 1383888
71069 1394198
32771 636671
7045 109768
14872 241716
5836 85601
77805 1538945
75601 1488475
5837 85653
11247 160898
7044 109727
14873 241765
70602 1383784
5841 85841
11231 160332
98108 1879043
14539 232289
27201 501079
7050 109911
14456 229775
70612 1384095
75215 1479582
8889 140801
77830 1539110
42140 819150
5842 85887
11232 160376
8888 140752
77831 1539155
42141 819194
5843 85939
11233 160420
63188 1260554
33493 657807
27203 501174
7052 109993
14454 229727
75217 1479668
5845 85985
11235 160508
32768 636626
27205 501268
7054 110039
14452 229637
14889 242423
70616 1384199
75211 1479453
77834 1539246
75638 1489088
5846 86030
11236 160552
33496 657857
7057 110129
77835 1539294
75639 1489137
5847 86075
11237 160596
79566 1579366
75636 1489003
5848 86118
89833 1715882
11238 160639
98101 1878743
14530 231963
33498 657958
32765 636495
27208 501363
7059 110219
14884 242238
71052 1393667
8882 140508
79567 1579412
19486 344560
75637 1489044
5849 86172
89832 1715840
11239 160682
60525 1195119
63182 1260496
33499 658009
32764 636451
27209 501408
7058 110175
14885 242281
12092 176115
54487 1067151
61043 1204881
6518 101211
6231 93585
43155 833444
5850 86217
11220 159894
37250 731193
63853 1271652
94064 1792168
57564 1140035
12093 176165
33359 653608
6230 93540
54486 1067105
61042 1204841
6519 101255
11221 159938
16246 276049
43154 833393
68434 1350858
5851 86269
6234 93719
11225 160114
16242 275902
60539 1195564
43150 833196
68430 1350724
5855 86362
21871 401562
16240 275857
42159 819554
43152 833288
5857 86406
51636 1023749
38453 755754
43147 833043
5868 86843
27602 510571
11218 159807
95267 1818263
94080 1792427
57580 1140579
37234 730716
12073 175442
24458 453145
61062 1205572
56136 1107924
6254 94465
19560 346697
5875 87083
36426 712649
11205 159238
27235 501974
7086 111354
5902 87168
80995 1606461
42081 818086
5903 87216
78296 1551227
38281 752112
42086 818276
5904 87257
42087 818328
5905 87297
5906 87341
42085 818227
5907 87384
6001 87425
28546 537708
25606 476138
6002 87467
28545 537655
15857 268057
24592 457026
15492 258142
24580 456739
6010 87560
38331 753125
8330 132256
6013 87650
24586 456830
6016 87698
72178 1419088
73162 1444917
24588 456881
6018 87747
72176 1419047
39455 777671
38342 753566
8321 131860
6020 87837
38343 753615
8320 131813
6021 87888
15834 267545
45817 890580
39456 777716
38341 753521
8322 131909
6023 87987
6024 88035
15831 267453
45812 890353
20889 382381
38347 753797
8324 132011
6025 88086
38344 753659
8327 132111
6026 88140
39452 777627
38345 753707
8326 132062
6027 88189
15832 267498
30022 574751
45431 883230
20885 382269
8328 132159
6029 88294
6030 88340
28689 543023
6031 88388
28688 542974
6032 88441
15801 267041
6033 88489
6034 88538
6035 88586
20772 378676
39464 778034
38359 754155
8318 131724
6037 88630
20895 382577
38357 754069
8316 131629
6039 88674
28680 542655
33944 671370
6050 88958
6058 89205
14613 234321
47987 938109
6059 89252
14612 234275
47986 938064
6064 89500
6065 89547
6066 89595
6067 89648
6070 89791
75834 1493350
6071 89837
75835 1493396
6072 89880
15841 267642
55607 1095813
6073 89928
15840 267591
55606 1095771
6074 89983
15847 267766
55601 1095543
6075 90034
75831 1493218
15846 267726
6076 90078
75832 1493260
15845 267681
55603 1095634
74436 1463011
8341 132398
6080 90270
20726 376751
74437 1463056
8340 132354
6081 90316
36689 718559
17749 306176
20725 376699
74434 1462918
8343 132488
6082 90365
28659 541711
36688 718516
17748 306129
20724 376650
74435 1462968
8342 132444
6083 90409
28658 541667
45871 892599
24513 454537
20723 376607
93448 1779998
74432 1462872
8345 132587
45876 892838
24514 454585
6084 90454
20722 376552
8344 132539
45877 892884
24515 454641
6085 90498
20720 376451
74431 1462828
80528 1597869
8346 132634
45875 892795
24517 454697
6087 90546
45868 892450
24506 454482
6096 90992
6098 91043
6101 91090
71048 1393478
11005 157758
6102 91136
17814 307398
11004 157712
6103 91182
17815 307443
23828 437228
11003 157669
6104 91227
17812 307300
23829 437281
11002 157621
6105 91273
17813 307351
6114 91658
6115 91704
6117 91750
71038 1393096
6127 92038
6131 92190
28616 539924
26038 484405
17867 309344
6132 92237
28615 539884
17864 309179
6133 92283
17865 309230
6134 92334
28613 539839
17862 309131
31331 605660
6137 92380
28610 539688
46979 915602
17861 309083
6138 92431
26031 484088
31308 604771
6146 92758
28702 543488
55733 1097292
73184 1445491
17858 308937
38233 751263
8867 139980
28715 544019
55742 1097565
6151 92896
70783 1388815
17768 306763
91784 1743164
39225 773965
25879 482002
38231 751178
8865 139932
28339 530474
31319 605191
6153 92988
28678 542555
28717 544109
38237 751404
8863 139888
28711 543823
55746 1097708
6155 93080
70787 1389015
28712 543876
55745 1097659
6156 93126
70784 1388867
15522 258426
39119 771124
6160 93172
14903 242887
70772 1388351
28665 541991
6161 93218
14902 242843
70773 1388399
28664 541947
6167 93263
14904 242931
70775 1388500
28662 541854
6235 93764
59529 1174294
12094 176214
6237 93808
37227 730476
20630 373521
12046 174198
29848 571610
6247 94228
18342 318985
6282 95377
16627 282312
6320 95430
37699 738313
13437 210179
25713 478694
54472 1066581
6338 95815
8203 129601
64117 1277793
6340 95914
6370 96437
8553 134688
6371 96484
8210 129740
8550 134588
6372 96532
8213 129850
73069 1440839
8638 135878
8551 134642
6373 96582
8212 129798
8556 134828
6374 96624
8215 129944
64109 1277454
8554 134733
6376 96721
17699 305015
8217 129997
8555 134781
6377 96771
8219 130083
64105 1277307
6378 96816
8218 130039
52004 1024595
6379 96866
46896 912983
24430 452413
8562 135108
6380 96915
8243 130762
24432 452507
54408 1064094
8560 135019
6382 96964
20667 374537
8241 130663
24433 452554
54409 1064138
46895 912937
8561 135065
6383 97014
8240 130619
36091 707312
20661 374394
8247 130961
6384 97064
20660 374345
8246 130909
24435 452601
6385 97112
36092 707357
20662 374446
12018 173173
8244 130812
24437 452651
6387 97161
12017 173125
24438 452702
54402 1063814
6388 97206
12016 173073
24439 452753
54403 1063859
6389 97257
8231 130463
64125 1278127
13493 212068
62703 1244372
29827 570763
6390 97303
22517 410656
13162 204809
56723 1125573
30428 588344
6401 97354
73937 1454813
13160 204760
68777 1358068
56721 1125481
33243 650587
7620 116814
6403 97400
45039 871683
22513 410559
13166 204997
68771 1357879
56727 1125755
33245 650633
7626 116945
6405 97498
73933 1454763
30421 588077
6408 97543
45032 871499
30813 597524
6410 97640
13153 204422
30811 597437
6412 97733
56734 1126025
30459 589345
22501 410226
13152 204372
30810 597392
6413 97779
56735 1126075
30458 589298
13155 204525
30817 597709
6414 97824
22507 410367
64668 1286033
13154 204477
56733 1125980
33255 650725
30816 597664
6415 97869
12789 192976
22504 410323
13157 204622
33256 650771
30815 597616
6416 97919
12788 192927
13156 204577
56731 1125888
33257 650817
30814 597572
6417 97966
12787 192867
21709 396703
13159 204717
30453 589067
6418 98015
14270 228015
73501 1447512
32443 628063
53705 1053402
12786 192818
23694 436197
22121 404484
13158 204671
30452 589021
6419 98057
81625 1615466
18854 327934
6420 98108
56647 1123461
30803 597128
6422 98153
30802 597082
6423 98197
56644 1123376
81621 1615329
18850 327789
49508 978786
30805 597171
6424 98247
33266 650955
30807 597262
6426 98298
56641 1123330
18843 327482
30830 598125
6437 98342
6438 98389
6439 98433
6451 98808
6455 98854
6456 98904
6457 98955
38654 761148
19718 348151
6460 99053
45382 881767
6461 99099
45383 881819
33233 650353
6473 99428
33234 650399
6474 99478
44711 867319
23124 423548
65742 1305254
11749 168292
6475 99535
44710 867277
6477 99585
99825 1922939
44636 864548
33238 650445
6478 99630
38744 763118
19701 347431
99824 1922878
44637 864590
33239 650491
6479 99675
16546 281464
6480 99723
32034 615867
6481 99770
32035 615920
29649 566467
6482 99817
70874 1391354
29648 566418
6483 99866
6484 99912
32030 615773
32164 620244
29678 567633
6491 100107
16416 279584
28174 525215
6492 100155
16415 279541
6493 100203
6494 100253
16413 279501
32160 620100
6495 100303
16412 279458
28170 525128
6501 100401
36863 721733
55374 1089837
10980 156756
6502 100449
36860 721585
55377 1089986
10983 156899
6503 100497
36861 721632
55376 1089936
10982 156853
36866 721822
61039 1204739
6504 100545
55371 1089696
10985 156990
36867 721867
61038 1204690
6505 100593
55370 1089654
33345 653290
10984 156944
55373 1089792
33346 653343
10987 157091
6506 100641
34773 683297
13305 206579
63849 1271471
84741 1654791
49041 967422
12089 176013
6507 100689
36865 721778
55372 1089746
10986 157040
12087 175967
33349 653449
10988 157139
6509 100785
61049 1205102
6512 100929
56115 1107205
8091 128652
13633 213845
6530 101493
8095 128843
13637 214041
68020 1342457
76690 1513734
6534 101685
8094 128793
13636 213992
76691 1513785
6535 101733
32309 624215
8096 128886
13634 213898
68023 1342544
76693 1513870
31739 611421
6537 101829
33045 644761
39652 781342
15258 250750
8027 125838
6605 102118
53576 1052228
6608 102264
54182 1061778
15255 250650
65692 1303653
37189 729233
12197 179787
34481 679142
13327 207479
33050 644806
53562 1051742
8036 126266
6610 102313
85756 1673917
12161 178333
63936 1272963
18915 328303
22473 409881
13020 199983
76865 1516099
7760 120348
6701 102644
84528 1650662
18910 328070
49228 971187
22476 409937
7765 120540
6704 102788
49224 971099
23273 427159
13029 200307
24984 463852
6708 102932
15345 253403
32247 623304
7753 120065
28077 522174
53202 1047008
55006 1081303
6710 102980
15347 253495
32245 623208
7751 119970
7885 123061
6712 103028
28075 522075
32241 623112
7755 120155
28071 521887
53204 1047106
7881 122964
6716 103075
15316 252283
24895 462282
7704 118509
54768 1074699
55073 1083759
6725 103360
22732 415030
13044 200954
76849 1515575
33189 649712
39730 782257
6749 103456
33196 650032
6756 103804
33197 650077
6757 103850
33198 650123
24954 463329
39703 782074
6758 103894
6777 104181
15365 254220
32223 622292
53226 1048182
6778 104244
15364 254175
73720 1451886
32222 622244
28012 520443
53227 1048231
6779 104293
33141 647626
24831 460461
6855 106255
6781 104341
26716 496051
33142 647678
6856 106301
6782 104390
32121 618654
30417 587989
6814 105408
32123 618756
30415 587945
6816 105454
28133 524113
32122 618705
30414 587900
6817 105500
32137 619449
6824 105590
45012 871227
28127 523930
32136 619399
6825 105638
45013 871271
28126 523882
30518 590550
45002 870995
6830 105782
30519 590595
45003 871039
6831 105830
6836 105878
13057 201288
68640 1354385
65463 1298427
18940 329276
33114 646640
7717 118800
6880 106786
13056 201239
68641 1354425
76831 1515127
65462 1298377
30914 598579
73843 1454166
54772 1074878
7716 118744
6881 106833
13054 201191
68643 1354513
18943 329362
76958 1518247
30916 598623
73841 1454074
54770 1074790
55049 1082924
24867 461444
6883 106880
6901 107157
61283 1209625
94540 1802216
57040 1128965
94543 1802353
57043 1129101
6902 107203
20038 353759
6903 107250
20039 353820
61281 1209532
94542 1802307
57042 1129059
94545 1802444
57045 1129144
6904 107297
6905 107344
20416 365878
83868 1639904
12729 190685
14107 224609
25169 468213
6906 107391
17339 300077
61284 1209672
94547 1802542
57047 1129238
6907 107438
61285 1209725
94546 1802490
57046 1129188
20401 364965
46298 902091
32323 624823
7963 124312
94536 1802032
57036 1128793
30750 596758
6911 107532
45347 880485
26410 491029
94521 1801326
57021 1128153
6920 107720
31760 611886
30741 596560
6922 107813
26405 490931
31764 611974
94527 1801634
57027 1128375
6926 107860
26404 490881
31765 612016
94526 1801584
57026 1128330
6927 107907
33424 654992
7007 108215
14838 240437
27243 502152
7012 108444
14847 240800
70650 1384994
22204 405958
65285 1295936
12809 193362
43506 840077
27242 502105
7013 108488
14846 240755
70651 1385049
22205 406006
65284 1295892
12808 193315
12803 193213
18625 324096
22307 407509
27249 502336
24020 442531
7018 108709
18624 324047
48801 960555
22306 407461
27248 502284
7019 108755
19177 338312
98178 1880898
15612 260345
7020 108801
14813 239552
19176 338257
15613 260396
7021 108846
14812 239503
19175 338202
31058 601196
7022 108892
17968 311913
15610 260246
31059 601236
14810 239461
15611 260293
7023 108930
19173 338147
76228 1503564
15616 260493
7024 108972
14817 239737
19171 338039
7026 109016
14815 239644
19170 337984
15615 260445
7027 109060
14814 239597
31052 601008
7028 109102
7029 109146
17963 311668
19149 337434
98168 1880683
15606 260193
33431 655358
7030 109190
14825 240115
19148 337379
33430 655306
7031 109233
14824 240070
33433 655460
7032 109284
14827 240206
15605 260140
33432 655409
7033 109326
14826 240160
33435 655562
7034 109371
14821 239929
33434 655511
7035 109419
14820 239879
33437 655669
7036 109467
17978 312170
14823 240024
19140 336939
33438 655723
7039 109508
31047 600831
11241 160726
14549 232703
32776 636903
7042 109640
89828 1715703
11245 160855
32772 636716
7046 109813
14871 241669
41542 810641
8899 140905
32773 636762
7047 109863
14445 229491
14870 241620
70601 1383733
26178 486645
11234 160464
27204 501221
7055 110085
14453 229682
75210 1479411
10008 141642
24058 443785
7060 110263
14853 240982
70662 1385543
12819 193753
48878 963671
22315 407922
10009 141688
63047 1255557
27256 502476
24059 443832
7061 110307
14852 240937
70663 1385592
7066 110534
14855 241078
70664 1385638
7067 110574
14854 241027
70665 1385685
47355 923652
27230 501832
7083 111314
25204 468845
7088 111445
32724 635268
7090 111488
10185 146706
60564 1196602
71430 1403437
40913 801178
32725 635312
7091 111532
77871 1540501
42101 818416
39208 773534
8848 139355
32726 635357
7092 111576
32727 635397
7093 111623
32720 635090
7094 111672
32721 635134
7095 111715
40914 801219
32722 635178
7096 111763
40915 801263
32723 635224
7097 111807
55726 1097106
7099 111854
8823 138487
10129 145018
61635 1218883
63123 1258291
37917 744224
62216 1230598
85062 1659218
12916 196826
32789 637265
27350 504780
24719 459149
7101 111896
28751 545733
8820 138350
37914 744093
62215 1230555
85061 1659172
12915 196773
23458 432487
7102 111937
28752 545784
8821 138394
37915 744137
62214 1230504
85060 1659126
12914 196728
23459 432552
28753 545828
40979 802255
39140 771349
7103 111977
8826 138638
28754 545874
14591 233729
27355 504873
7104 112017
37912 744049
85067 1659448
12913 196680
8827 138689
28755 545921
14590 233686
39146 771489
7105 112058
25389 472597
85066 1659402
12912 196628
8824 138538
99639 1914600
85065 1659356
12911 196580
39145 771442
27357 504962
7106 112099
28756 545967
8825 138589
28757 546013
14592 233774
39144 771395
27356 504917
7107 112139
99638 1914541
85064 1659310
12910 196536
10120 144642
71455 1404259
28758 546060
40972 802170
32780 637078
27359 505061
7108 112180
10121 144689
71454 1404213
32781 637126
27358 505011
7109 112221
28759 546113
8836 139118
10138 145253
63136 1258952
28740 545194
15502 258236
55771 1098586
32798 637645
7110 112266
8834 139022
7112 112351
28742 545289
39272 774224
8832 138931
28744 545388
55775 1098678
7114 112392
8817 138262
39110 770808
7175 112433
28725 544486
40810 799641
7192 112638
7193 112679
73146 1444190
32804 637872
8735 136950
7198 112761
27936 518329
7208 113151
65080 1292943
11779 169534
48917 965031
10707 154025
61413 1212808
7302 113195
87029 1682191
12452 184588
22015 402649
11691 166186
7304 113289
12454 184687
11697 166426
7305 113335
12455 184734
7306 113380
12456 184786
11695 166377
47722 932057
33109 646500
24879 461869
7728 119272
17266 298521
13068 201663
67575 1336129
7307 113426
12457 184835
11694 166327
38848 765349
7310 113520
12440 184135
38849 765403
7311 113567
87018 1681720
12441 184182
13820 219795
25205 468888
7395 113614
36425 712604
11206 159282
75222 1479883
25209 469012
47353 923559
7399 113660
33730 664622
7533 116267
73626 1450207
7418 114030
12168 178580
14063 223509
33037 644479
7436 114530
8015 125365
8043 126563
14031 222320
15238 250051
7446 114810
85723 1672661
12136 177276
63943 1273270
25039 464979
7460 115124
65615 1300919
12110 176453
7461 115169
54104 1059363
31832 614368
20166 358770
17102 295008
87121 1684769
85325 1665320
12538 187949
7462 115211
17528 302477
54107 1059464
7463 115252
17529 302526
54106 1059413
7465 115295
65610 1300690
12115 176495
37122 726987
13340 207998
32334 625309
7480 115421
39638 781036
7974 124407
23027 420605
13341 208045
32335 625354
7481 115469
53559 1051612
7501 115553
64431 1281175
13244 206122
7504 115687
7505 115732
11590 165948
21236 390159
7506 115776
15279 251550
46222 899989
7507 115822
15278 251500
26801 496841
11582 165898
21220 389372
53548 1051166
30356 586538
27806 513297
7510 115957
15209 248608
46234 900428
35214 691210
13250 206169
48607 955685
53549 1051211
30357 586582
27807 513342
7511 116002
15208 248558
46235 900477
25081 466061
24266 449376
35215 691259
64402 1280669
13251 206216
48606 955640
11580 165798
21222 389469
60188 1189525
35216 691309
64401 1280625
13252 206263
48605 955595
30354 586450
27804 513206
7512 116045
46236 900526
25082 466103
24265 449336
26802 496882
11581 165848
21223 389516
60189 1189573
30355 586494
27805 513252
7513 116088
46237 900575
25083 466155
27802 513110
7514 116132
46230 900330
47039 917515
24263 449292
11804 170513
45333 879824
26851 497628
17082 294286
21212 388929
30324 585359
27874 516260
7522 116177
11802 170420
45335 879919
17084 294378
21214 389038
61359 1211732
30322 585315
27872 516172
7524 116222
13203 205184
23064 421586
22650 413621
30309 584746
7543 116356
23063 421537
64479 1282946
13204 205231
22657 413873
7544 116401
13141 204003
56740 1126261
30447 588798
7601 116446
13142 204047
67439 1332253
7602 116492
21713 396847
11798 170327
13143 204091
67438 1332210
56742 1126362
30445 588700
7603 116538
13144 204136
44669 865810
30442 588656
7604 116580
13145 204181
56744 1126406
7605 116633
13146 204229
7606 116675
13147 204273
30441 588612
7607 116727
14260 227721
12792 193121
21718 397102
11793 170095
13148 204323
87365 1687206
44665 865659
7608 116770
56720 1125434
33242 650541
7621 116856
31645 610114
56729 1125845
7628 117034
56713 1125257
30436 588480
7630 117076
7631 117119
56711 1125198
30434 588430
7632 117164
56701 1125094
7640 117215
16442 280470
7641 117264
16443 280514
22534 411055
65801 1307108
13101 202579
7642 117307
16440 280381
13102 202624
68719 1355887
13103 202670
68718 1355842
65803 1307203
18818 326537
7643 117352
16441 280426
13107 202760
7647 117531
13108 202807
62984 1253311
68713 1355623
65808 1307443
18813 326289
7648 117576
59756 1178078
65809 1307491
18812 326239
7649 117619
13110 202855
68725 1356099
65810 1307539
18825 326843
7650 117662
22544 411314
65817 1307635
18822 326691
13117 203169
68722 1355977
33296 651139
7657 117844
16730 285507
33283 651093
32114 618299
7660 117890
31605 609153
16426 279907
28104 523079
13120 203306
32115 618350
7661 117940
31604 609108
16427 279948
28105 523129
13121 203351
32116 618401
7662 117986
16424 279858
28106 523178
13122 203396
32112 618207
7666 118082
31603 609063
16420 279669
28102 522988
13126 203545
67459 1333071
18947 329496
54774 1074970
30912 598533
7710 118557
65466 1298518
22728 414847
13052 201099
22427 408852
33111 646552
24861 461306
7712 118651
18942 329318
33116 646693
24866 461398
7715 118700
30917 598667
73840 1454033
54771 1074837
7718 118853
22433 409053
13060 201340
33101 646408
24871 461636
7720 118941
22432 409001
13061 201387
24870 461592
7721 118992
13062 201434
47728 932211
24873 461727
7722 119039
22430 408956
13063 201477
33102 646454
24872 461682
7723 119086
22437 409191
13064 201522
67579 1336268
7724 119127
47736 932568
7730 119318
22747 415654
13071 201754
47737 932619
7731 119362
22741 415462
13077 201978
30298 584350
47731 932313
7737 119589
31908 614832
21048 385305
12442 184228
30297 584301
44135 855019
7738 119635
17272 298721
13078 202022
67543 1335040
31909 614879
12443 184271
30296 584254
44134 854971
7739 119681
15346 253452
32244 623160
7750 119919
28074 522028
53201 1046959
55005 1081261
15344 253357
32246 623256
7752 120019
28076 522124
53203 1047057
55007 1081346
15342 253309
46319 902550
32240 623058
7754 120110
28070 521833
53205 1047155
55001 1081121
7880 122923
28072 521932
53207 1047253
55003 1081213
7882 123015
15340 253216
7756 120201
28073 521982
53206 1047204
55002 1081167
15341 253264
7757 120250
73702 1451547
7758 120297
85266 1663467
30631 593996
10927 155341
63446 1263990
45244 877049
26571 493800
7820 120814
14013 221884
73762 1453366
85267 1663517
30630 593947
10926 155296
63447 1264034
45245 877097
26570 493755
7821 120859
45164 874573
14012 221841
73763 1453412
7828 121124
7829 121169
53293 1048919
7830 121215
14025 222060
7834 121395
14021 221972
73772 1453678
7838 121525
7839 121573
8005 124949
7840 121616
8007 125040
7842 121664
14075 223882
8006 124991
7843 121708
8108 129369
8001 124775
7844 121752
14072 223835
8109 129417
7845 121792
8003 124864
7846 121834
8002 124817
7847 121881
14070 223786
8104 129202
7848 121922
8105 129244
7849 121967
29729 569530
7855 122192
7856 122239
7863 122375
28093 522806
15219 249103
8068 127626
7865 122417
14056 223184
7874 122648
14069 223743
7875 122692
14068 223700
7876 122737
28086 522519
7877 122783
55118 1085362
32250 623352
55033 1082360
7890 123104
37178 728745
20440 367094
32362 626354
7922 123332
72414 1424108
29078 550682
7924 123383
72412 1424014
20444 367276
7926 123434
72410 1423927
7927 123479
72411 1423971
94129 1794708
88524 1701625
57429 1137005
20456 367520
7930 123570
72402 1423781
7931 123613
72403 1423830
7932 123660
14145 225802
7933 123708
72401 1423733
14144 225750
53599 1053186
7934 123752
14143 225704
20453 367459
53598 1053144
7935 123799
7936 123848
72404 1423879
79009 1568131
14141 225660
53595 1053010
7938 123896
53594 1052962
7939 123948
7940 123991
13225 206028
32310 624261
52657 1037171
7950 124120
32330 625125
8089 128554
7970 124358
40142 788340
8081 128225
7978 124547
40143 788382
8080 128179
7979 124594
15242 250250
33075 645866
53503 1049439
7980 124645
12184 179198
49078 968906
13334 207766
15243 250300
33074 645815
53502 1049397
7981 124689
12185 179244
84779 1656336
49079 968950
13335 207809
89013 1705023
87190 1685608
44490 862353
36855 721383
33337 653079
10994 157386
60140 1187636
95603 1828505
55368 1089552
8004 124911
8101 129076
8008 125086
8009 125132
8018 125466
28083 522470
8019 125513
28082 522421
53574 1052142
8028 125887
54180 1061731
15257 250700
34483 679226
13325 207382
65690 1303611
85748 1673624
12195 179682
83347 1629789
49068 968494
34482 679184
13324 207333
85749 1673665
12194 179631
53575 1052188
8029 125936
33737 664952
8038 126362
33736 664897
8039 126412
53947 1057084
33765 665871
8048 126701
15233 249801
25054 465432
53946 1057037
33764 665823
8049 126750
15232 249751
47006 916429
85271 1663674
31823 613986
10912 154631
20177 359196
63451 1264167
87116 1684556
44416 860332
17113 295531
21163 388288
53939 1056760
8050 126794
31821 613894
10910 154537
20175 359105
63453 1264256
17111 295435
21161 388189
33759 665580
8052 126883
85274 1663723
31826 614133
10917 154869
20172 359060
63454 1264297
87113 1684397
12528 187610
44413 860231
46381 904074
25049 465305
17538 302867
8055 127033
85735 1673079
12106 176313
63955 1273622
12524 187423
17075 294002
63458 1264434
25045 465169
17534 302673
53930 1056383
8059 127179
8069 127675
14057 223235
8075 127950
14047 222908
15228 249552
40140 788289
8083 128273
8084 128316
34736 682152
13348 208280
40146 788534
8085 128361
40145 788485
8086 128411
40144 788436
8087 128460
23023 420461
37127 727036
13345 208193
32331 625173
8088 128504
8102 129118
8103 129160
8106 129286
8107 129328
29728 569479
8110 129466
8520 133896
8201 129512
8202 129557
64116 1277748
8525 133941
8204 129649
64110 1277503
8205 129695
64111 1277552
29832 570947
8541 134410
25696 478044
54429 1064970
38188 750506
76124 1501256
8220 130132
64134 1278566
52035 1024818
8540 134365
74538 1465160
8221 130180
52037 1024913
29831 570904
8542 134454
8223 130225
64137 1278664
8224 130270
64130 1278372
52031 1024684
8544 134543
8225 130319
64131 1278421
8226 130367
64132 1278470
8230 130415
64124 1278078
8232 130511
64126 1278176
8234 130562
64120 1277931
20664 374492
8242 130714
8245 130862
36093 707402
12019 173226
8248 131010
38044 746643
8250 131058
38045 746689
8251 131104
38046 746734
77249 1524400
74868 1470695
8252 131148
8260 131196
20616 372830
8270 131241
92310 1756375
74880 1471024
38365 754347
8302 131287
38351 753891
8310 131336
45426 883042
20892 382480
8311 131378
20778 379010
20891 382429
8312 131427
20779 379063
38352 753940
8313 131473
36652 718219
45423 882948
20897 382681
38355 753983
8314 131529
45422 882901
20896 382628
8315 131576
45420 882854
20894 382529
38356 754026
8317 131679
20773 378735
39465 778075
38358 754113
8319 131763
20721 376501
74430 1462781
8347 132682
80532 1597965
8350 132826
80530 1597920
8352 132871
8353 132920
10314 148830
80542 1598429
8360 132965
10301 148154
80543 1598469
8361 133013
80540 1598336
8362 133061
78385 1553411
19339 340019
77379 1528722
10303 148258
8501 133406
8629 135835
8526 133984
8628 135792
8527 134032
8528 134073
8530 134119
28585 539005
14757 238018
73008 1438318
8619 135665
28586 539048
52060 1025787
8533 134170
14754 237856
72390 1423446
8534 134214
28581 538824
14753 237806
28580 538778
52066 1025925
8535 134260
14752 237756
72396 1423694
28583 538913
52065 1025877
8536 134316
14751 237710
72395 1423647
52036 1024866
8543 134499
8558 134926
8559 134972
14743 237423
72387 1423357
73032 1439376
8601 135158
32935 641392
8604 135284
28590 539189
52072 1026164
14747 237563
72383 1423218
73036 1439506
32934 641345
8605 135326
14744 237473
32937 641486
8606 135368
14745 237520
73034 1439461
32936 641439
8607 135410
73001 1438018
8610 135537
8611 135579
28584 538960
14756 237964
72392 1423548
73009 1438364
8618 135622
73017 1438721
8620 135708
73012 1438496
8625 135750
14702 235692
32971 642798
8640 135920
42234 820661
32970 642748
8641 135974
14706 235741
39358 776139
8644 136028
14707 235791
39359 776182
8645 136071
72348 1422154
8646 136113
42232 820615
32976 642853
8647 136155
72346 1422059
93912 1789311
39354 776005
8648 136197
14716 236170
32903 640424
8650 136250
8666 136292
42207 820114
8690 136334
42206 820072
8691 136377
42202 819980
8695 136420
58061 1146819
10087 143657
49676 982389
15489 258046
8720 136504
40819 799858
73145 1444138
32807 638002
8736 136995
40873 800955
32821 638575
24651 458747
8750 137280
11417 162903
23513 434149
40870 800915
32822 638619
8753 137423
11414 162759
23510 434045
32825 638707
8754 137468
89179 1710543
11413 162703
23517 434305
32824 638663
8755 137513
89178 1710497
11412 162654
40874 801004
32826 638751
24656 458792
8757 137602
32828 638838
25411 473038
24658 458886
8759 137690
8803 137833
8805 137930
8807 137979
8808 138028
79411 1576521
19310 339455
77350 1527553
41260 807923
8809 138071
79410 1576475
19311 339499
77351 1527595
77348 1527459
39250 774095
8810 138117
36590 717187
60913 1201111
17779 307157
63112 1257689
8812 138162
8816 138209
41257 807876
8818 138307
39531 779271
8822 138439
10128 144971
61634 1218840
63122 1258240
8828 138735
66901 1322638
10122 144736
63128 1258545
71457 1404355
39269 774138
8829 138782
10123 144783
63129 1258596
71456 1404305
8830 138832
39271 774181
8831 138877
8833 138977
8835 139072
8840 139210
39204 773364
8844 139257
39206 773450
8846 139307
39218 773920
8858 139700
8859 139746
38235 751306
8861 139790
17765 306713
8868 140028
92281 1755727
28334 530294
92280 1755676
28335 530336
41240 807645
8869 140077
39522 779061
79430 1576888
19371 341202
77331 1526686
91788 1743319
25875 481868
17764 306669
60803 1200747
63169 1260148
8870 140122
10176 146518
8871 140171
10177 146565
63171 1260206
94924 1807813
59112 1167292
39232 774008
8872 140218
94927 1807956
59111 1167241
10174 146424
8873 140265
88220 1697700
71721 1407435
36449 713192
60932 1201871
10175 146471
8875 140311
10173 146377
71428 1403346
94920 1807667
59116 1167445
39236 774052
8876 140357
94923 1807765
59115 1167394
10170 146236
8879 140404
8880 140453
79565 1579318
19484 344507
41571 811493
8884 140558
79561 1579192
19480 344363
75631 1488912
8885 140606
79560 1579145
19481 344407
75630 1488870
8886 140652
79563 1579278
19482 344457
75633 1488958
41572 811534
8887 140700
8890 140858
19494 344763
74653 1467253
38547 757551
8933 141212
75791 1492859
41819 814789
52349 1032231
13411 209412
62781 1245756
84055 1642642
49755 985089
8989 141264
56563 1121267
37777 740671
21851 400931
10020 142158
56560 1121138
71840 1409601
37774 740628
21852 400983
10023 142299
62051 1228187
12485 185900
48859 962956
10029 142580
62048 1228046
12494 186272
48840 962078
44181 855708
56511 1119343
71831 1409189
21863 401272
10030 142627
62049 1228092
12495 186320
48841 962122
56510 1119303
21862 401225
10031 142674
97107 1856743
12496 186363
48842 962172
13851 220832
71833 1409281
21861 401177
10032 142721
97102 1856605
12493 186226
48847 962394
56516 1119485
71836 1409412
21864 401320
10037 142955
10038 143002
10039 143049
10069 143472
84171 1647303
10080 143564
58067 1147035
84170 1647248
10081 143611
49670 982199
58072 1147213
10090 143704
10101 143751
10102 143798
10103 143845
10104 143892
10105 143939
10528 151086
97033 1854722
12935 197651
24318 450408
10106 143986
24319 450449
10107 144033
10526 150974
46345 903012
24316 450322
10108 144080
10527 151030
24317 450366
10109 144127
10110 144174
61604 1218176
10111 144220
61605 1218219
14585 233494
39157 771891
10538 151446
62203 1230171
12903 196487
10112 144267
61606 1218262
10113 144314
61607 1218305
10114 144361
10115 144408
61601 1218049
10116 144455
61602 1218092
71449 1404068
10117 144502
61603 1218134
71448 1404022
14486 230727
10532 151187
63534 1265355
10118 144549
71447 1403980
24729 459281
54814 1075288
14487 230772
10533 151237
62208 1230449
63535 1265397
10119 144595
71446 1403934
10124 144830
61638 1219019
10125 144877
61639 1219062
71450 1404109
10126 144924
10131 145112
95949 1838159
94960 1809102
58249 1149699
10133 145206
10156 145579
60555 1196234
71401 1402399
10160 145767
60541 1195655
10161 145814
60540 1195609
10166 146049
10167 146096
60546 1195876
36454 713327
61555 1217367
10168 146142
60549 1195965
71415 1402842
36455 713370
61554 1217323
10169 146189
60548 1195920
71414 1402791
10171 146283
63177 1260264
94922 1807721
59114 1167343
10172 146330
71429 1403393
59117 1167496
36444 713058
61563 1217632
10178 146612
71423 1403118
36445 713103
61562 1217591
10179 146659
71422 1403077
84321 1648619
49421 976687
23887 439202
10203 146800
10249 147031
62976 1253085
58357 1152269
89419 1712007
88250 1698076
86511 1680395
84315 1648353
49415 976416
23873 438670
58109 1147864
10277 147779
98640 1895756
58107 1147784
10279 147873
10302 148206
36663 718304
10304 148310
10305 148362
95958 1838532
58258 1150017
10306 148414
95959 1838575
58259 1150067
36660 718262
10307 148466
95956 1838436
58256 1149924
10308 148518
19333 339927
77373 1528458
95957 1838487
58257 1149972
10309 148570
10310 148622
10311 148674
17758 306473
10312 148726
10313 148778
13904 221398
12428 183612
10462 149330
20212 360637
13905 221445
12429 183659
10463 149371
20213 360698
65107 1293508
12422 183429
10468 149576
13807 219376
20218 361003
65106 1293459
12423 183471
10469 149617
13806 219330
20219 361064
10501 149901
20191 359773
63547 1265887
96086 1843143
44878 870209
99707 1918151
10511 150366
20181 359338
99702 1917855
10514 150459
20184 359445
99607 1912975
12592 189892
23480 433277
10518 150608
20188 359638
63552 1266066
10519 150660
20189 359686
10521 150770
10523 150881
10524 150931
62239 1231463
99611 1913194
12939 197798
10530 151136
63536 1265446
54812 1075202
14481 230589
14588 233598
10535 151288
63533 1265311
39159 771985
14482 230638
10536 151346
63530 1265186
10537 151395
63531 1265228
89148 1709454
11963 172116
10977 156652
10542 151594
89149 1709500
11962 172068
10976 156605
10543 151644
97058 1855727
12549 188417
10547 151794
97057 1855685
89142 1709179
85375 1667466
12546 188283
11969 172367
10548 151848
97056 1855636
89143 1709224
85374 1667420
12547 188331
11968 172318
11520 164295
10549 151898
11559 165090
10552 152057
11901 170698
44859 869672
99736 1919451
10560 152165
99731 1919199
10567 152319
99665 1915989
11931 170792
10576 152483
19946 350797
75355 1482326
44867 869988
99722 1918752
10578 152586
19947 350841
75354 1482283
44866 869946
99723 1918816
10579 152634
87131 1685030
85335 1665737
12506 186648
44431 860907
10580 152684
17017 291254
20110 356630
21287 391307
10583 152729
17014 291117
20113 356802
21284 391169
85332 1665600
12501 186451
44436 861003
10587 152780
17010 290920
20117 356955
21280 391007
10588 152831
20118 357003
60055 1184337
10589 152882
20119 357051
11953 171654
99786 1922176
85246 1662567
10590 152930
63466 1264778
11952 171607
45229 876321
10591 152983
20101 356253
63467 1264827
11954 171705
99781 1921910
10940 155625
10597 153185
60208 1190207
63461 1264561
10601 153293
61335 1210980
57356 1135370
10602 153346
61336 1211023
57355 1135327
10603 153399
61337 1211067
57354 1135280
10604 153453
61330 1210750
57353 1135232
10605 153508
61331 1210795
10606 153562
61332 1210839
62539 1240149
10607 153616
61333 1210885
62538 1240103
95419 1822965
57350 1135191
10610 153670
10702 153771
61416 1212930
44648 865045
71998 1412525
10704 153869
61410 1212677
71999 1412572
10705 153918
61411 1212720
65081 1292990
11778 169485
48916 964987
10706 153966
61412 1212765
31829 614221
10918 154919
17076 294055
85310 1664894
12527 187564
85311 1664942
12526 187515
10919 154963
17077 294106
25047 465216
17536 302771
12108 176401
85262 1663315
30635 594146
10923 155152
63442 1263857
45240 876853
26575 493942
21088 386388
85269 1663620
10928 155389
31409 606131
45235 876613
23701 436278
85257 1663066
10930 155440
44817 868199
99770 1921330
30605 593242
10953 155849
99777 1921741
30602 593113
10954 155899
20139 357769
11948 171422
45211 875489
26542 493114
10959 156039
20134 357526
11970 172416
45207 875342
99765 1921062
10964 156226
12578 189365
11971 172469
45206 875293
99764 1920991
10965 156273
85360 1666894
12575 189265
99769 1921281
10968 156323
85361 1666939
12574 189216
99768 1921227
10969 156370
20122 357193
97053 1855496
89146 1709362
85371 1667280
12542 188097
10979 156704
36862 721685
55375 1089882
33340 653237
10981 156806
12181 179068
13331 207617
36851 721195
10990 157237
16699 285102
60144 1187806
15241 250201
33076 645917
34789 683631
13337 207854
12187 179347
33335 652974
10996 157435
60142 1187719
89011 1704931
87192 1685714
44492 862463
26588 494300
15240 250151
33077 645968
34788 683588
12186 179297
89010 1704887
87193 1685767
44493 862514
36856 721433
33334 652921
10997 157482
60143 1187764
95221 1816699
84775 1656247
49075 968769
34787 683538
13339 207947
12189 179444
36859 721535
26586 494207
55364 1089413
10998 157528
16691 284819
39574 780394
28301 528971
19345 340307
77305 1526226
28208 525610
25841 480919
11020 157857
11021 157904
17737 305791
20872 381697
19344 340258
77304 1526179
28209 525661
25840 480870
36748 719485
11022 157950
20871 381646
39576 780440
28303 529077
19347 340398
25843 480961
39577 780486
93410 1778518
28302 529024
19346 340355
77306 1526273
36749 719529
11023 157997
17735 305746
11024 158044
20877 381897
28305 529182
19341 340119
77301 1526038
25845 481053
11026 158091
17730 305645
20875 381797
39572 780301
28307 529287
19343 340211
77303 1526132
53059 1042229
11027 158138
17731 305696
20874 381746
39573 780350
28306 529234
19342 340162
77302 1526085
25846 481099
53058 1042182
97710 1871132
12256 181818
11042 158281
62956 1252206
11096 158641
17740 305891
20827 380414
11101 158684
13406 209174
62796 1245952
11104 158825
13403 209085
11105 158871
13402 209040
11106 158914
13401 208987
62791 1245854
77845 1539739
19562 346739
42135 819104
27619 511240
11207 159326
98579 1893420
56520 1119662
27616 511156
11208 159369
16263 276727
56521 1119711
71801 1408774
27617 511198
21813 400012
11209 159413
16262 276676
11214 159631
11215 159675
60501 1194183
56531 1120074
27603 510613
11219 159851
16250 276196
21874 401659
11222 159982
16245 276000
21872 401608
11224 160070
60538 1195517
11226 160158
11351 161113
60625 1198055
63390 1263252
12779 192513
11352 161158
60626 1198097
58027 1145638
37888 743730
11354 161203
60620 1197847
58021 1145594
11355 161248
60621 1197889
11356 161293
60622 1197930
11357 161342
60623 1197972
11358 161389
95426 1823296
44680 866235
56430 1117337
71950 1411679
17363 300896
95427 1823336
44681 866285
56431 1117385
37885 743598
17362 300849
11359 161434
11361 161522
63382 1262860
11362 161566
63381 1262816
33585 660455
16023 271018
12768 192127
11365 161714
63386 1263054
12765 191980
11368 161858
71960 1411987
17375 301262
61374 1212324
12764 191930
11369 161901
84157 1647084
11371 162001
49657 981780
60605 1197218
14739 237223
42220 820473
32964 642431
11372 162046
49654 981653
60606 1197260
58047 1146299
14738 237173
42221 820514
32965 642484
11373 162097
49655 981698
60607 1197302
58046 1146258
58041 1146078
84152 1647030
11374 162142
11375 162188
49653 981601
60601 1197051
58040 1146033
84151 1646975
11377 162237
49651 981552
60603 1197135
58042 1146126
14733 236971
72377 1423126
39325 775126
59222 1168024
11378 162281
11380 162376
11381 162421
11385 162466
11386 162512
11405 162558
23501 433578
11418 162950
89173 1710407
11419 163000
37868 742932
62549 1240577
94621 1805798
57321 1134160
99561 1911084
11420 163055
37869 742981
62548 1240528
11421 163107
32854 639363
24624 458074
75925 1494837
14649 235326
59318 1169820
99563 1911143
11422 163153
59319 1169867
11423 163198
99565 1911245
85119 1660422
11424 163241
63339 1261305
99564 1911188
85118 1660374
11425 163285
63338 1261251
99567 1911365
11426 163329
99566 1911309
11427 163374
23523 434460
14643 235144
47957 936983
72207 1419768
37860 742551
62541 1240245
57329 1134472
59312 1169545
99569 1911483
11428 163425
14642 235099
72206 1419719
39074 769864
37861 742601
62540 1240198
57328 1134427
99568 1911426
11429 163476
63334 1261157
59313 1169588
11518 164245
89195 1710817
11433 163658
11434 163702
17029 291839
89193 1710772
11435 163746
17028 291791
60022 1183270
99689 1917322
85349 1666392
11436 163790
99686 1917142
85346 1666260
12513 186931
11439 163834
17024 291597
37819 741447
99576 1911841
11451 163877
34991 685058
11499 163921
11501 163965
17033 291972
60035 1183610
89160 1709997
12564 188784
11507 164009
17035 292064
60033 1183521
23504 433733
11509 164055
99684 1917032
85344 1666172
12511 186834
11510 164106
17026 291691
99680 1916791
89199 1710862
85340 1665972
12515 187033
11514 164150
17022 291493
99682 1916909
85342 1666072
12517 187126
11516 164198
17020 291396
11542 164436
63561 1266378
11545 164481
62279 1233156
63566 1266520
99651 1915180
97077 1856311
12979 199308
11547 164527
89157 1709862
12553 188599
12966 198778
11552 164764
62266 1232682
89156 1709816
12552 188554
12967 198829
11553 164815
99648 1915006
89151 1709591
85388 1667990
12555 188647
12960 198537
11554 164859
62260 1232394
11555 164907
62261 1232443
99649 1915066
89150 1709546
12961 198579
11556 164953
62262 1232487
97068 1856062
89153 1709681
12962 198628
11557 164999
62263 1232536
11560 165133
62254 1232113
11561 165183
62255 1232160
89102 1707353
12955 198305
11563 165230
62257 1232253
12957 198400
15558 259696
37950 745055
11565 165275
11566 165319
62252 1232024
89105 1707490
12952 198209
28793 547536
15555 259602
39180 772784
27312 503893
25440 473870
11568 165363
28792 547482
15554 259555
39181 772830
27313 503940
25441 473917
11569 165412
11570 165462
62244 1231707
97002 1853296
89135 1708859
12944 197971
11571 165514
62245 1231749
97003 1853340
89134 1708813
12945 198017
11572 165567
62246 1231797
89137 1708951
12946 198066
11575 165613
62241 1231562
97007 1853545
89130 1708632
12941 197843
11577 165702
62243 1231660
97005 1853443
89132 1708723
12943 197923
11596 165993
21230 389888
15270 251200
33025 643895
12176 178929
33304 651390
11599 166089
60191 1189662
89020 1705345
31782 612585
44441 861247
12451 184546
11692 166234
12450 184499
11693 166278
11701 166475
29341 556251
16066 272498
11702 166523
11703 166568
11704 166619
29346 556343
16061 272402
24143 446685
11705 166669
11706 166714
24141 446582
16063 272451
11707 166760
27573 509659
16124 273362
70164 1374850
73491 1447468
11709 166810
11710 166855
11713 166900
11715 166989
90403 1724619
12719 190238
11718 167129
11719 167178
65727 1304631
11720 167226
27944 518647
16045 271752
70085 1372387
11729 167561
24136 446393
53790 1054488
16054 272115
70094 1372756
11730 167608
27976 519771
16055 272169
24137 446437
53791 1054530
11731 167656
24134 446347
53792 1054572
16056 272212
70096 1372811
11732 167707
29316 555362
27974 519728
16057 272258
70097 1372865
11733 167756
27972 519640
16051 271981
70091 1372593
24133 446294
11735 167807
33629 662181
27970 519594
16053 272074
70093 1372695
24131 446203
11737 167855
65755 1305623
11738 167903
65754 1305576
11739 167953
11740 168002
33617 661705
29302 555046
15129 247366
73565 1449586
11741 168049
11742 168095
11743 168143
11746 168191
11747 168247
22152 404880
59828 1179176
65773 1306340
11756 168572
23153 424371
59826 1179087
11758 168667
11760 168714
11762 168760
48908 964681
11763 168812
48909 964724
11766 168953
11767 169002
11780 169582
11786 169764
14263 227805
12791 193071
11790 169953
12790 193023
11791 170002
60399 1190511
14261 227763
21719 397155
11792 170046
14267 227931
73538 1448457
22118 404388
11794 170138
22119 404436
11795 170187
14265 227889
23681 435974
11796 170235
14264 227847
11797 170282
11801 170374
45336 879965
17087 294518
21217 389206
11803 170467
45334 879868
17085 294426
21215 389094
61358 1211686
11815 170561
11819 170608
11853 170655
17059 293206
60093 1185718
57367 1135787
99661 1915775
11935 170989
99694 1917618
85354 1666616
11940 171133
45219 875881
44818 868243
20131 357430
11950 171513
99785 1922121
20103 356341
63465 1264736
11951 171557
99784 1922066
85244 1662519
20102 356297
63464 1264695
44809 867924
12417 183197
11980 172799
23479 433211
12008 172886
20676 374739
12015 173030
12031 173654
20607 372433
12032 173702
20604 372342
12033 173750
12035 173810
20603 372297
37216 730092
12055 174536
37214 729996
12057 174637
23039 420912
36036 705553
12078 175672
85662 1671596
34778 683396
12082 175721
12083 175769
12084 175816
13308 206626
12085 175864
13309 206672
63845 1271282
96828 1851600
59528 1174252
12095 176267
65613 1300829
12116 176547
65612 1300782
12117 176591
33740 665062
87505 1688217
44005 850537
25031 464798
17522 302388
12118 176636
12180 179023
95220 1816650
84774 1656194
49074 968721
34786 683491
13338 207900
12188 179398
15250 250400
34484 679268
13322 207244
12192 179535
15251 250450
12193 179586
13323 207289
15254 250600
37188 729184
12196 179733
34480 679101
22630 413106
13326 207431
12207 180143
99121 1903132
12209 180228
23964 441217
12230 180829
12236 181087
12237 181130
12238 181173
12250 181689
12252 181732
99148 1904205
12260 181904
99149 1904253
12261 181947
37322 732157
62801 1246001
95375 1821493
58440 1154145
58549 1157044
12301 182033
37320 732069
62803 1246047
95377 1821591
58442 1154235
12303 182137
96779 1849587
95370 1821300
58445 1154369
37327 732377
13088 202349
12304 182190
49339 975228
37324 732247
35058 687045
34611 680095
62807 1246139
12307 182349
35057 687000
13084 202252
62808 1246180
58540 1156816
12308 182402
49335 975054
35056 686955
62809 1246226
96774 1849411
58448 1154416
58541 1156862
12309 182455
37302 731286
62825 1246904
12325 182508
34116 673558
12345 182560
12401 182613
12404 182702
12410 182924
12411 182969
12412 183017
12413 183064
12414 183106
12416 183151
12418 183242
12419 183292
65104 1293361
12421 183384
13804 219281
65101 1293214
12424 183518
13801 219143
65102 1293263
12427 183566
13802 219192
12432 183798
12433 183841
12435 183934
12436 183986
20208 360454
12444 184314
12460 184980
12461 185025
22044 403537
12463 185072
22046 403587
12464 185119
22041 403387
12465 185165
22040 403325
12466 185211
22043 403487
12468 185257
12469 185305
87006 1681152
12471 185399
44506 862803
22032 402951
19930 350252
75381 1483057
12474 185533
44503 862659
22037 403176
19931 350301
75380 1483014
87002 1681011
12475 185579
44502 862610
22036 403131
19933 350344
47264 921726
75382 1483100
12477 185620
22034 403041
62054 1228330
12480 185667
62044 1227868
97109 1856839
12498 186406
20262 362710
85331 1665550
12502 186496
17013 291068
12503 186541
17012 291020
20115 356861
21282 391119
85337 1665829
12504 186590
17015 291164
20112 356743
21285 391215
85334 1665690
12507 186694
44430 860856
17016 291208
20111 356684
21286 391261
12508 186742
17019 291352
21289 391419
60053 1184290
99685 1917083
85345 1666214
12510 186787
17027 291743
99687 1917195
85347 1666308
12512 186885
17025 291645
19850 349252
99681 1916852
85341 1666027
12514 186979
17023 291546
60029 1183398
99683 1916962
85343 1666122
12516 187081
17021 291441
12601 189985
12520 187222
17071 293807
25043 465081
17532 302577
12603 190087
87119 1684663
12522 187324
17073 293910
20178 359242
53937 1056716
33755 665385
17533 302625
12602 190036
12523 187374
44418 860427
17072 293856
25044 465120
17535 302724
12604 190138
85312 1664989
12525 187470
17074 293959
63459 1264474
12530 187703
44429 860806
17003 290637
60045 1184019
12531 187753
44428 860760
17002 290588
60044 1183976
17109 295341
12533 187798
21290 391475
60046 1184065
85329 1665503
12534 187854
17007 290819
21297 391531
60041 1183841
12537 187898
17004 290683
20169 358916
60042 1183885
97051 1855444
89144 1709270
85373 1667372
12540 187997
97050 1855400
89145 1709316
85372 1667324
12541 188048
89147 1709408
12543 188141
97055 1855592
89140 1709088
85377 1667571
12544 188186
97054 1855541
89141 1709133
85376 1667519
12545 188235
89165 1710224
12561 188692
17030 291886
12563 188738
17032 291929
60034 1183566
89161 1710042
12565 188830
17034 292017
89162 1710088
12566 188877
23508 433941
17037 292162
60031 1183480
89163 1710134
12567 188923
23509 433993
17036 292113
60030 1183436
12568 188973
23506 433837
17039 292253
12569 189020
23507 433889
17038 292206
97041 1855096
85367 1667200
12572 189168
20124 357242
97044 1855203
85362 1666987
12577 189313
45209 875440
20121 357144
97019 1854092
12588 189744
99605 1912867
97027 1854421
12590 189838
23482 433328
97023 1854278
12594 189938
23486 433427
83861 1639670
12720 190287
35288 693103
22183 405405
83860 1639627
12721 190331
22182 405362
12722 190382
22181 405319
12723 190431
22180 405275
83865 1639767
12724 190479
83864 1639721
12725 190534
22185 405449
20419 366000
83867 1639855
12726 190583
54232 1062840
14108 224657
47135 919027
20418 365939
83866 1639812
12727 190630
14109 224701
47134 918977
83855 1639438
12732 190736
83854 1639388
12733 190781
83853 1639341
12734 190829
83851 1639249
12736 190876
83850 1639200
12737 190929
12738 190977
35290 693153
83841 1638786
12740 191025
83840 1638740
12741 191076
83843 1638879
12742 191122
83842 1638831
12743 191167
46146 897685
33674 663032
27983 520033
16002 270672
83844 1638922
12745 191219
33677 663126
27980 519909
16001 270630
25106 466516
83847 1639064
12746 191269
83846 1639018
12747 191313
83849 1639155
12748 191363
83848 1639110
12749 191416
12750 191469
12751 191519
12752 191571
46175 898779
53821 1055462
33687 663502
16039 271617
15089 246477
47161 919735
25114 466870
24283 449881
12754 191625
46165 898402
16029 271246
12762 191826
47170 920060
25123 467095
46164 898357
16028 271198
12763 191878
12766 192028
12767 192079
15065 245462
25130 467264
12770 192227
15064 245416
12771 192274
12778 192465
14276 228140
73507 1447740
32445 628154
53703 1053318
12780 192567
23692 436111
12781 192616
23693 436154
12783 192666
23691 436069
22124 404580
14272 228057
73503 1447602
53707 1053485
12784 192714
23696 436237
14273 228099
73502 1447557
32440 627967
53706 1053443
12785 192766
22122 404534
12801 193165
18627 324191
22305 407403
22209 406153
43402 837902
68922 1361799
12804 193269
18622 323945
48807 960735
12815 193608
48874 963488
12817 193705
18635 324514
48876 963577
12820 193801
18642 324695
48827 961573
12821 193848
18643 324739
48826 961525
12823 193943
18641 324649
48824 961427
62027 1227361
12828 194092
62018 1226986
12831 194144
12832 194193
48813 960966
12833 194243
48812 960917
12834 194299
48815 961011
12835 194348
12836 194393
48817 961107
12837 194435
48816 961058
62011 1226658
12838 194483
48819 961201
62010 1226612
12839 194532
48818 961155
15628 261094
30180 581079
12841 194585
12842 194641
12843 194691
12844 194736
12845 194786
12847 194883
62031 1227491
12858 195423
62030 1227446
12859 195465
48838 962029
12860 195518
12861 195567
12862 195621
43569 842229
12863 195666
12864 195720
12865 195765
12866 195811
19108 335247
62366 1235771
12870 195866
12871 195914
12872 195966
12873 196011
65278 1295617
12874 196059
15637 261507
33462 656541
65274 1295480
12878 196106
43555 841861
15636 261452
33463 656592
32648 633285
65275 1295527
12879 196154
43554 841815
14416 228698
62088 1229586
12883 196197
65078 1292850
13813 219653
14411 228526
75252 1481080
12884 196244
13814 219697
14410 228478
75253 1481123
12885 196296
13815 219749
14413 228570
75250 1480994
97148 1858502
12886 196343
97149 1858547
12887 196389
99629 1914026
85075 1659816
12901 196439
37916 744180
62217 1230643
85063 1659264
12917 196873
37919 744311
62218 1230689
99630 1914090
12918 196917
23455 432289
37918 744267
62219 1230735
99631 1914148
12919 196964
23454 432223
89111 1707763
85054 1659079
12920 197011
89110 1707718
12921 197060
15549 259311
39176 772647
89113 1707854
12922 197103
89116 1707992
85053 1659032
12927 197299
89119 1708129
12928 197355
49915 990265
15542 259035
73106 1442218
89118 1708083
12929 197402
97036 1854869
12930 197447
97034 1854765
12932 197502
97035 1854817
12933 197551
97032 1854677
12934 197597
97030 1854577
12936 197704
97031 1854625
12937 197745
15559 259744
41622 812085
89107 1707581
12950 198168
89104 1707445
12953 198260
49908 990030
89101 1707307
12956 198355
15551 259406
27316 504093
25444 474075
12958 198444
49903 989938
15550 259356
27317 504139
12959 198488
49902 989898
99650 1915127
97076 1856260
85390 1668038
12978 199263
14507 231092
40902 801049
55719 1096783
32730 635483
12981 199414
49840 987994
23422 430961
14505 231007
32732 635533
12983 199459
23420 430868
12986 199561
49847 988135
14517 231507
96146 1845610
64082 1276620
12995 199796
14514 231364
96145 1845562
64081 1276571
12996 199847
14515 231412
64080 1276524
12997 199892
12998 199938
13026 200163
18913 328211
13028 200257
15322 252469
55124 1085642
24887 462096
22405 408575
65484 1298790
13030 200355
15323 252517
55125 1085689
48509 954856
22404 408509
13031 200401
18929 328847
22407 408681
13032 200448
68629 1353990
76859 1515922
65486 1298833
15320 252376
55126 1085740
18928 328804
22406 408628
13033 200495
68628 1353946
76858 1515876
15321 252423
55127 1085786
24884 462051
35179 690105
13034 200536
22401 408324
15327 252662
55121 1085503
24882 462008
35178 690062
13035 200579
15324 252568
55122 1085550
24881 461959
22403 408456
13036 200625
15325 252617
55123 1085596
24880 461914
23269 427104
22402 408390
65483 1298748
13037 200675
22729 414893
13053 201146
68644 1354555
76834 1515217
18944 329407
24878 461823
17267 298573
13069 201711
67574 1336087
22740 415408
13076 201933
35053 686814
13080 202070
35052 686762
13081 202115
35051 686716
13082 202162
13083 202209
37328 732424
35054 686862
13087 202300
18824 326791
22542 411266
13111 202902
68724 1356059
22547 411460
65814 1307587
18821 326639
13114 203038
62998 1253816
16733 285645
18820 326591
22546 411410
13115 203081
62999 1253860
68720 1355929
16732 285601
35653 699203
13118 203215
62994 1253629
23917 439820
59761 1178290
35652 699151
13119 203258
62995 1253676
32110 618119
31601 608971
16422 279764
13124 203493
16430 280040
73945 1455034
32007 615408
22851 417294
13132 203628
22565 411948
16436 280289
13134 203677
13138 203862
13140 203956
13163 204858
68774 1357967
13165 204952
13201 205091
23066 421680
22652 413666
13202 205138
23065 421630
13205 205278
23062 421480
22656 413823
13206 205325
23061 421429
22655 413770
13207 205372
23060 421382
22654 413718
64475 1282808
13208 205418
64474 1282765
13209 205464
22625 412949
64443 1281680
13210 205511
22624 412898
64442 1281631
13211 205558
22627 413056
64441 1281589
13212 205605
34491 679459
13214 205652
22620 412753
64446 1281812
13215 205699
34492 679507
22622 412795
64444 1281725
13217 205746
13218 205793
13219 205840
14126 225042
32315 624490
13220 205887
14127 225086
32314 624444
13221 205934
13368 208940
13224 205981
13235 206075
23183 425260
64454 1282038
13261 206309
13290 206356
95219 1816601
84745 1654972
49045 967567
34777 683346
13301 206403
84746 1655023
49046 967614
13302 206451
84747 1655070
49047 967656
13303 206493
34772 683248
13304 206533
63848 1271424
84740 1654746
49040 967376
14139 225567
73666 1451281
23072 421966
22646 413529
13310 206717
23070 421867
22644 413428
13312 206764
23071 421917
22645 413479
13313 206811
23076 422056
64468 1282536
22642 413340
13314 206859
22643 413383
13315 206907
22640 413241
13316 206959
23075 422012
22641 413290
13317 207002
79079 1570405
14131 225227
13318 207054
79078 1570357
14130 225185
13319 207100
13346 208234
23030 420658
37134 727403
13352 208370
23031 420713
37135 727459
34729 682018
13353 208415
23043 421009
13361 208652
13407 209223
13409 209315
13410 209362
14719 236312
72355 1422434
84057 1642731
49757 985183
13413 209461
84051 1642450
49751 984951
13415 209510
13416 209557
62786 1245805
84052 1642503
49752 985000
84053 1642547
49753 985045
13417 209601
14712 236022
32907 640611
13418 209649
37682 737832
13420 209703
37683 737884
13421 209751
37686 737988
84068 1643215
83641 1634943
49768 985568
13424 209795
37687 738037
84069 1643261
49769 985615
13425 209840
37684 737934
13426 209891
84064 1643033
49764 985434
13428 209934
13441 210362
13449 210444
62445 1237611
13456 210686
13459 210781
13460 210835
13461 210882
13464 210926
13465 210971
13468 211018
13469 211072
13470 211119
13471 211165
13475 211296
13476 211350
13477 211393
13480 211538
13482 211585
62712 1244722
13483 211637
13485 211729
62715 1244770
13486 211779
62716 1244820
13488 211828
13489 211873
62719 1244870
13490 211920
13491 211969
62701 1244275
13492 212021
62702 1244322
13494 212117
62704 1244422
13495 212162
62705 1244472
13501 212208
28526 536915
33971 672290
15870 268443
25666 477395
13502 212250
13503 212292
35988 704271
13504 212334
35989 704315
13505 212376
34233 675619
13599 212418
69165 1367165
13602 212509
13603 212557
13606 212650
77420 1530039
13607 212702
13608 212756
13611 212803
19886 349454
77433 1530460
13612 212852
19885 349403
77430 1530324
13613 212903
19884 349352
77431 1530368
13614 212959
77436 1530603
13615 213012
77437 1530645
13616 213061
77434 1530504
13617 213108
19880 349302
77435 1530553
13618 213157
13619 213209
13622 213356
13623 213404
13626 213553
13627 213599
13628 213645
68055 1343522
13638 214092
13639 214143
13640 214190
16602 281702
13645 214404
62649 1242649
68070 1344164
16601 281659
13646 214457
68073 1344300
13652 214764
13658 215013
22963 419228
13660 215110
68789 1358549
77482 1532549
13661 215158
68788 1358503
77483 1532597
13662 215207
48367 951060
77480 1532455
22967 419365
13664 215257
48361 950872
77486 1532731
77487 1532783
13665 215310
48360 950825
22965 419322
13666 215363
48363 950968
77484 1532646
22964 419274
13667 215418
48362 950920
77485 1532688
13668 215468
68781 1358245
76711 1514303
13669 215518
68780 1358204
76710 1514261
77496 1533095
13670 215571
77497 1533145
13671 215625
77494 1533054
13672 215669
22957 419033
13676 215878
22959 419133
13678 215978
22958 419087
13679 216033
22905 417646
13682 216188
43908 847748
22904 417578
13683 216234
43909 847795
22903 417510
13684 216288
22902 417442
13685 216338
48348 950544
16648 283108
13687 216391
16639 282777
35768 701032
22971 419504
13690 216446
76707 1514175
46680 908135
16638 282729
35769 701080
13691 216497
76706 1514132
22973 419591
13692 216544
76705 1514089
22972 419546
13693 216604
76704 1514046
13694 216658
76703 1514003
22974 419640
13695 216711
68792 1358676
76702 1513960
13696 216762
68791 1358635
76701 1513917
22976 419683
13697 216816
68790 1358592
55385 1090358
16630 282405
35761 700706
13699 216867
13730 216917
13731 216961
62681 1243680
13732 217005
62682 1243728
13738 217238
62688 1243913
13739 217291
62689 1243957
13744 217434
13745 217483
13746 217535
13747 217586
13754 217924
13755 217968
13758 218119
13763 218305
43951 849347
48334 950128
97419 1865513
18331 318568
13778 218544
16656 283397
35747 700106
69214 1367720
13783 218681
62633 1242260
16652 283253
13787 218824
43971 849836
13788 218873
48353 950637
62638 1242385
69334 1368170
13790 218918
43962 849543
48329 949885
18302 318046
35758 700564
13794 218967
62624 1241885
35759 700609
13795 219012
43967 849694
62625 1241932
29403 557679
54432 1065060
16669 283969
13796 219057
43964 849647
62626 1241979
29402 557628
54433 1065107
16668 283927
13797 219101
62627 1242029
13803 219234
14415 228655
13810 219513
62380 1236173
14414 228611
13811 219562
65079 1292893
13812 219611
13825 219839
13826 219881
13827 219926
15689 263549
13830 219967
13832 220012
13833 220059
14479 230489
75236 1480484
13834 220106
14478 230443
75237 1480525
13835 220156
15681 263144
32703 634406
14475 230314
70631 1384352
54880 1077641
13838 220200
15680 263095
32702 634364
13839 220245
33486 657654
27216 501644
14467 230040
75202 1479072
40523 797164
13840 220297
33487 657705
27217 501693
14466 229995
75203 1479115
40522 797117
13841 220342
33484 657601
27214 501543
14898 242754
70629 1384251
13842 220397
15698 263963
27215 501595
14464 229953
75201 1479029
13843 220450
33482 657495
32719 635037
27212 501455
14463 229911
75206 1479241
22350 408265
13844 220505
33483 657548
32718 634987
27213 501499
14462 229862
75207 1479283
40526 797258
13845 220557
33480 657393
14461 229819
75204 1479156
13846 220604
14529 231913
33481 657444
13847 220651
14526 231825
15693 263760
32715 634875
14892 242521
13848 220701
14527 231869
15692 263700
32714 634819
14893 242564
13849 220744
13850 220789
13859 220920
13861 221022
43437 838715
62058 1228422
18617 323748
48850 962535
13862 221071
43434 838570
18614 323611
48853 962670
14001 221492
14004 221532
32219 622101
14005 221572
32218 622053
14006 221619
73759 1453243
14020 221927
73773 1453722
14028 222186
14029 222228
14032 222362
46394 904490
33767 665969
14038 222634
15231 249701
53944 1056986
33766 665920
14039 222679
15230 249651
25057 465475
14054 223088
33008 643087
28097 522854
30248 582539
14080 223924
46366 903570
14081 223966
14082 224013
45659 886096
14083 224062
45658 886053
46365 903523
14085 224111
14086 224155
46360 903422
28052 521610
55063 1083338
30259 582900
14091 224199
14092 224241
14094 224287
45669 886323
14095 224331
32266 623752
28056 521788
55067 1083473
30250 582587
14098 224377
46372 903715
24347 451005
35287 693053
20410 365514
14101 224426
20413 365696
14102 224475
35285 693003
20412 365635
14103 224517
35283 692953
20414 365757
14105 224561
47138 919172
14125 224996
73654 1450887
32316 624536
14132 225276
14133 225321
14134 225370
14135 225413
14136 225460
73669 1451419
79070 1570164
14138 225513
73667 1451333
20451 367398
79008 1568083
14140 225613
20423 366244
79018 1568495
14150 225853
20422 366183
79019 1568542
14151 225897
72515 1426927
23003 419989
20437 366972
14166 225941
32355 626028
23002 419934
20436 366911
14167 225997
20439 367033
14168 226044
46282 901747
72524 1427244
14169 226096
15140 247821
46283 901796
72525 1427291
14208 226673
14209 226715
14216 227008
32421 627173
86322 1677577
31544 607761
20238 361978
14220 227176
86323 1677626
31545 607810
20239 362039
14221 227218
20355 363869
62098 1230015
86320 1677486
31546 607851
14222 227260
14223 227302
14224 227343
72668 1431330
53777 1054068
14225 227385
72669 1431370
29290 554901
14226 227427
14240 227637
32455 628426
14269 227973
73536 1448367
27556 509108
14301 228224
16105 272699
70145 1374069
24162 447210
32618 632507
27555 509064
14302 228275
70146 1374118
24161 447157
32619 632551
14303 228326
16107 272748
27553 509022
14304 228376
24167 447304
27552 508978
14305 228427
16101 272552
70141 1373913
14418 228742
14420 228788
72064 1415146
14422 228834
72066 1415234
14423 228877
72067 1415286
14424 228927
72060 1415007
14425 228976
72061 1415056
14427 229023
71008 1392289
72063 1415098
14428 229068
71007 1392239
14429 229115
71006 1392196
14430 229162
75277 1481638
14432 229207
75275 1481595
14433 229259
14435 229300
72079 1415750
54848 1076598
14437 229348
75270 1481552
27278 502903
14449 229542
33497 657907
27207 501315
14450 229593
14521 231695
32712 634733
14468 230086
14895 242655
14520 231645
15695 263810
33488 657756
32713 634775
14469 230129
14894 242608
15684 263290
32706 634492
14470 230175
70634 1384488
15685 263343
32707 634539
14471 230219
15686 263395
32704 634449
14472 230264
14476 230356
70632 1384396
15682 263191
15683 263239
32701 634309
14477 230401
70633 1384440
75238 1480567
54813 1075243
14480 230539
14589 233642
54816 1075335
14485 230682
39153 771761
24726 459236
14488 230820
14580 233450
39152 771718
14489 230875
14504 230959
32733 635578
14512 231278
55708 1096385
14513 231322
55709 1096432
14516 231461
14522 231736
15697 263911
14525 231779
15690 263598
32716 634931
14891 242470
75209 1479369
98103 1878828
14532 232006
32767 636585
14886 242329
71050 1393572
98102 1878786
14533 232050
32766 636540
14887 242378
71051 1393620
98105 1878914
14534 232098
14880 242050
75218 1479711
98107 1879000
14536 232144
32763 636402
14882 242149
98106 1878957
14537 232193
32762 636357
14883 242195
71055 1393713
71063 1393906
26175 486597
98112 1879226
14541 232336
98111 1879183
14542 232380
98110 1879129
14543 232420
14878 241959
70609 1383992
71066 1394052
26170 486547
98117 1879441
14544 232461
98116 1879398
14545 232506
14879 242006
71067 1394103
98115 1879355
14546 232556
32779 637031
98114 1879312
14547 232604
32778 636991
98121 1879569
14550 232752
32745 635852
14864 241431
14551 232804
32744 635804
14865 241477
14861 241338
26169 486504
98124 1879655
14555 232845
98127 1879783
14556 232892
98126 1879740
14557 232938
14863 241381
71079 1394523
26164 486413
98129 1879826
14558 232987
14559 233038
14560 233086
32753 636137
98136 1879998
14561 233138
32752 636090
26155 486173
98134 1879955
14563 233183
32750 635999
98133 1879912
14564 233229
15938 269607
32757 636269
71082 1394619
26150 486037
14568 233272
15934 269419
14569 233316
15935 269462
14571 233359
26146 485849
14572 233405
14586 233547
40983 802376
39154 771804
14610 234183
15459 256777
47984 938021
14611 234229
15458 256724
14614 234367
15868 268400
47980 937834
73099 1441915
14615 234413
47981 937878
73098 1441870
28538 537325
33949 671610
14616 234459
47982 937924
25678 477737
28539 537370
33948 671556
14617 234505
47983 937971
14620 234643
55616 1096071
14621 234689
15486 257949
14622 234735
15485 257904
40829 800165
55614 1095986
14623 234780
15484 257861
40828 800122
55615 1096031
14624 234826
15483 257811
55612 1095901
14625 234872
15482 257761
55613 1095942
32859 639583
75928 1494931
14644 235190
47950 936754
14646 235235
40849 800520
47952 936843
72202 1419525
14647 235280
72203 1419574
39071 769776
39062 769560
32867 639759
75934 1495207
14650 235371
39063 769602
75935 1495245
14651 235417
39060 769470
75936 1495288
14652 235463
39061 769513
24614 457886
75937 1495331
14653 235508
42328 822162
14692 235553
73123 1443099
70739 1387102
26040 484503
14694 235598
73125 1443203
14701 235643
42236 820703
14708 235839
39356 776093
14709 235882
14710 235929
93908 1789264
39342 775682
32905 640519
14711 235978
32904 640473
14714 236074
72358 1422477
39346 775771
32901 640332
14715 236124
72359 1422524
39347 775818
14717 236217
39345 775729
32902 640377
14718 236262
72354 1422388
14720 236365
39332 775363
32957 642072
14721 236413
32956 642025
14722 236457
42219 820430
39330 775316
32955 641978
14723 236508
32954 641927
14724 236561
39336 775456
32953 641875
14726 236608
32951 641770
14727 236665
39335 775405
32950 641725
14728 236708
14729 236760
14730 236811
72374 1423028
39326 775178
14731 236866
39327 775228
14735 237020
39323 775042
32968 642643
14736 237067
72372 1422935
39320 774949
14737 237120
72373 1422986
14742 237372
72386 1423311
73033 1439420
39088 770326
32931 641247
28594 539234
52076 1026355
28582 538868
52064 1025834
14750 237661
72394 1423598
28587 539094
14755 237909
72391 1423496
14758 238067
73007 1438272
14760 238113
28806 547829
14766 238159
29458 559955
25708 478460
14767 238205
28801 547590
25709 478507
14769 238251
29457 559902
25707 478413
14770 238300
73023 1438989
32925 641115
14772 238351
73021 1438900
32927 641204
14774 238399
73027 1439166
14775 238446
41759 814008
73026 1439120
32920 640935
14777 238493
73024 1439034
32922 640987
14778 238540
41754 813965
14779 238599
14782 238698
15437 255919
73073 1441021
14783 238752
15436 255871
73072 1440976
14784 238802
15431 255636
73075 1441104
14785 238851
15430 255587
41729 813498
73074 1441062
14786 238896
15433 255728
73077 1441153
14787 238951
15432 255680
14788 239000
47920 935813
73079 1441241
39042 768940
31066 601566
14801 239054
31064 601474
14803 239143
17954 311411
22246 407132
19161 337874
67278 1330159
19028 331935
77068 1521237
65247 1294697
31062 601378
14805 239239
17952 311313
22245 407083
19162 337929
31061 601329
14806 239283
17951 311266
31060 601286
14807 239328
19025 331787
43549 841593
77065 1521106
64061 1275662
14808 239373
14809 239418
26101 485123
19172 338094
14816 239690
15617 260544
31051 600967
14818 239788
17961 311618
15619 260642
31050 600919
14819 239834
17960 311565
15618 260591
33436 655615
17979 312222
15601 260087
31049 600877
14822 239975
73344 1445897
14860 241297
32746 635901
14867 241529
14869 241575
71073 1394384
26161 486316
14881 242091
75219 1479754
15696 263858
32710 634688
14897 242704
14901 242800
70770 1388292
28667 542076
15520 258334
14905 242975
70774 1388449
28663 541896
15001 243019
15003 243065
71647 1406232
15004 243110
71640 1406009
15005 243160
15006 243202
71642 1406052
15007 243251
71643 1406102
33513 658306
70079 1372052
15009 243300
30091 577540
70060 1371250
15779 266797
15010 243343
71654 1406416
30093 577643
70062 1371305
15012 243392
71656 1406504
30095 577734
61710 1219725
70064 1371411
15014 243442
33503 658060
30094 577688
70065 1371464
15015 243494
71651 1406276
30096 577779
70067 1371517
15017 243547
71653 1406367
30099 577912
70068 1371571
15771 266406
15018 243598
30098 577867
70069 1371630
15770 266358
15019 243649
33576 660212
61724 1219951
70050 1370717
15020 243696
15021 243742
71665 1406865
33574 660118
61726 1220042
70052 1370832
15022 243795
71666 1406910
33572 660005
61720 1219773
70054 1370933
15024 243843
71660 1406681
33573 660060
61721 1219816
70055 1370985
15025 243890
71661 1406733
33570 659899
61722 1219864
70056 1371040
15026 243938
71662 1406778
33571 659948
61723 1219910
70057 1371093
15027 243985
71663 1406820
15028 244028
45740 888477
15030 244076
15031 244125
33568 659797
15032 244170
33569 659848
70043 1370507
15033 244221
15034 244268
71678 1407255
15035 244318
15037 244374
15038 244423
71674 1407084
61734 1220402
15711 264145
30339 585928
27869 516019
70032 1370067
15042 244470
24248 449026
30338 585884
27868 515977
70033 1370114
15043 244513
15044 244558
46219 899842
15045 244606
46218 899793
15046 244654
15047 244702
30332 585665
27862 515681
70039 1370345
15049 244750
45721 888056
46214 899646
24243 448849
18512 322993
15050 244797
15051 244843
45739 888429
15053 244937
46120 896851
30349 586320
27819 513888
15054 244982
18517 323090
46121 896898
30348 586276
27818 513845
15055 245032
15056 245081
24258 449204
18515 323041
15057 245130
30344 586146
27814 513656
15059 245180
46112 896616
27508 507244
15066 245517
25133 467352
46113 896666
27509 507287
15067 245566
25132 467307
27506 507148
15068 245616
27507 507197
15069 245673
16172 274633
73425 1446072
18577 323285
15071 245730
16148 274109
73435 1446306
27518 507687
70002 1369528
15072 245777
73436 1446346
30109 578309
70004 1369637
15074 245829
73430 1446121
30108 578265
70005 1369692
15075 245875
30105 578129
27512 507417
15078 246025
16141 273872
15081 246072
53820 1055420
33686 663455
16038 271569
15088 246423
47160 919683
25115 466913
24282 449834
15101 246724
15102 246774
73546 1448769
15104 246824
72569 1428848
73540 1448543
15106 246872
73542 1448634
29260 554855
88546 1702528
49116 970378
20470 367825
15108 246920
72565 1428654
15112 247015
72555 1428365
15120 247118
29202 553454
15122 247167
15123 247219
29201 553407
33619 661801
15127 247319
29205 553594
15131 247415
72572 1428943
33608 661275
75185 1478890
15132 247465
72571 1428896
15134 247565
72577 1429119
15135 247615
72576 1429077
15136 247665
72575 1429028
29218 554158
15137 247718
29219 554205
15142 247868
72527 1427390
32358 626166
15143 247914
46280 901696
72526 1427341
32359 626213
15144 247962
72521 1427101
15145 248011
72520 1427060
15146 248062
46285 901845
72523 1427198
15147 248112
72522 1427146
15148 248158
32352 625940
15201 248208
47035 917327
25088 466297
53543 1050945
33714 664404
15202 248258
47036 917375
53542 1050903
33715 664459
15203 248308
47037 917423
53545 1051031
33712 664295
16388 278985
15204 248358
46239 900623
47030 917101
53544 1050987
33713 664350
15205 248408
47031 917148
53547 1051121
33710 664185
30359 586668
27809 513426
15206 248458
47032 917190
53546 1051076
33711 664240
30358 586626
27808 513383
15207 248508
47033 917240
24269 449421
53940 1056809
33762 665725
15234 249851
25053 465389
53941 1056855
33763 665774
15235 249901
47001 916326
53569 1051917
33732 664732
15268 251150
73624 1450117
54137 1060441
15282 251650
45636 885300
30220 581898
54136 1060393
15283 251700
15286 251750
17568 303795
15290 251850
30214 581670
45122 873439
15295 251900
45629 885068
28042 521513
53211 1047449
45119 873302
15330 252758
28043 521560
53210 1047400
55014 1081672
45118 873254
15331 252810
28040 521422
53213 1047546
55017 1081773
15332 252860
28041 521472
53212 1047497
55016 1081719
15333 252912
15334 252966
53217 1047741
55013 1081622
30269 583254
15336 253015
53216 1047692
55012 1081573
30268 583210
54082 1059175
15337 253067
15338 253114
53218 1047790
30266 583160
15339 253161
46304 902284
15348 253548
15349 253598
46312 902503
73705 1451633
15353 253786
55115 1085219
15357 253830
55111 1085030
32259 623645
15358 253879
32256 623502
15359 253931
32257 623550
15360 253979
73724 1451978
32226 622433
28016 520485
53223 1048035
55027 1082141
15361 254032
32227 622481
28017 520535
53222 1047986
55026 1082096
15362 254082
73726 1452021
32224 622338
15363 254126
73727 1452065
32225 622386
15366 254272
73722 1451930
32220 622149
28010 520391
53225 1048133
55021 1081953
15367 254324
32221 622196
15368 254372
15370 254422
33187 649622
32232 622672
28002 520215
15376 254469
33181 649352
32234 622770
33180 649306
32235 622818
39739 782443
15377 254524
15378 254576
55172 1086400
39736 782347
39737 782392
15379 254625
30521 590684
15380 254681
15410 254775
72215 1420061
15411 254816
47944 936569
72214 1420012
29819 570528
15412 254862
72217 1420159
33908 670263
75850 1493850
15416 255005
47943 936524
33907 670219
29812 570350
15419 255100
73055 1440252
15435 255825
47928 936140
73071 1440931
15440 256058
72223 1420355
73084 1441422
15442 256108
47971 937597
72221 1420257
73086 1441510
28533 537233
15454 256578
15861 268146
47989 938205
73090 1441596
28531 537137
15456 256672
15863 268197
73092 1441645
25671 477568
33936 671283
15460 256825
15461 256869
15462 256916
33935 671240
15463 256961
33932 671190
29809 570256
15464 257011
29808 570215
15465 257056
33930 671098
15466 257108
33931 671140
15467 257152
29805 570174
15468 257200
29804 570133
15469 257247
15470 257296
47965 937306
15474 257434
40858 800691
72231 1420502
15475 257483
47960 937119
15476 257529
47963 937216
15477 257572
47962 937164
75915 1494792
15478 257619
40854 800565
15490 258099
72295 1420596
28743 545339
15501 258189
55772 1098629
15510 258287
28666 542035
15521 258379
28730 544724
15532 258562
55763 1098254
27371 505257
28731 544771
15533 258607
27370 505211
28736 545004
15534 258655
55765 1098344
27377 505487
28737 545049
15535 258705
55764 1098301
27376 505444
28734 544915
15536 258753
55767 1098442
27375 505394
28735 544958
15537 258802
55766 1098395
27374 505349
15539 258893
55768 1098490
28782 547009
15540 258941
41619 812003
73104 1442114
28783 547049
15541 258989
73105 1442166
28786 547191
15544 259081
28784 547097
15546 259169
73102 1442011
39179 772741
28785 547143
15547 259215
73103 1442063
15552 259454
27315 504045
15553 259503
27314 503994
25446 474125
28791 547429
15557 259649
39182 772876
27310 503801
25442 473963
28766 546384
15560 259793
15561 259843
27344 504684
15562 259892
28765 546338
15563 259937
28763 546298
15565 260035
73129 1443411
27340 504500
15624 260895
33417 654652
18660 325118
15627 261046
33414 654491
27284 503095
15629 261143
32653 633336
15631 261201
33464 656643
15632 261246
33467 656796
15633 261294
33466 656745
15634 261347
33461 656490
15635 261400
33460 656440
15638 261558
18690 325214
15639 261610
50548 1007648
19107 335192
15640 261659
19106 335137
15641 261712
19105 335082
15642 261764
19103 334972
15644 261812
19101 334862
15646 261864
15647 261918
33478 657345
15650 261968
33445 656033
31018 599561
19138 336829
15655 262018
33440 655775
15656 262072
33443 655927
19135 336664
31010 599204
17920 310221
15658 262121
31028 600012
15660 262172
31029 600061
15661 262221
19129 336334
76180 1502417
15662 262274
19128 336279
76181 1502472
15663 262322
15664 262371
15665 262421
15666 262466
33455 656293
38126 748919
19123 336008
31020 599655
15668 262523
65233 1294333
18765 325895
31038 600473
15670 262577
65232 1294284
18764 325845
31039 600519
15671 262633
38138 749401
65231 1294237
18767 325995
15672 262685
38139 749448
68866 1361035
65230 1294192
18766 325945
15673 262739
15674 262790
15675 262839
19078 333903
77038 1519923
15676 262886
18762 325795
19079 333953
77039 1519967
15677 262943
31030 600105
21545 393117
15678 262992
38132 749138
67226 1329700
19076 333851
77036 1519835
31031 600152
17901 310171
15679 263042
15687 263448
15688 263501
15691 263652
15701 264011
33514 658351
15705 264056
33510 658206
33563 659534
61735 1220447
70049 1370660
15710 264101
55981 1103099
61737 1220533
15712 264190
55983 1103186
61736 1220491
15713 264235
55982 1103144
33567 659745
61731 1220266
15714 264280
55985 1103233
33566 659692
61730 1220221
15715 264333
33565 659639
61733 1220353
15716 264380
55987 1103280
33564 659586
61732 1220309
15717 264428
15720 264477
15721 264527
55992 1103461
30175 580848
15722 264576
55991 1103411
30176 580898
15723 264625
55990 1103366
30177 580944
15724 264676
30170 580668
15725 264725
30171 580715
15727 264773
30173 580800
98042 1877264
15728 264816
98043 1877303
15729 264860
15730 264907
33547 659208
15731 264957
15732 265000
33545 659159
15733 265047
33544 659110
15734 265096
33543 659061
30168 580582
98058 1877799
15736 265143
33541 658967
98059 1877841
15737 265191
33540 658920
98056 1877715
15738 265235
30164 580502
98057 1877757
15739 265278
30165 580542
15741 265321
15742 265364
15744 265415
15745 265463
15746 265509
15747 265556
15748 265598
15750 265646
55941 1101504
33523 658443
27593 510296
15752 265692
55943 1101587
33521 658399
27591 510208
15753 265733
55942 1101547
87829 1693125
15754 265781
55945 1101673
33527 658629
27597 510439
15756 265831
55947 1101762
33525 658539
15757 265878
55946 1101718
33524 658488
27594 510348
87825 1692983
15758 265927
55949 1101811
87824 1692941
15759 265973
15760 266024
55953 1101989
15761 266072
55952 1101944
33534 658725
27584 509980
15762 266117
55951 1101902
33537 658777
27587 510070
27586 510026
61764 1221568
98089 1878616
15763 266163
55950 1101859
15764 266211
55957 1102163
27581 509842
15765 266260
55956 1102118
33530 658676
27582 509886
61760 1221480
15767 266306
55954 1102029
15772 266459
15773 266505
98092 1878656
15774 266557
98093 1878697
15775 266605
15776 266651
33509 658156
15777 266704
33508 658107
15778 266750
30090 577497
15780 266848
33595 660749
32602 631789
27525 507987
16110 272846
70150 1374215
15781 266894
33594 660700
32603 631838
27524 507940
16111 272895
70151 1374264
15783 266941
55808 1099870
33596 660799
32601 631741
27526 508037
16113 272989
70153 1374362
15784 266991
32606 631985
27521 507809
16114 273031
70154 1374411
28573 538492
33982 672672
15821 267088
34277 676771
67008 1324414
97520 1868726
18248 317617
28571 538400
33980 672567
15823 267175
15824 267218
46819 911787
28577 538637
15825 267266
46818 911741
25637 476774
28575 538587
15827 267316
25635 476735
15828 267359
46815 911649
35474 695162
67002 1324233
18242 317383
15829 267406
46814 911603
28556 538032
33967 672199
15848 267815
28557 538077
33966 672156
15849 267867
25617 476396
28543 537559
33990 672774
15851 267916
24594 457129
28544 537610
15856 268009
24593 457076
21609 393585
15901 268483
15902 268529
27006 497969
27109 500212
15904 268576
27108 500161
15905 268622
15906 268668
15907 268715
27104 499959
21601 393492
15909 268762
15915 268809
27019 498461
26148 485942
15920 268855
26149 485989
15921 268899
15922 268947
15923 268992
15924 269042
98148 1880299
15925 269091
15926 269138
15927 269189
98145 1880213
15928 269233
26141 485718
98144 1880170
15929 269283
15930 269329
26159 486226
15931 269372
15936 269511
32759 636313
15937 269562
15940 269650
55786 1099095
21648 394944
15942 269695
55784 1099004
15943 269746
55785 1099051
15944 269793
55782 1098911
15945 269848
55783 1098956
15946 269894
55780 1098818
17889 310127
15951 270027
15952 270077
55798 1099504
15953 270120
15954 270164
15955 270213
15956 270256
15957 270304
15958 270350
55792 1099274
15959 270396
55793 1099322
98290 1884583
15961 270491
21669 395937
98293 1884731
15962 270539
98292 1884683
15963 270584
46147 897724
33675 663079
27982 519994
16003 270715
27540 508567
16016 270758
24174 447445
29356 556625
27541 508615
16017 270801
73463 1447293
24175 447488
16018 270844
16133 273641
46168 898546
27532 508307
16024 271058
27531 508263
16027 271146
16030 271294
29365 556761
27947 518742
16046 271796
70086 1372442
25149 467741
24120 445791
27973 519680
16050 271936
70090 1372545
24132 446249
53794 1054656
47108 917971
24130 446155
16052 272029
70092 1372648
27551 508937
16102 272601
70142 1373971
24165 447261
16103 272650
70143 1374020
32616 632420
16108 272797
70148 1374167
71161 1396402
33597 660848
27527 508083
16112 272942
70152 1374313
33593 660658
32604 631887
27523 507901
16116 273127
70156 1374460
33592 660603
32605 631936
27522 507852
16117 273174
70157 1374509
27577 509793
16120 273225
70160 1374656
27576 509750
16121 273275
70161 1374705
27574 509703
16123 273318
70163 1374803
24148 446828
27572 509613
16125 273407
70165 1374899
29349 556443
27570 509523
16127 273454
70167 1374997
32666 633718
16130 273501
70170 1375046
24179 447677
32667 633762
16131 273544
24178 447630
32664 633673
16132 273592
70172 1375095
32662 633583
27549 508889
16134 273692
70174 1375144
16136 273738
70176 1375242
16137 273780
70177 1375291
30104 578088
27513 507456
70009 1369802
16140 273822
30106 578173
27511 507378
16142 273920
30107 578215
27510 507333
16143 273973
30101 577956
27516 507591
16145 274019
73438 1446436
30102 577998
27515 507543
16146 274066
18509 322896
30114 578546
16150 274154
30117 578684
16153 274252
45504 884299
70113 1372967
33559 659494
30110 578362
16154 274298
45503 884252
70114 1373016
33558 659447
30111 578407
16155 274343
45502 884205
70115 1373065
30112 578451
16156 274393
45501 884158
70116 1373114
30113 578499
16157 274438
70117 1373163
30124 579023
24082 444720
16160 274534
71149 1396031
32633 632909
30125 579070
24083 444763
16161 274587
70121 1373310
71148 1395978
19543 346175
27634 511702
21830 400392
17215 296553
16201 274684
16210 274734
16211 274780
30559 592094
16212 274823
26619 494662
30558 592049
16213 274870
27640 511828
16214 274919
33168 648800
24818 460092
16217 274964
19526 345683
16220 275060
16221 275103
99348 1907815
16222 275152
71409 1402658
19525 345629
99349 1907866
16223 275198
19520 345492
16226 275341
60559 1196421
16230 275487
71479 1405171
17224 296892
61539 1216731
87401 1687303
44101 853393
56591 1122453
19530 345769
16232 275533
16233 275575
77983 1542206
19536 345948
16234 275619
44105 853585
17220 296696
16235 275666
44104 853537
56594 1122587
17221 296742
19534 345857
44107 853680
27661 511996
17222 296792
16236 275711
36470 713688
61531 1216404
44109 853774
99356 1908095
16238 275759
71471 1404912
36471 713736
61530 1216359
44108 853727
99357 1908145
16239 275809
16248 276096
36401 712463
16249 276144
60532 1195341
21804 399875
16253 276244
56535 1120217
27607 510780
21803 399827
16254 276292
56534 1120170
27606 510738
21802 399779
16255 276342
56537 1120300
27605 510697
21801 399731
16256 276385
56536 1120259
27604 510655
16257 276433
56523 1119800
27615 511114
21811 399966
16260 276582
56522 1119755
71802 1408818
36429 712741
27614 511072
21810 399923
16261 276629
18453 321688
87530 1689337
44030 851057
36549 715757
17575 304026
27882 516625
16301 276776
70341 1376190
78218 1548213
66868 1322371
18447 321458
36559 716094
16311 276822
18444 321316
16312 276866
70352 1376479
18445 321363
16313 276919
70353 1376526
30079 577041
16314 276965
70354 1376571
18440 321170
16316 277014
60429 1191573
70356 1376665
18441 321219
16317 277066
60428 1191531
70357 1376712
36551 715852
30074 576818
16319 277114
60426 1191490
70359 1376822
16321 277161
70361 1376913
44050 851712
45619 884753
17555 303352
87553 1690164
44053 851799
24378 451714
16322 277209
16323 277253
70363 1376959
87552 1690118
44052 851757
17557 303398
16326 277299
87557 1690296
44057 851980
17552 303253
16327 277344
33097 646357
54151 1060811
46325 902801
16328 277393
16329 277439
27704 512503
17545 303009
16331 277482
70371 1377051
18420 320432
87565 1690534
44065 852197
27707 512631
21903 401890
16332 277527
70372 1377098
18421 320483
87564 1690486
44064 852152
27706 512589
21902 401844
17547 303056
16333 277577
70373 1377151
18426 320624
27701 512374
17540 302918
16334 277620
70374 1377197
18427 320668
87562 1690440
44062 852104
21904 401936
16335 277664
70375 1377245
87571 1690737
45678 886650
21913 402073
16340 277712
61654 1219360
18413 320150
44070 852342
45679 886696
21912 402030
16341 277759
61655 1219403
70301 1375946
18410 320045
87573 1690777
44073 852438
21911 401984
16342 277810
61656 1219446
70302 1375995
18411 320096
27435 506598
16343 277852
18416 320290
21917 402252
16344 277893
61650 1219188
18417 320338
87574 1690826
44074 852482
21916 402215
16345 277941
61651 1219231
18414 320199
87577 1690972
44077 852572
21915 402164
16346 277985
61652 1219274
18415 320246
87576 1690929
44076 852526
21914 402117
16347 278029
61653 1219317
36518 714595
21921 402429
16350 278075
70310 1376044
87582 1691204
44082 852701
21920 402385
16351 278123
71486 1405350
16352 278167
71485 1405303
27429 506550
16353 278209
87580 1691110
44080 852617
21922 402471
16354 278254
71483 1405259
36528 714962
16360 278303
44090 853026
36529 715013
16361 278351
16362 278399
16364 278442
60479 1193774
16365 278485
60478 1193721
95918 1836864
58218 1148712
16366 278528
44096 853258
21930 402513
95919 1836913
58219 1148755
16367 278570
16368 278612
60475 1193592
95916 1836774
58216 1148666
36521 714642
16369 278655
60474 1193539
36538 715285
16370 278698
36539 715336
16371 278747
16372 278795
60449 1192427
58208 1148481
16373 278845
60448 1192386
16374 278890
16375 278938
32177 620653
31626 609456
16401 279033
28167 524990
26705 495819
32174 620503
31625 609413
16402 279074
28164 524900
32175 620553
29669 567265
31624 609369
16403 279120
26707 495863
31623 609327
16404 279176
32170 620400
16406 279269
28160 524805
31620 609244
16407 279321
70898 1391938
32162 620146
16410 279361
32163 620195
16411 279407
28173 525173
29679 567676
16417 279628
32113 618257
31602 609017
30999 598757
16421 279718
28103 523033
32111 618164
16423 279814
28101 522939
16428 279995
31635 609758
16438 280336
16475 280607
16501 280648
16502 280685
16503 280724
16504 280762
16505 280801
58078 1147448
16506 280840
58079 1147493
16507 280879
58076 1147355
16508 280918
58077 1147402
16509 280957
16510 280996
16511 281035
58068 1147080
16512 281074
16514 281113
49679 982484
16515 281152
16522 281191
16530 281230
99812 1922696
95481 1825426
56453 1118204
71933 1411220
17304 298905
16531 281269
16534 281308
16538 281347
19706 347572
16541 281386
38746 763213
19703 347523
16544 281425
16550 281503
16553 281542
16565 281620
16619 281976
18344 319088
16621 282071
16629 282361
55384 1090308
16631 282450
55386 1090402
16633 282496
55380 1090120
16635 282589
55383 1090265
16636 282637
16640 282827
55392 1090670
16641 282872
55397 1090805
16644 282919
18360 319712
35772 701171
55396 1090760
16645 282964
16659 283496
16660 283541
16661 283596
16662 283643
29409 557942
16663 283690
16664 283736
16665 283785
16666 283826
16667 283880
18336 318805
16671 284062
29416 558247
54441 1065418
16678 284357
29417 558298
54440 1065373
16679 284401
55353 1088890
33326 652551
16680 284451
36849 721094
55352 1088848
33327 652604
16681 284501
33324 652445
16682 284550
60179 1189163
33325 652498
16683 284592
60178 1189118
95619 1829246
55350 1088801
55357 1089081
33322 652340
16684 284645
55356 1089033
33323 652393
16685 284687
55355 1088986
33320 652235
16686 284731
16689 284773
60172 1188840
55367 1089504
33338 653131
16692 284868
26585 494166
55366 1089457
33339 653184
16693 284917
55361 1089266
16694 284965
26582 494120
16695 285006
60148 1187978
55360 1089224
36850 721145
33332 652868
16698 285052
60145 1187849
70895 1391808
32013 615591
16701 285147
16720 285191
35648 698955
68732 1356410
18832 327191
16724 285234
35649 699005
68733 1356451
83002 1624646
18833 327239
22551 411554
16725 285277
83001 1624602
18830 327091
22552 411608
16726 285325
18831 327147
22553 411653
16727 285369
16728 285418
16729 285460
16738 285778
29624 565385
16745 285963
29526 561880
16748 286052
29628 565571
16749 286101
29527 561922
32046 616259
29653 566653
16750 286147
31203 603777
16820 286443
21798 399682
31201 603697
16822 286537
16823 286586
31206 603897
16825 286633
21790 399332
20317 363503
16828 286772
21788 399284
16830 286865
16836 287103
16837 287155
37031 723780
16838 287206
94252 1797903
85926 1674456
56359 1115734
57752 1143442
21780 398983
95067 1812577
58752 1160947
37030 723736
16839 287255
85927 1674505
31515 606892
56358 1115689
71238 1398079
21781 399036
16843 287396
58701 1159609
16844 287440
16845 287483
58702 1159650
16847 287532
36374 712332
16848 287582
36375 712378
16849 287625
21656 395300
16852 287769
70427 1378179
71292 1399715
21657 395348
16853 287816
70426 1378133
71295 1399829
21650 395038
16854 287861
70421 1378042
21667 395839
16863 288206
16868 288399
56266 1112204
71346 1401202
21677 396271
16873 288600
56279 1112614
71359 1401677
21671 396041
16875 288696
16878 288849
16879 288902
56273 1112380
71353 1401387
27009 498054
16881 288951
27103 499908
16882 289000
16901 289045
55443 1092976
16910 289089
55441 1092877
16912 289172
55447 1093174
16914 289217
55446 1093126
16915 289276
55444 1093026
16917 289324
16920 289369
70555 1382428
33830 667631
16923 289496
70556 1382474
33836 667805
16925 289540
70550 1382236
33834 667713
16927 289641
70552 1382334
16928 289693
16929 289738
55467 1093612
33801 666844
16930 289787
33803 666929
16932 289830
33802 666887
16933 289875
33804 666971
16935 289920
33807 667099
16936 289973
55460 1093564
33806 667056
16937 290018
33809 667142
30655 594651
16938 290060
16939 290101
55435 1092581
31998 615161
16940 290147
55434 1092534
31999 615207
16941 290189
55437 1092680
16942 290232
55436 1092631
16943 290274
55430 1092341
16945 290321
55433 1092487
16946 290368
55432 1092441
16947 290409
16948 290452
55403 1091003
16950 290496
17001 290540
60047 1184110
17108 295293
17005 290731
20168 358862
60043 1183931
17006 290778
60040 1183798
31830 614266
17009 290875
20164 358679
17011 290970
20116 356908
21281 391063
17018 291307
21288 391363
17040 292308
26812 497122
17041 292354
17042 292395
26810 497077
57379 1136205
17043 292440
26817 497262
17044 292488
17045 292535
26815 497212
17046 292580
60088 1185539
26814 497165
17047 292625
60089 1185585
17048 292670
20091 356192
60086 1185448
17049 292714
20090 356131
60087 1185496
57373 1136021
17050 292767
17051 292821
26823 497351
17052 292869
60098 1185946
17053 292924
60099 1185993
17054 292970
17055 293016
57368 1135837
17056 293069
94666 1806214
57366 1135738
17058 293161
85209 1661883
17062 293355
20147 358108
85208 1661839
17063 293402
20146 358063
19810 349201
17064 293446
20141 357865
17065 293496
20140 357816
17066 293556
20143 357961
17067 293608
20142 357913
17080 294192
20059 354794
21210 388817
45330 879688
26852 497676
17081 294236
20058 354733
21211 388873
17083 294333
21213 388983
45337 880015
26855 497727
17086 294471
21216 389150
17088 294564
21218 389262
17089 294616
20050 354368
21219 389318
61354 1211599
17090 294665
21108 386862
31794 613032
17093 294714
21203 388449
60165 1188655
33319 652182
17094 294765
21204 388505
60162 1188523
26865 497769
31793 612991
26866 497822
31790 612853
17097 294815
21207 388663
60161 1188476
61108 1206990
55349 1088753
31831 614319
20165 358724
21298 391587
87122 1684822
85326 1665363
44422 860517
17101 294960
31833 614412
20167 358816
89081 1707047
87120 1684716
85324 1665265
44420 860472
17103 295055
89086 1707203
85323 1665217
44427 860709
17104 295102
20160 358588
17105 295150
31836 614458
89084 1707099
87125 1684977
85321 1665129
44425 860663
17106 295198
89085 1707151
87124 1684927
85320 1665083
44424 860616
17107 295246
20163 358633
60048 1184156
85204 1661663
31816 613797
87109 1684187
45262 877685
17126 295865
21156 387995
17201 296198
33169 648846
17202 296249
30529 590961
21835 400437
17210 296299
19547 346319
30528 590918
17211 296346
65529 1298916
19544 346221
21837 400531
17212 296391
38401 755446
19545 346268
43195 833801
21836 400485
17213 296444
27635 511744
17214 296497
19541 346129
27636 511786
17217 296602
30520 590640
26660 495168
17219 296647
19535 345905
44106 853632
17223 296842
77986 1542293
19533 345813
56590 1122410
17225 296942
36474 713820
17228 296991
61535 1216592
36475 713869
17229 297041
61534 1216541
30548 591735
27650 511870
17231 297088
17232 297136
17233 297181
33178 649214
24808 459812
17235 297233
33175 649076
26601 494440
17238 297376
30541 591470
33174 649030
27658 511954
17239 297421
30540 591426
17240 297469
54025 1058985
45698 887468
47704 931338
17241 297517
54024 1058933
45699 887511
47705 931389
17244 297616
54021 1058794
44129 854726
17247 297715
54022 1058839
47703 931287
44124 854489
17249 297760
19605 347092
87413 1687493
44113 853966
45688 887096
47714 931749
56583 1122091
17250 297817
19604 347049
87412 1687447
44112 853918
47715 931801
17251 297867
19607 347177
17252 297913
61529 1216315
44111 853870
47716 931853
56581 1122048
19606 347135
17253 297964
61528 1216273
98599 1894243
87410 1687403
44110 853822
56580 1122008
19601 346920
87417 1687643
44117 854159
47710 931542
56587 1122273
27675 512080
17254 298013
87416 1687594
44116 854109
47711 931594
56586 1122223
17255 298060
19508 345179
19603 347006
87415 1687543
44115 854062
47712 931646
56585 1122184
17256 298108
19602 346963
44114 854014
47713 931697
56584 1122136
27676 512122
17257 298158
47724 932108
17260 298211
47725 932159
17261 298264
17262 298317
47720 931955
17264 298415
47721 932006
17265 298469
30294 584165
44136 855067
27690 512164
17271 298671
56456 1118291
17301 298768
95487 1825616
56455 1118244
71935 1411271
17302 298815
17303 298857
98448 1890064
57218 1131571
17306 298947
99811 1922635
95482 1825474
56450 1118111
57219 1131613
17307 298995
98447 1890020
57217 1131528
17309 299042
17310 299083
17311 299127
17312 299169
17313 299210
87319 1686629
44619 863879
17314 299255
44618 863837
17315 299295
17316 299335
17317 299382
94702 1806307
87315 1686482
44615 863747
17318 299430
94703 1806354
44614 863699
17319 299475
56473 1118855
71913 1410832
17320 299516
56472 1118803
17321 299561
17322 299605
20009 352424
56470 1118754
71910 1410776
17323 299645
20008 352363
56477 1118989
17324 299691
17325 299735
56474 1118898
71914 1410894
17327 299780
26884 497872
17329 299824
20002 351999
17331 299868
17332 299910
20037 353698
17333 299951
20036 353637
17334 299992
94549 1802647
57049 1129325
17337 300033
20032 353454
17340 300120
20067 355278
61363 1211919
17342 300167
20065 355156
61361 1211823
17343 300211
20064 355095
61360 1211780
17344 300261
20063 355034
61367 1212011
17345 300310
20062 354976
17347 300355
20060 354855
61364 1211964
17349 300400
56465 1118526
17350 300446
17352 300492
60714 1200707
99840 1923473
56467 1118621
99841 1923533
56466 1118576
17353 300533
56461 1118437
71901 1410531
17354 300576
20019 352970
60712 1200662
17355 300627
20018 352909
71903 1410657
17356 300670
17358 300713
20015 352729
95425 1823248
44683 866387
56433 1117428
71953 1411759
37887 743685
17360 300756
95424 1823200
44682 866336
71952 1411718
37886 743641
17361 300804
95421 1823060
44687 866486
56437 1117602
71957 1411848
17364 300941
95420 1823013
56436 1117556
71956 1411797
37882 743553
17365 300987
95423 1823150
44685 866440
56435 1117515
37881 743505
17366 301032
17368 301074
86022 1675825
71965 1412165
17370 301120
61371 1212186
86023 1675873
71964 1412122
17371 301165
61370 1212142
17372 301214
61373 1212281
18466 322273
27895 517216
17401 301308
17508 301953
18465 322224
27896 517259
17402 301347
18464 322184
27897 517301
17403 301385
18463 322142
34429 677712
27890 516995
17404 301423
18462 322098
34428 677662
27891 517039
17405 301462
18461 322053
27892 517083
17406 301501
18460 322003
27893 517131
17407 301540
25019 464449
17408 301578
87522 1689009
44022 850810
17501 301617
87521 1688965
44021 850767
25015 464406
17502 301662
17503 301712
87527 1689200
47040 917563
17504 301756
44026 850956
47041 917608
17505 301802
87525 1689150
47042 917650
25011 464362
17506 301853
18469 322319
34423 677613
87524 1689106
44024 850912
47043 917697
17507 301902
27894 517173
17509 302002
17512 302051
17516 302099
54113 1059644
25026 464664
17517 302148
54112 1059597
18472 322465
17518 302194
18473 322508
25028 464712
17519 302241
33742 665172
70394 1377650
25033 464842
17520 302290
33743 665227
70395 1377698
17521 302345
17527 302435
17537 302819
18425 320582
87560 1690392
44060 852022
27702 512417
17543 302963
30270 583306
27708 512674
24363 451380
17549 303104
54162 1061277
44055 851892
17550 303154
87554 1690207
44054 851841
17551 303201
17554 303302
54159 1061137
87551 1690070
45618 884706
33782 666627
45624 884981
17560 303449
33780 666523
17562 303503
33781 666575
17563 303551
33786 666791
24382 451849
17564 303603
54143 1060671
45620 884802
45621 884847
17565 303649
33784 666679
24380 451761
17566 303695
54141 1060620
45622 884892
33785 666734
24381 451803
17567 303746
54140 1060569
45623 884934
33084 646165
17569 303841
18456 321830
27887 516853
70344 1376332
87535 1689534
44035 851200
17570 303890
18454 321738
27885 516760
70346 1376426
25003 464146
17572 303936
18455 321783
27884 516719
44036 851243
25002 464103
17573 303981
27881 516580
70342 1376240
87533 1689484
44033 851150
25007 464234
17576 304079
36544 715574
25009 464319
17578 304128
36545 715620
25008 464278
17579 304175
45644 885517
17580 304224
45645 885560
17581 304271
45646 885609
24328 450767
17582 304321
45647 885650
17583 304376
45640 885392
17584 304427
17585 304479
17601 304525
17602 304574
17603 304623
17604 304672
17605 304721
17606 304770
17607 304819
55901 1100190
17608 304868
74825 1469226
38308 752336
79765 1581881
19244 339302
77204 1522719
17611 304917
17622 304966
28310 529450
39503 778767
80925 1604977
19354 340693
72959 1437970
17701 305064
25853 481286
53049 1041883
80926 1605032
19357 340782
17702 305115
17703 305166
92261 1754927
28314 529607
51431 1019470
39507 778908
80921 1604759
19350 340495
25854 481329
17705 305217
95865 1836203
58365 1152436
17720 305268
17721 305317
20842 380806
95866 1836254
58366 1152481
17723 305358
58361 1152312
36758 719859
17724 305408
48269 948293
20847 380856
58363 1152394
17726 305453
58362 1152353
17727 305499
17729 305598
48264 948078
36745 719439
17739 305840
17744 305990
60827 1200876
36685 718474
17745 306035
17747 306083
17750 306233
36691 718601
17751 306282
17752 306329
17754 306378
17756 306429
93463 1780722
92284 1755878
28331 530158
19375 341389
77335 1526874
25871 481776
17760 306524
17762 306572
60805 1200828
39525 779119
93460 1780615
28332 530209
19376 341437
77336 1526917
17763 306623
60804 1200787
17769 306807
63164 1259981
95966 1838858
58266 1150284
17771 306855
19301 339412
77341 1527141
17772 306903
63119 1258080
95965 1838813
58265 1150241
37501 736237
17774 306959
95961 1838676
58261 1150156
17776 307008
95960 1838624
58260 1150112
17777 307057
17778 307111
63113 1257747
17820 307492
17821 307539
17822 307585
17823 307631
17824 307684
17827 307737
17829 307781
27011 498148
17830 307826
27010 498103
17831 307878
27013 498239
21617 393770
17832 307928
27012 498193
17833 307987
17834 308031
27014 498284
21610 393633
17835 308084
27017 498373
21613 393720
17836 308129
27016 498329
21612 393677
17837 308183
31310 604860
70788 1389068
28671 542265
55749 1097848
73194 1445699
17840 308228
70789 1389120
28670 542224
55748 1097802
73195 1445751
17841 308283
28673 542364
31312 604908
73196 1445802
17842 308328
28672 542319
31313 604953
17843 308375
73190 1445647
39109 770766
17844 308426
28675 542416
31314 605001
39108 770722
17845 308473
31315 605051
28677 542508
31316 605101
17846 308517
28718 544155
17847 308565
28719 544212
28676 542462
28603 539374
17850 308616
28602 539329
31301 604493
17851 308670
31303 604591
28709 543723
55738 1097472
17853 308727
28606 539515
31305 604682
73189 1445595
17855 308784
28605 539465
17856 308830
28604 539419
31307 604727
17857 308878
28611 539735
46978 915555
17860 309032
28617 539969
26039 484453
17866 309286
28619 540058
26037 484359
46970 915335
17868 309395
28627 540368
31320 605237
46968 915295
27051 499432
17870 309449
28625 540276
31322 605325
27053 499526
26348 490155
17872 309497
28621 540100
31326 605462
17876 309549
31327 605507
17877 309598
31328 605559
46960 915065
26342 489972
17878 309652
21647 394899
17880 309701
17881 309744
55781 1098862
17888 310079
19134 336609
31011 599247
17921 310267
19137 336774
31012 599291
17922 310314
19136 336719
31013 599333
17923 310361
19130 336389
33448 656138
17925 310412
31015 599428
33444 655980
17929 310461
31019 599611
19006 330964
77046 1520275
17930 310509
19007 331022
77047 1520318
31001 598801
17931 310557
19004 330912
77044 1520187
64040 1275091
31002 598847
17932 310608
31003 598891
17933 310658
90733 1728206
18092 315698
19002 330820
77042 1520099
31004 598940
56249 1111601
71369 1402116
17934 310711
19003 330867
77043 1520143
31005 598987
56248 1111559
71368 1402063
17935 310761
31006 599031
17936 310813
31008 599119
56245 1111501
71365 1401919
17938 310860
19114 335572
31071 601792
17941 310907
19116 335680
76241 1503876
17943 310960
19111 335412
76246 1504015
17944 311008
19110 335357
76247 1504058
31075 601879
17945 311058
19038 332428
77078 1521672
64074 1276254
19113 335522
76244 1503923
31076 601921
17946 311109
19036 332327
77076 1521586
31078 602006
56253 1111739
71373 1402210
17948 311160
19037 332375
77077 1521629
31079 602052
56252 1111694
17949 311213
31067 601612
17957 311463
19023 331743
77063 1521020
64067 1275939
26106 485348
31069 601704
17959 311508
19179 338422
31054 601049
17964 311719
19178 338367
31055 601097
17965 311766
17966 311817
31057 601148
17967 311864
19147 337324
31040 600562
17970 311964
19145 337214
76230 1503607
26121 485442
31042 600645
17972 312016
19143 337104
31044 600692
17974 312071
19141 336994
76234 1503700
31046 600786
17976 312119
66531 1316334
91410 1737959
18066 314617
17980 312277
91411 1738009
18067 314665
17981 312326
66533 1316419
91412 1738060
18064 314526
17982 312374
66532 1316375
91413 1738116
18065 314575
17983 312424
92106 1749273
18001 312527
19091 334473
43661 843455
31099 602942
21524 392488
92104 1749173
18003 312637
38157 749757
19093 334570
92132 1750520
18013 312784
50659 1011806
92019 1746343
19083 334145
74576 1466336
92135 1750620
82839 1623345
18014 312831
92150 1751171
18031 313226
92153 1751271
18032 313276
38166 749932
92155 1751371
18034 313323
92154 1751321
18035 313373
38161 749844
20578 371477
18036 313425
20579 371538
18037 313473
38163 749888
20576 371355
92159 1751471
18038 313516
20577 371416
92158 1751421
18039 313570
18056 314241
43612 842784
29036 549159
92113 1749623
91408 1737859
18072 314904
36125 708613
21532 392739
43613 842826
29037 549205
92112 1749573
91409 1737909
18073 314955
43614 842868
74559 1465786
29030 548984
66549 1317126
92115 1749722
18074 315005
43616 842952
29032 549072
93190 1773620
92117 1749822
18076 315060
36121 708463
21536 392787
43617 842994
29033 549114
92116 1749772
18077 315109
21539 392884
92119 1749921
91402 1737547
18078 315157
18711 325745
74555 1465610
21538 392836
66544 1316936
68810 1358858
92118 1749872
91403 1737602
18079 315207
18710 325695
43619 843035
74554 1465565
68348 1348410
76264 1504625
90707 1727485
18080 315253
19010 331162
77050 1520449
64054 1275372
68349 1348457
76265 1504666
90706 1727432
18081 315300
76267 1504755
92698 1766933
90704 1727384
18083 315346
19013 331261
77053 1520581
64057 1275520
90703 1727333
18084 315398
19014 331307
77054 1520625
64050 1275174
76261 1504492
90702 1727283
18085 315448
19015 331351
77055 1520669
64051 1275224
20508 368435
66429 1314742
76262 1504538
90701 1727233
18086 315496
19016 331400
77056 1520713
64052 1275274
20509 368496
66428 1314701
76263 1504582
18087 315548
19017 331444
77057 1520757
64053 1275323
20506 368313
66427 1314653
68340 1348066
92693 1766782
18088 315596
19018 331498
77058 1520801
80638 1599617
66418 1314290
68359 1348823
18091 315648
19001 330771
77041 1520055
80631 1599446
66411 1313967
68350 1348499
18098 315745
19008 331065
77048 1520361
68351 1348547
18099 315788
19009 331112
77049 1520405
35543 696039
67355 1331127
90076 1720107
18195 316153
34236 675759
67041 1325547
69160 1366984
92702 1767029
18201 316199
34235 675712
67042 1325590
69163 1367119
92701 1766982
18202 316245
67050 1325776
69153 1366763
18210 316291
67051 1325825
69152 1366719
18211 316342
67052 1325875
69151 1366674
18212 316390
67054 1325965
69157 1366941
18214 316435
67056 1326059
69155 1366852
18216 316487
67058 1326147
18218 316538
67059 1326189
18219 316587
67060 1326232
69101 1365406
18220 316634
67061 1326280
18221 316681
34219 675110
67062 1326325
69103 1365457
18222 316726
34218 675060
67063 1326368
18223 316769
18224 316815
67065 1326414
18225 316860
35813 701976
76470 1508252
97541 1869648
18229 316906
34212 674868
67070 1326586
92711 1767362
18230 316951
67071 1326628
18231 316996
67072 1326674
18232 317045
34229 675434
67074 1326759
18234 317090
18235 317142
34228 675385
35809 701786
69170 1367397
18237 317188
35807 701691
18239 317235
34224 675339
97528 1869077
18240 317284
35476 695257
35477 695307
67001 1324188
18241 317333
67004 1324321
18244 317429
35473 695112
67005 1324364
18245 317476
18246 317523
35470 695020
18247 317569
35471 695067
34278 676818
35462 694744
34285 677050
67010 1324501
97538 1869508
18250 317712
97539 1869554
18251 317760
35463 694786
34284 677006
35460 694655
34287 677144
67012 1324545
18252 317810
18254 317858
35466 694881
34281 676912
18255 317903
34280 676865
35464 694834
67016 1324638
18256 317949
18301 317993
18343 319034
62722 1244919
97461 1867046
18349 319291
97479 1867721
18351 319388
97458 1866952
18370 319760
18403 319899
18405 319948
18407 319994
18419 320382
18424 320536
18428 320710
18430 320752
18431 320808
18433 320853
18434 320900
18435 320947
18436 320990
18437 321036
78201 1547418
66871 1322505
18438 321081
66870 1322459
18439 321126
18443 321271
78219 1548260
66869 1322412
18446 321411
18448 321507
78216 1548119
66866 1322327
18449 321556
78228 1548681
66858 1321958
18451 321596
18452 321638
18457 321873
78221 1548354
66851 1321648
18458 321915
78220 1548307
66850 1321605
18459 321956
18470 322365
18471 322417
18503 322653
18505 322751
18507 322800
18518 323137
18519 323187
18623 323999
48806 960692
22301 407181
18626 324145
22304 407345
18644 324785
48821 961291
31094 602696
21529 392592
18701 325258
74545 1465291
38159 749801
68802 1358764
50643 1011157
92003 1745842
18702 325307
74546 1465333
18703 325357
74547 1465382
18704 325407
74540 1465203
92004 1745889
18705 325453
92007 1745945
18706 325503
19099 334807
18707 325553
19098 334762
74543 1465244
31034 600279
21541 392976
38136 749313
68869 1361083
18769 326045
19072 333657
43682 843623
77032 1519659
38106 748173
68873 1361271
18773 326095
74960 1472384
22523 410753
59745 1177599
18801 326145
59754 1177975
18810 326195
35622 698437
62983 1253265
68714 1355666
59750 1177830
18814 326339
59751 1177877
18815 326388
35620 698351
68716 1355758
22538 411154
59752 1177924
18816 326435
35621 698397
68717 1355800
18817 326483
22539 411213
18828 326992
22987 419782
62990 1253497
68729 1356277
18829 327040
18834 327288
22556 411801
18837 327341
23909 439715
22555 411754
18840 327384
49518 979110
18842 327428
18844 327538
18845 327591
18846 327642
18847 327690
22922 418137
68748 1357000
18848 327743
49510 978875
81620 1615288
18851 327834
49509 978833
18853 327886
84520 1650398
18918 328434
49220 971010
18921 328526
48502 954600
35172 689870
68624 1353808
76854 1515709
18924 328667
48507 954814
23261 427049
35171 689825
68627 1353898
76857 1515837
18927 328760
48504 954686
18930 328890
76949 1517970
22412 408795
18934 329078
18958 329913
18966 330151
18968 330198
49250 972058
23225 426079
18969 330245
49251 972108
23224 426025
22807 415984
68669 1355409
18976 330490
18977 330536
18979 330591
49241 971745
18981 330681
19012 331210
77052 1520537
64056 1275470
20507 368374
19019 331552
77059 1520845
19020 331607
77060 1520889
64064 1275798
19021 331651
77061 1520933
64065 1275847
19022 331694
77062 1520976
64066 1275896
19026 331835
77066 1521150
64062 1275710
19027 331884
77067 1521193
64063 1275750
65248 1294740
19030 332030
77070 1521325
19031 332080
77071 1521369
19032 332130
77072 1521413
19119 335790
19033 332177
77073 1521456
19118 335735
19034 332222
77074 1521500
64078 1276434
19035 332278
77075 1521544
64079 1276477
19039 332476
77079 1521716
64075 1276301
19112 335467
76245 1503966
19040 332525
21550 393168
19041 332573
77001 1518299
19043 332621
77003 1518387
21557 393302
19046 332714
77006 1518519
21556 393259
19047 332764
77007 1518563
38104 748086
67218 1329466
68871 1361175
19048 332809
74962 1472428
77008 1518607
38105 748130
67219 1329511
68870 1361128
19049 332854
74963 1472471
77009 1518651
19053 332991
42404 823739
77013 1518826
20542 370018
78613 1558769
38118 748655
67204 1328825
81253 1612190
19054 333047
77014 1518870
38114 748480
67208 1329008
19058 333227
77018 1519046
20536 369652
19060 333272
77020 1519134
20537 369713
19061 333323
77021 1519178
20535 369591
19063 333373
77023 1519266
19064 333417
77024 1519310
20533 369469
19065 333467
77025 1519354
98252 1883028
56368 1116060
20530 369348
19066 333511
77026 1519398
98253 1883081
56369 1116106
71209 1397025
20531 369408
19067 333565
43697 843665
77027 1519442
31036 600372
21543 393068
38134 749225
67220 1329557
19070 333612
77030 1519572
31035 600324
21540 392933
38137 749357
67223 1329655
19073 333706
77033 1519703
38130 749050
19074 333758
77034 1519747
65239 1294471
38131 749094
19075 333803
77035 1519791
19090 334420
43660 843413
21522 392393
38151 749669
19095 334670
19102 334917
19104 335027
19109 335302
62367 1235818
50546 1007599
19115 335626
38125 748875
19120 335845
38124 748831
19121 335900
38127 748963
19122 335954
19124 336061
38120 748743
19125 336116
19126 336171
38122 748787
19127 336224
19131 336444
68881 1361532
19132 336499
68882 1361580
19133 336554
68883 1361625
19139 336884
19142 337049
19144 337159
19146 337269
76233 1503651
19182 338532
68832 1359657
82836 1623209
50651 1011479
19183 338587
68833 1359697
82837 1623254
50650 1011434
19184 338642
68834 1359742
50657 1011715
38148 749583
19185 338697
68835 1359787
19187 338752
68837 1359875
82833 1623067
50654 1011621
21401 391643
78058 1544509
38177 750195
19190 338862
68820 1359206
78059 1544556
19191 338917
68821 1359249
21403 391747
38175 750151
19192 338972
68822 1359294
21402 391695
38174 750107
19193 339027
68823 1359341
21405 391850
38173 750064
19194 339082
68824 1359386
21404 391798
19195 339137
68825 1359426
19196 339192
68826 1359471
19197 339247
68827 1359521
92346 1758102
41386 809150
38311 752429
19255 339357
77215 1523110
79413 1576613
19312 339545
19316 339589
77356 1527787
79416 1576750
19317 339636
77357 1527838
19318 339686
77358 1527887
79403 1576200
19320 339777
77360 1527985
19330 339826
19331 339876
77371 1528359
78389 1553503
19335 339970
77375 1528545
20876 381847
39571 780248
28304 529129
19340 340068
25844 481004
29695 568393
93737 1787753
28205 525459
53052 1042029
19348 340447
92260 1754876
28315 529659
51430 1019425
39506 778861
80920 1604705
19351 340543
25855 481371
44321 859376
20868 381593
93408 1778394
92263 1755032
51433 1019558
39505 778814
80923 1604867
19352 340591
80922 1604813
19353 340647
25857 481416
92264 1755085
28311 529501
39502 778720
80924 1604922
19355 340738
72958 1437927
77315 1526320
25851 481242
20862 381491
80929 1605196
19358 340829
72955 1437784
77318 1526420
53046 1041753
38224 750947
80933 1605416
19360 340873
77320 1526467
20818 380262
38226 751040
80931 1605306
19362 340921
80930 1605251
19363 340969
92276 1755498
28329 530068
38221 750817
80936 1605581
19365 341013
77325 1526512
38222 750863
80935 1605526
19366 341060
77326 1526557
38223 750907
80934 1605471
19367 341106
77327 1526595
20813 380017
28325 529893
19369 341151
25865 481597
19372 341246
77332 1526738
25876 481912
39520 778955
93465 1780826
92282 1755777
28337 530378
19373 341292
77333 1526786
92285 1755936
28330 530113
38238 751448
19374 341339
77334 1526833
25870 481733
38338 753389
19380 341484
38339 753432
19381 341534
80829 1602908
19382 341582
80828 1602864
19383 341632
38328 752989
19390 341682
19395 341730
19397 341776
42754 827721
38320 752764
19398 341826
76043 1498387
42755 827770
38321 752807
19399 341876
28445 534616
51540 1021775
19401 341926
93539 1782173
28447 534663
51542 1021864
52169 1027910
19403 341977
28442 534477
53178 1046214
19406 342129
28443 534525
51546 1022056
53179 1046262
19407 342185
28465 535510
19421 342391
75650 1489487
93554 1782757
28466 535560
41513 809911
79503 1577381
19422 342442
75653 1489627
93555 1782802
28467 535604
41512 809869
79502 1577331
19423 342492
75652 1489583
93552 1782652
28460 535275
38568 758445
79505 1577466
19424 342538
93553 1782703
28461 535324
41514 809953
38569 758489
79504 1577422
19425 342588
75654 1489671
93550 1782551
28462 535373
41517 809994
19426 342641
75657 1489763
41519 810038
38564 758308
19428 342694
75659 1489855
38565 758355
79508 1577553
19429 342747
75658 1489809
51553 1022336
38574 758727
19430 342800
19432 342847
28479 535899
51556 1022483
38571 758581
19435 342890
51555 1022429
38572 758632
19436 342940
51554 1022386
38573 758683
19437 342988
19438 343043
79521 1577960
19440 343096
75671 1490306
38585 759139
79520 1577918
19441 343145
75670 1490259
19442 343198
40618 798390
38587 759186
19443 343245
75672 1490353
41535 810428
38580 758955
79525 1578004
19444 343295
43128 832461
68448 1351458
41537 810468
38582 759048
79527 1578093
19446 343350
79517 1577785
19450 343399
75647 1489442
79516 1577743
19451 343448
19453 343497
75644 1489356
19454 343548
43138 832709
68458 1351797
75643 1489317
79512 1577690
19455 343600
75642 1489265
79511 1577645
19456 343652
41408 809276
75641 1489224
79510 1577601
19457 343697
75640 1489182
79541 1578667
19460 343745
79545 1578797
19464 343852
75615 1488826
79544 1578750
19465 343902
42160 819598
19472 344050
75661 1489946
79530 1578220
19473 344105
75660 1489904
79537 1578486
19474 344159
75667 1490122
79536 1578443
19475 344208
75666 1490077
19492 344661
77808 1539068
19493 344713
19495 344813
74652 1467210
19496 344863
74651 1467167
19501 344913
19503 344962
19608 347220
19504 345002
19505 345043
19506 345092
19507 345137
19510 345224
77964 1541553
19511 345267
77967 1541603
19512 345309
65559 1299580
77963 1541510
19516 345354
19538 345996
19539 346041
19540 346086
19548 346359
19549 346405
43199 833849
19550 346458
19551 346505
19554 346550
19555 346599
77842 1539586
19565 346826
19609 347263
19611 347346
66222 1312985
19612 347388
66221 1312934
19702 347476
19707 347626
19712 347873
19713 347919
38658 761243
19714 347966
38659 761284
19715 348012
19716 348058
19717 348105
51063 1016985
38664 761423
19720 348197
38661 761333
19725 348298
19726 348344
19730 348395
19731 348442
19734 348595
19735 348644
19736 348695
19808 349099
76634 1511864
79968 1586093
19809 349150
76635 1511908
21273 390783
60155 1188241
19890 349505
19891 349555
36921 722760
30725 595965
20078 355887
60157 1188340
50059 994093
19892 349605
30724 595924
21270 390727
60156 1188285
50058 994047
19893 349655
19894 349706
19895 349757
36925 722844
30721 595832
21275 390839
60153 1188153
19896 349808
19897 349858
19898 349908
20073 355583
50052 993837
19899 349959
31907 614786
87014 1681534
44514 863144
21047 385260
19901 350010
47270 921820
75392 1483272
31904 614641
21044 385125
51241 1017887
74121 1459330
38846 765264
19902 350050
47273 921921
75391 1483229
31905 614688
21045 385170
51240 1017846
74120 1459289
38847 765304
19903 350094
47272 921873
75390 1483186
87013 1681490
44513 863095
22027 402798
21040 384929
19906 350213
75395 1483401
19938 350484
75389 1483143
19939 350526
19943 350659
19944 350700
75357 1482412
19950 350887
19952 350978
77521 1534054
19954 351063
77520 1534010
19955 351105
19960 351231
19961 351272
47250 921542
75376 1482885
19962 351319
19963 351362
75374 1482842
19964 351406
75373 1482799
19966 351448
74048 1457234
75371 1482713
19967 351494
75370 1482670
22009 402606
21062 385806
19968 351540
51366 1019342
68164 1346146
74046 1457150
19969 351583
74047 1457192
21076 386048
19970 351626
21077 386098
19971 351673
20388 364386
21075 386003
19973 351723
74059 1457626
75342 1482240
19975 351767
68179 1346361
87044 1682776
56068 1105896
21071 385911
19977 351814
19979 351855
68175 1346232
74053 1457412
79256 1573713
77517 1533873
19980 351895
75313 1481982
56479 1119032
20001 351938
20003 352060
20004 352121
20005 352181
20006 352242
20007 352303
86043 1676664
56468 1118663
20010 352485
86042 1676619
56469 1118709
71909 1410720
20011 352546
20012 352607
20013 352668
20016 352789
20017 352849
94539 1802170
57039 1128921
20020 353031
20022 353090
20024 353150
26419 491259
20026 353210
20027 353271
94530 1801785
57030 1128513
30756 596992
20029 353332
45341 880196
26416 491213
20030 353393
94548 1802594
57048 1129280
20033 353515
20035 353576
20040 353881
61344 1211289
94599 1804875
86035 1676372
57385 1136488
20041 353942
61345 1211333
94598 1804819
86034 1676322
57384 1136445
30739 596462
20042 354003
61346 1211378
86036 1676417
57386 1136535
30738 596416
20043 354064
20044 354125
61340 1211154
86031 1676178
57381 1136296
20045 354186
61341 1211194
86030 1676131
57380 1136248
86032 1676228
57382 1136342
20047 354247
30732 596196
20049 354308
45321 879316
26847 497582
20052 354429
61356 1211641
20053 354490
20055 354551
20056 354611
20057 354672
61353 1211558
20061 354915
20066 355217
61362 1211869
71970 1412349
20068 355339
99850 1923601
71971 1412395
20069 355400
20070 355461
21279 390951
20071 355522
21278 390895
20074 355643
30728 596060
20075 355704
20076 355765
60159 1188384
20077 355826
20080 355948
21227 389731
26807 496982
20081 356009
21226 389678
26804 496932
20082 356070
21225 389627
31415 606359
45221 875978
26554 493351
44802 867749
20109 356577
20120 357096
85212 1662015
30667 595002
20158 358496
63432 1263432
94401 1800133
57101 1130529
45270 877979
26527 492868
85213 1662059
30666 594958
20159 358542
63433 1263477
20232 361735
65061 1292174
20233 361796
62097 1229971
31549 607984
65067 1292463
20235 361857
20251 362466
20260 362588
20261 362649
20265 362771
20266 362832
26276 488669
20380 364325
85543 1668798
20289 363076
63763 1269566
20299 363137
21065 385860
21797 399636
20310 363381
94249 1797799
85935 1674868
31503 606721
31208 603976
21793 399481
20314 363442
20340 363747
23664 435612
21778 398880
20373 364052
20389 364457
21074 385956
36312 711044
89318 1711228
87059 1683267
56075 1106186
26263 488205
20391 364579
36311 711004
26260 488117
20392 364650
21009 383921
36317 711223
26266 488298
20394 364772
20411 365575
35282 692903
20415 365817
59802 1178532
37118 726843
94139 1795244
88512 1701195
84642 1652445
57439 1137402
20420 366061
59803 1178580
37119 726890
88513 1701238
84643 1652489
57438 1137358
20421 366122
23018 420321
59806 1178676
20424 366305
20425 366366
23131 423872
20426 366427
23130 423829
20427 366488
23014 420226
37110 726659
20428 366549
23015 420274
37111 726705
94130 1794784
57430 1137050
20429 366610
23109 422951
20434 366789
37179 728798
20441 367155
20447 367337
84602 1651333
49102 969948
20460 367581
84601 1651292
49101 969904
20463 367642
23147 424162
20472 367886
20500 367947
36191 709072
20501 368008
20502 368069
20503 368130
20504 368191
20505 368252
20510 368557
20511 368618
31009 599159
56244 1111456
20515 368679
56378 1116489
71218 1397337
20520 368740
98247 1882787
56379 1116538
71219 1397385
20521 368800
20522 368861
20523 368921
20524 368982
20525 369043
20526 369104
20527 369165
71210 1397077
20528 369226
56371 1116153
71211 1397129
20529 369287
20534 369530
56360 1115781
20538 369774
56361 1115825
71201 1396818
20539 369835
20548 370322
21561 393398
20549 370383
21560 393349
56309 1113698
71269 1399036
20551 370444
20552 370504
20553 370565
20554 370626
20555 370687
20557 370745
20560 370867
20565 370928
20566 370989
20570 371050
20571 371111
20575 371294
36110 707904
20580 371599
98223 1881805
94146 1795783
57446 1137622
36111 707954
20581 371660
23089 422418
59448 1172425
98227 1881994
94142 1795475
57442 1137533
36115 708157
20585 371721
98224 1881855
95128 1814059
94141 1795398
57441 1137488
36116 708208
20586 371782
20590 371843
36101 707447
20591 371903
36103 707548
20593 371964
36104 707599
20594 372025
36107 707751
20597 372086
36109 707853
20599 372147
98310 1885109
23091 422507
59472 1173299
20602 372253
34705 681760
20609 372539
20610 372586
20611 372631
20612 372678
20613 372724
20615 372779
20617 372879
20618 372926
58490 1155660
20619 372975
20620 373026
20621 373074
20622 373122
20623 373176
20624 373232
20625 373281
20626 373329
58488 1155617
20627 373382
58487 1155574
20628 373429
58486 1155530
20629 373477
20639 373812
20646 374000
20650 374046
20653 374097
20656 374152
20657 374202
20658 374245
20659 374290
36080 706992
20670 374587
20674 374642
20675 374694
36088 707207
20678 374840
96793 1850174
94041 1791743
57541 1139455
85652 1671379
37389 734967
20684 374988
85653 1671422
37388 734923
36075 706865
20685 375042
63873 1272176
96792 1850127
94040 1791688
57540 1139412
37314 731839
36793 720772
20703 375610
62815 1246452
20708 375877
20709 375929
34135 673829
20839 380710
20710 375981
34134 673781
20838 380658
20711 376038
36782 720455
20712 376088
34137 673925
36784 720551
20714 376147
36785 720599
20715 376196
36786 720641
20716 376247
34133 673733
20717 376298
20718 376349
20719 376400
20830 380462
20732 376864
62864 1248483
34639 680389
20735 376970
62863 1248434
34143 674209
20740 377177
34142 674162
20741 377235
34141 674117
20742 377293
34140 674071
20743 377351
58479 1155263
20744 377412
34146 674306
58478 1155218
20745 377473
34145 674256
20746 377528
62858 1248202
20747 377582
62859 1248247
20748 377644
62856 1248158
58475 1155083
58474 1155041
20749 377702
20750 377763
20751 377818
20752 377866
62848 1247801
20753 377920
62849 1247851
20754 377982
20755 378027
20757 378089
20758 378146
62842 1247626
20759 378199
62843 1247666
58402 1153199
20762 378240
58416 1153382
20763 378308
20764 378350
20765 378403
20768 378456
20769 378511
20770 378567
20899 382792
20771 378621
20898 382740
20774 378795
20775 378855
20776 378915
20777 378965
35116 688424
20781 379120
48220 946942
62897 1249951
23289 427697
59648 1176087
84534 1650946
49234 971421
35115 688377
20782 379177
48223 947071
62894 1249802
35114 688333
20783 379234
48222 947028
62895 1249852
34688 681384
20784 379291
48225 947157
62892 1249713
35112 688286
34689 681437
20785 379348
48224 947114
62893 1249755
76878 1516559
20787 379405
48226 947205
62891 1249668
23298 428113
20790 379519
36701 718730
35128 688947
20791 379580
36702 718772
20792 379641
48255 947992
62888 1249529
34698 681714
20794 379699
20797 379742
35120 688614
34695 681616
20799 379808
62883 1249303
23291 427798
59636 1175556
20810 379869
20811 379918
20812 379967
20814 380065
20815 380114
20816 380164
20817 380213
20832 380508
20833 380554
20837 380606
36728 719075
20851 381051
20852 381101
20854 381200
20855 381248
20857 381296
36720 718856
20859 381345
20860 381392
44328 859501
20861 381445
20866 381540
36741 719309
20878 381949
36740 719264
20879 382002
45434 883361
20880 382054
30025 574891
20882 382111
30024 574845
45437 883454
20883 382164
30021 574705
45432 883273
20886 382322
20901 382844
20902 382898
49468 978414
20906 383112
20907 383165
20916 383598
20918 383652
36319 711316
26268 488393
21001 383814
21010 383967
31598 608889
21012 384014
26294 489232
21013 384063
26293 489182
21014 384110
26292 489140
21015 384155
21017 384200
56041 1104956
21018 384244
21020 384288
21022 384334
21023 384388
21027 384433
21028 384478
21029 384526
31901 614501
87012 1681442
44512 863046
22026 402745
21041 384975
31906 614739
87015 1681578
44515 863193
21046 385215
21050 385352
21051 385401
21052 385445
21053 385495
31914 614926
21054 385542
21060 385698
21061 385752
85546 1668924
36360 712073
63766 1269658
26273 488574
21078 386148
21082 386200
30639 594238
21084 386244
30638 594191
26578 494029
21085 386295
21087 386338
45258 877636
21090 386434
33815 667357
21092 386494
30648 594557
26508 492576
21093 386543
33813 667314
21094 386603
56186 1109849
21139 387554
31796 613113
21201 388337
33318 652130
21205 388551
60163 1188566
31792 612943
31791 612898
21206 388607
60160 1188429
61109 1207038
55348 1088703
21221 389424
21224 389571
21228 389781
87153 1685132
44453 861754
26808 497028
21229 389832
60183 1189303
21231 389944
31789 612812
21234 390054
31788 612765
21235 390103
21237 390209
60199 1189986
94572 1803698
57072 1130268
36910 722493
21240 390312
94573 1803747
57073 1130311
21241 390364
94576 1803891
57076 1130396
21244 390420
45371 881407
26444 491944
94566 1803407
57066 1129994
21250 390472
94567 1803456
57067 1130039
36901 722318
30705 595512
21251 390521
31727 611204
45373 881499
21252 390569
60138 1187537
94564 1803304
57064 1129912
21263 390615
61348 1211426
30730 596106
21264 390671
45323 879410
26845 497536
21409 391902
21411 391954
21412 392006
21502 392107
21504 392205
31095 602744
21528 392540
31037 600422
21542 393022
21562 393443
27102 499857
21607 393535
21619 393823
21631 394305
21632 394361
27030 498872
21634 394412
27031 498918
21635 394466
21636 394507
36201 709123
21638 394554
27113 500365
21639 394608
55787 1099140
21649 394992
21658 395401
21679 396361
21701 396461
21702 396509
21703 396558
21704 396607
21705 396656
21710 396750
22116 404340
21711 396798
21714 396896
21715 396952
21716 397003
21717 397051
95002 1809939
59468 1173162
37051 724644
85942 1675194
56339 1114953
71259 1398703
21720 397203
95003 1809987
59469 1173204
37050 724591
56338 1114907
21721 397252
21722 397303
37052 724700
21723 397356
37056 724795
21727 397403
21733 397452
21738 397594
58793 1162348
37071 725513
56319 1114136
71279 1399359
21740 397639
37076 725764
63675 1268353
58794 1162397
21747 397840
37047 724441
63666 1268146
95032 1811143
59418 1171449
21750 397938
37040 724130
56328 1114498
21757 398137
95111 1813245
56327 1114456
71247 1398371
21758 398181
95110 1813194
56326 1114408
21759 398230
37013 723023
31217 604216
21762 398280
31213 604136
57770 1144084
21766 398373
37018 723217
60304 1190421
21769 398479
37063 725119
94262 1798267
31564 608614
57762 1143806
21770 398529
37062 725070
94263 1798319
31565 608657
57763 1143850
21771 398577
37060 724978
94261 1798215
31567 608751
57761 1143751
21773 398627
37067 725313
85912 1674175
31560 608429
57766 1143945
23668 435818
21774 398677
37066 725268
94267 1798371
31561 608472
57767 1143991
23669 435870
21775 398727
37065 725219
31562 608518
57764 1143900
21776 398777
37064 725170
21777 398826
85911 1674130
31563 608568
37033 723884
94250 1797851
85924 1674370
31516 606936
57750 1143345
21782 399088
95065 1812470
58750 1160898
37032 723834
85925 1674414
57751 1143392
21783 399139
95062 1812314
58757 1161080
37035 723983
94256 1798007
85922 1674276
31510 606764
57756 1143572
21784 399189
37036 724034
31513 606848
57755 1143527
21787 399237
31209 604016
21792 399431
21795 399584
85937 1674961
31501 606635
27610 510905
21814 400063
56525 1119892
27613 511030
21817 400109
98564 1892882
44143 855414
21821 400157
44140 855266
21822 400207
98561 1892734
44146 855557
27628 511618
21824 400250
21826 400294
61488 1215693
98563 1892829
44144 855462
27625 511492
21829 400342
21838 400585
37763 740203
21841 400686
37760 740106
21842 400732
61428 1213485
21843 400782
21869 401515
87567 1690638
44067 852240
27705 512546
21901 401798
45673 886457
21918 402294
27715 512931
21919 402339
54173 1061551
45672 886417
22003 402559
87001 1680963
44501 862561
22035 403086
22038 403221
22039 403272
22042 403437
22095 403933
62086 1229494
22096 403978
62085 1229444
22102 404067
62069 1228780
22103 404111
23690 436026
22125 404624
22134 404677
22135 404729
22158 405026
23156 424515
22159 405075
23149 424279
22160 405124
23116 423310
22191 405493
23115 423260
22192 405548
23114 423207
22193 405602
22308 407557
65280 1295706
22201 405811
22206 406055
22207 406104
22216 406496
22217 406545
22225 406643
22226 406692
22227 406741
22230 406790
22240 406839
22241 406888
22242 406937
76258 1504402
22243 406986
76259 1504449
22244 407035
48805 960650
22302 407238
22309 407605
65281 1295751
43502 839943
22310 407653
22311 407701
22312 407757
22313 407805
48879 963718
22314 407864
43527 840784
22320 407970
22332 408088
48505 954729
22408 408738
22727 414804
76951 1518056
22428 408904
22438 409239
67882 1341421
22442 409284
22443 409338
22446 409395
22448 409440
22451 409490
22454 409537
22456 409583
35111 688238
48227 947248
62890 1249616
84533 1650895
49233 971372
22469 409736
22480 409979
58571 1157725
35085 687876
23316 428720
22481 410027
58570 1157683
23315 428666
22482 410075
58573 1157818
22485 410124
59928 1181865
22488 410176
58579 1158007
59925 1181724
48471 954285
22503 410274
22508 410413
64667 1285987
22509 410462
22514 410610
22520 410702
59746 1177644
22524 410802
22526 410856
59740 1177453
22528 410903
22529 410953
22530 411003
65805 1307299
22535 411105
35650 699056
22980 419724
62997 1253769
22548 411510
59762 1178338
22554 411707
59772 1178437
35640 698723
22558 411848
22853 417335
22567 412000
22570 412047
22572 412093
22576 412138
22577 412183
22844 416935
22578 412237
22845 416986
22579 412288
35184 690338
22834 416633
22580 412348
37419 735988
35185 690385
22835 416682
22581 412395
22601 412444
84718 1653749
49018 966374
22602 412502
84719 1653800
83350 1629924
49019 966424
22603 412551
22604 412600
35207 690861
22610 412658
35206 690811
22611 412706
22623 412844
22626 413003
85742 1673373
37181 728903
95237 1817450
84763 1655755
49063 968262
34489 679408
22639 413198
22649 413574
22660 413923
22663 413974
34748 682670
22664 414020
23050 421147
22701 414069
67504 1334172
22709 414116
22711 414159
22712 414202
22713 414249
22714 414294
22715 414346
22716 414394
22718 414446
22719 414491
22720 414534
22722 414581
22723 414626
22725 414719
68648 1354642
65468 1298564
22726 414761
22730 414941
22731 414986
22743 415560
22746 415603
22748 415707
67545 1335127
22749 415753
67544 1335080
49257 972397
23222 425915
22801 415805
49254 972252
23221 425860
22802 415868
49255 972305
23220 425805
22803 415921
22810 416047
22811 416093
90804 1728963
65439 1297799
22812 416141
22815 416193
22820 416242
22821 416290
37408 735589
22824 416336
22827 416385
35180 690151
22830 416432
35181 690198
22831 416482
35182 690244
22832 416529
35183 690294
22833 416580
22840 416722
22841 416777
22842 416832
48288 948551
22843 416886
22846 417041
22847 417091
22848 417142
22849 417198
22850 417241
22901 417387
22908 417850
43905 847614
48342 950361
35776 701357
22909 417918
48343 950406
35749 700191
22910 417973
48356 950686
69331 1368084
35748 700149
22911 418041
48357 950732
22920 418096
22923 418183
68749 1357044
22924 418233
22931 418283
69350 1368739
22932 418332
69353 1368879
22935 418378
69354 1368929
22936 418419
68758 1357352
69357 1369076
22937 418470
68759 1357401
69356 1369025
22938 418516
68756 1357262
22939 418558
68757 1357307
69358 1369127
22940 418608
22942 418658
22943 418707
22945 418756
38628 760128
22946 418799
38629 760172
22947 418843
38626 760045
22948 418890
38627 760088
35699 699736
22949 418939
22960 419185
48366 951013
77481 1532500
77489 1532878
22968 419410
76712 1514346
77488 1532833
22969 419459
68783 1358289
23004 420033
23009 420126
23011 420175
37115 726751
34739 682249
23021 420365
23022 420411
23055 421193
23056 421242
34740 682296
23058 421286
34741 682342
23059 421334
23067 421723
23068 421774
23069 421822
64473 1282724
23079 422101
64467 1282485
36119 708361
98362 1887134
96940 1852799
23081 422145
59440 1172087
98360 1887048
96942 1852871
23083 422195
59442 1172185
98367 1887387
23084 422242
98366 1887337
96944 1852939
23085 422292
59444 1172283
98365 1887285
23086 422363
59447 1172375
36108 707802
98311 1885156
23090 422463
23092 422567
59471 1173258
98312 1885203
96970 1853201
23093 422618
23102 422661
23103 422708
23105 422760
23106 422804
23107 422853
23110 422996
23111 423050
23117 423362
23120 423448
23123 423497
23125 423594
23126 423641
23127 423693
23128 423739
23129 423782
57436 1137270
23138 423921
37116 726797
94137 1795167
57437 1137312
23139 423970
88543 1702399
49113 970289
23140 424017
95161 1815331
88545 1702485
49115 970333
23146 424118
23154 424421
23155 424468
37091 726389
23160 424572
37090 726346
23161 424622
23162 424679
23163 424724
23168 424767
37098 726569
23169 424813
23170 424860
23173 424907
23175 424962
23178 425107
35226 691756
23180 425157
23181 425207
35222 691606
23184 425312
35223 691656
23185 425360
35220 691506
23186 425413
35221 691556
23187 425475
23188 425537
35232 691956
23190 425590
23192 425647
23218 425695
49256 972352
23223 425970
49253 972201
23226 426134
49252 972151
23227 426180
23228 426226
35144 689399
68652 1354780
65453 1298152
48557 955372
23235 426554
35149 689581
49267 972814
23238 426707
49274 973096
23241 426750
49277 973185
23242 426805
23249 426849
35161 689776
48217 946810
49203 970921
23250 426904
23255 426950
23274 427213
84521 1650447
49221 971055
23276 427268
23282 427433
59643 1175881
34681 681132
76870 1516235
23285 427543
59644 1175929
49238 971603
35119 688565
34682 681184
62898 1250001
76873 1516376
23286 427598
59647 1176039
35117 688470
48221 946988
62896 1249898
84535 1651001
49235 971468
23288 427653
35121 688662
62882 1249259
23290 427743
35123 688706
62880 1249169
23292 427853
59635 1175498
34697 681668
62881 1249217
23293 427908
59634 1175451
35125 688798
34690 681489
62886 1249442
23294 427963
59633 1175392
48532 955030
35124 688756
34691 681532
62887 1249482
23295 428007
59632 1175344
35126 688847
62885 1249396
48531 954988
23297 428062
35070 687366
34679 681047
23301 428168
59937 1182274
48463 953925
35073 687510
23302 428214
58568 1157593
59934 1182138
48460 953776
35072 687465
23303 428262
58569 1157639
59935 1182182
48461 953828
23304 428309
59932 1182046
48466 954062
35077 687604
23306 428365
59930 1181958
48464 953972
23307 428415
59931 1182004
48465 954019
35079 687701
23308 428464
58562 1157357
49357 975839
35083 687828
23310 428509
58576 1157914
35080 687744
23313 428563
58575 1157865
59929 1181915
35087 687921
23314 428614
58572 1157770
35091 688008
23320 428770
23321 428828
23322 428885
23323 428942
23324 429000
35094 688056
23325 429058
35097 688148
48480 954510
23326 429115
35096 688101
23327 429172
23328 429230
23336 429288
23337 429346
65638 1301859
48423 952463
49316 974283
23341 429399
85613 1669730
35034 686174
63833 1271001
84412 1649914
48427 952552
49312 974146
23345 429451
96750 1848396
94002 1790467
84739 1654702
49039 967326
85611 1669683
35036 686259
49310 974055
23347 429500
85602 1669321
35043 686441
63822 1270567
48436 952917
23350 429551
48432 952735
23354 429599
35006 685420
63867 1271981
57532 1139142
23395 429893
57531 1139100
85644 1671139
35005 685370
23396 429940
85645 1671184
35004 685325
23397 429987
36061 706396
23399 430096
23401 430149
23404 430194
23405 430244
23407 430296
96112 1844218
23408 430344
96113 1844266
23409 430397
96106 1843946
23410 430441
96104 1843853
23412 430485
96105 1843900
23413 430535
23414 430586
96103 1843797
23415 430633
23416 430682
96101 1843753
23417 430729
23418 430776
23419 430820
23421 430914
49845 988089
23427 431152
23429 431195
23430 431244
23431 431298
49854 988373
23432 431352
49855 988425
23433 431405
49852 988283
23434 431457
49853 988330
23435 431510
23436 431563
23437 431616
96162 1846252
23438 431668
23439 431721
23440 431774
23441 431819
23442 431864
23443 431918
23450 431967
23451 432032
23452 432098
23453 432164
23456 432355
23457 432421
23460 432618
49883 989352
23461 432683
49880 989266
23462 432749
97086 1856460
49881 989306
23463 432815
49886 989490
23464 432881
97080 1856412
49887 989537
23465 432947
49884 989398
23466 433013
49885 989444
23467 433079
23471 433145
23483 433378
23487 433481
23502 433630
23503 433682
23505 433785
23514 434201
23518 434357
23519 434408
37865 742793
62544 1240332
63330 1261014
23529 434512
59317 1169769
49927 990691
23541 434564
23551 434616
23602 434729
23605 434914
26215 487242
23612 435223
26201 486867
23628 435285
31520 607069
37069 725411
23666 435714
23704 436451
61089 1206567
45230 876369
23705 436509
61088 1206518
45231 876418
45233 876516
23707 436567
30623 593682
26563 493619
23708 436624
61085 1206424
26562 493576
23709 436682
61084 1206374
31401 605758
30622 593640
23803 436792
60950 1202562
97758 1872196
88264 1698461
86547 1680871
71765 1408594
23821 437038
88267 1698547
86544 1680775
71766 1408636
23822 437085
23824 437130
60973 1203488
88262 1698376
71763 1408503
23827 437179
60970 1203442
23830 437329
60941 1202240
23831 437375
60940 1202192
23832 437425
23833 437480
60942 1202287
86556 1680919
71770 1408682
23834 437530
60945 1202386
71772 1408724
23836 437597
23837 437647
60946 1202433
23838 437698
60949 1202517
23839 437753
60948 1202474
23840 437796
23841 437842
61919 1225368
23842 437891
23843 437945
23844 437992
23845 438045
23847 438133
23850 438184
60961 1203066
23851 438228
60960 1203020
23856 438282
60967 1203298
23868 438519
61930 1225636
23878 438876
61920 1225410
23879 438923
97738 1871782
84327 1648878
49427 976957
23881 438973
99119 1903082
86520 1680590
84324 1648744
49424 976820
23882 439021
84322 1648660
49422 976732
23884 439109
23890 439344
23891 439387
97708 1871042
86535 1680636
84331 1649065
49431 977133
23893 439431
84336 1649299
49436 977264
23894 439483
23898 439570
59012 1163677
35645 698817
23901 439662
35651 699102
62996 1253720
23915 439768
23920 439917
59716 1176562
23921 439964
59717 1176609
35660 699305
23924 440125
23927 440177
59711 1176376
23930 440229
23934 440273
23936 440319
49599 979717
23937 440367
35674 699640
23938 440420
59702 1176191
23939 440464
59703 1176238
34034 672950
23944 440678
23952 440826
23954 440875
23955 440927
23960 441068
23962 441120
23963 441168
23966 441264
23967 441312
23974 441458
23976 441506
46052 895181
24001 441557
46051 895139
27968 519509
24002 441609
46057 895323
24004 441713
46055 895224
24006 441817
24007 441869
27962 519254
24008 441921
24101 445314
24009 441973
24018 442439
24019 442484
32692 634078
24022 442576
32693 634120
24023 442628
32696 634210
24026 442779
32697 634254
24027 442831
46045 894917
32680 633898
24030 442987
46044 894871
32681 633941
24031 443039
46047 894963
24032 443091
32683 633989
27919 517691
24033 443143
46041 894824
29338 556152
24034 443195
46040 894778
24035 443247
52738 1038029
32686 634035
24036 443299
52739 1038083
24037 443351
52736 1037934
29334 556005
24038 443403
24113 445605
72760 1433745
25276 470299
40215 790064
46011 893961
24042 443507
40214 790015
24043 443559
25260 469811
46061 895469
24054 443702
46037 894643
47382 924502
24060 443883
46036 894599
47383 924549
24061 443934
46035 894555
47380 924410
24062 443985
46034 894510
47381 924459
24063 444036
46033 894465
47386 924680
32548 630574
24064 444087
46032 894420
47387 924726
32549 630630
24065 444137
25251 469633
40517 797070
25252 469678
40514 796929
46031 894375
47384 924593
24066 444187
93249 1775403
25253 469722
40515 796976
46030 894329
47385 924636
24067 444235
40233 790807
32544 630465
24068 444282
40232 790758
24069 444337
40209 789766
47396 925008
24070 444387
24073 444472
93252 1775542
25244 469465
40201 789369
24078 444625
25245 469506
24079 444673
32634 632955
30122 578925
24084 444812
30120 578828
24086 444906
30121 578876
24087 444951
24088 444997
55816 1100144
32639 633050
24089 445042
30132 579247
24090 445086
32621 632595
30133 579292
24091 445135
32622 632636
24092 445176
24093 445224
32625 632681
30137 579442
24095 445268
72729 1432678
24102 445357
52734 1037889
29336 556100
27910 517514
72758 1433702
24111 445496
52737 1037979
29335 556053
24112 445543
52731 1037752
29333 555956
27915 517560
24114 445667
52730 1037706
29332 555908
24115 445729
29364 556718
27946 518696
70087 1372493
25148 467700
24121 445842
24122 445886
53788 1054404
29228 554621
24124 445931
27943 518604
70082 1372205
33630 662228
29224 554437
25141 467577
24128 446065
53782 1054194
54215 1062360
47116 918254
33631 662275
29225 554483
25140 467534
24129 446108
53783 1054236
54214 1062312
47117 918300
33620 661849
27979 519866
47102 917795
24138 446483
33621 661895
27978 519819
24139 446529
24142 446634
24146 446737
29342 556297
24147 446783
70162 1374754
24149 446872
24150 446918
27950 518888
27565 509380
24151 446964
73481 1447336
24153 447013
27954 518988
73487 1447384
24155 447061
29378 557249
27956 519029
27563 509336
24157 447109
32611 632229
71166 1396667
24168 447354
27545 508797
70178 1375340
24171 447401
32669 633852
29355 556579
27542 508664
73460 1447196
24176 447538
32668 633808
27543 508708
73461 1447245
24177 447587
33779 666479
30370 587063
27820 513935
27495 506742
24201 447811
27823 514071
45760 888869
24202 447863
27822 514028
27497 506790
45761 888913
24203 447915
33771 666116
30378 587279
27828 514292
46256 901207
25062 465659
24209 447967
24210 448019
24211 448066
24212 448115
46260 901304
24215 448164
30385 587411
45778 889510
24216 448206
30384 587367
45779 889554
46262 901353
24217 448251
45776 889421
24218 448294
45777 889463
24219 448335
45786 889786
24220 448383
45787 889836
24221 448432
45782 889644
46277 901598
24224 448475
30394 587541
30088 577447
45783 889688
24225 448523
45780 889597
46275 901549
24226 448570
30085 577302
24228 448618
24230 448667
71638 1405924
24236 448709
71639 1405968
24237 448758
24239 448801
52601 1035706
27865 515825
24244 448889
30334 585752
27864 515777
45727 888198
24245 448933
30337 585840
27867 515927
45724 888151
46211 899597
24246 448977
30343 586104
27813 513609
24250 449065
30342 586060
27812 513568
24251 449115
30345 586189
27815 513706
24256 449159
27801 513059
24260 449247
33708 664075
27837 514696
25079 466011
24270 449469
33709 664130
30366 586931
27836 514651
46244 900819
24271 449517
27835 514606
45750 888820
46247 900868
24272 449565
30364 586887
27834 514561
24273 449607
53969 1058015
30360 586712
27830 514376
46242 900770
24277 449657
33701 663691
32395 626398
25070 465836
24279 449705
46176 898827
33684 663361
47162 919787
24280 449745
33685 663408
47163 919837
24281 449791
52637 1036301
30303 584485
27853 515350
72587 1429443
24290 449926
52635 1036252
30301 584399
27851 515256
72585 1429400
24292 449972
27850 515209
72584 1429354
24293 450018
24301 450056
46342 902971
24311 450100
46341 902928
24312 450142
46340 902885
24313 450189
94850 1807288
46347 903113
24314 450238
46346 903058
24315 450281
24322 450494
46356 903381
24323 450543
24324 450587
46350 903250
24325 450631
45648 885696
24326 450676
46352 903296
24327 450723
30241 582495
71497 1405438
45652 885826
24330 450813
45651 885782
24333 450856
30257 582818
45662 886224
46375 903851
24340 450904
45661 886183
46376 903898
24343 450957
28054 521700
55065 1083382
24348 451051
30261 582989
46303 902239
24350 451101
30260 582945
46302 902191
24351 451144
55019 1081861
30263 583032
45115 873211
46301 902140
24352 451191
30265 583117
45113 873120
46307 902330
24354 451240
30273 583445
24360 451282
54161 1061232
30272 583401
24361 451329
54160 1061188
44068 852287
30275 583533
24366 451433
27703 512460
24368 451478
54169 1061412
44061 852063
24370 451527
54153 1060905
45612 884485
46327 902843
30205 581491
24374 451572
54157 1061090
45616 884615
46323 902718
33090 646212
24375 451617
54156 1061043
45617 884661
46322 902677
30204 581444
33092 646262
24377 451664
54154 1060948
46320 902593
30206 581535
29802 570051
24401 451895
29801 570011
24402 451949
28518 536549
33929 671058
24411 452003
24412 452056
24413 452096
24415 452145
24416 452196
29826 570720
24421 452256
24422 452305
29821 570575
24426 452358
54418 1064533
46897 913029
24431 452462
29843 571374
24440 452800
29842 571326
24441 452848
29841 571277
24442 452897
24450 453041
46835 911879
56139 1108059
24457 453097
24460 453242
28508 536180
24463 453285
24464 453334
24465 453381
24467 453428
33950 671664
70586 1383381
28503 536094
24468 453477
28502 536050
33951 671715
24469 453521
24471 453567
24472 453621
29856 571837
70591 1383485
24473 453669
29851 571743
70596 1383635
24474 453726
29853 571789
24476 453771
24477 453823
24479 453874
45882 893062
46942 914538
24520 454745
45883 893107
46943 914584
26325 489652
24521 454788
45880 892974
46940 914448
24522 454833
45881 893018
46941 914496
26327 489696
24523 454883
45884 893155
24526 454935
45885 893205
46945 914628
26323 489606
24527 454983
24528 455032
24529 455080
45896 893674
24530 455138
45897 893724
46957 914938
26335 489788
24531 455189
45895 893626
26337 489835
24533 455238
45890 893440
46950 914772
24536 455380
24538 455431
24539 455476
45826 890798
24540 455526
45827 890843
24541 455580
24543 455634
24549 455687
45832 891035
24550 455736
45833 891079
24551 455782
45831 890987
24553 455826
45836 891163
24554 455872
45837 891207
24555 455917
24556 455963
45835 891122
24557 456006
24558 456055
45840 891339
46980 915650
24562 456100
45841 891384
24563 456152
46987 915879
24565 456196
45844 891471
46984 915744
24566 456242
32885 640023
24569 456292
28640 540880
26062 484933
26055 484694
24570 456342
24571 456385
24572 456437
24574 456490
24576 456534
24577 456579
24578 456624
24579 456678
28547 537756
33994 672906
25607 476183
24590 456976
28542 537511
33991 672818
24595 457180
28540 537413
33993 672862
46809 911557
24597 457229
46806 911420
24598 457278
46807 911465
24599 457325
24601 457369
32872 639891
24602 457415
75943 1495557
24603 457459
75942 1495513
42337 822395
42330 822206
24604 457506
24605 457551
75944 1495607
42332 822259
24606 457599
32877 639935
24607 457648
75946 1495655
42333 822307
32878 639979
24608 457693
75949 1495750
24609 457745
75948 1495705
39067 769687
32862 639715
24612 457794
75931 1495072
39066 769645
24613 457837
75930 1495028
42325 822026
32869 639847
24619 457931
47959 937078
72209 1419817
24620 457978
40840 800299
39079 769996
24622 458023
32857 639495
24627 458126
75926 1494880
40845 800437
39073 769819
32858 639539
24628 458173
75929 1494976
47951 936798
72201 1419476
24634 458315
32830 638926
24640 458512
75901 1494614
47978 937787
32831 638969
24641 458557
32791 637361
24701 458931
28749 545637
39149 771581
24712 458977
32784 637222
24714 459020
40977 802211
24715 459063
24716 459108
39151 771674
24724 459192
40997 802510
24731 459325
24732 459368
40995 802469
24733 459416
24736 459460
24737 459504
24738 459549
24739 459593
24740 459639
24747 459685
24751 459726
30545 591608
24801 459768
33163 648571
26617 494623
24813 459905
30557 592005
33165 648662
26611 494533
24815 459951
26764 496746
54736 1073365
24829 460371
33149 647952
24839 460595
54003 1058147
30575 592658
33133 647247
24843 460639
33138 647476
24848 460864
33139 647522
24849 460914
24853 461043
33129 647065
32140 619587
24859 461218
28150 524625
24860 461262
55046 1082819
30919 598713
24868 461494
47750 932772
33119 646739
24869 461542
46552 906459
24888 462145
32181 620832
24898 462327
54765 1074562
30907 598441
24901 462370
24902 462420
74454 1463648
24910 462468
74451 1463556
24915 462516
74452 1463604
24916 462565
24918 462612
74464 1464101
24920 462655
74460 1463920
24924 462702
74461 1463967
24925 462749
74463 1464058
24927 462797
47648 930817
24931 462841
74470 1464333
24934 462889
74471 1464385
24935 462937
24938 462986
28228 526566
24941 463036
24943 463081
24944 463136
24945 463187
24946 463234
24951 463284
24957 463379
24962 463429
46501 904983
24963 463480
46504 905072
24966 463527
46516 905482
24970 463574
24974 463625
46510 905254
25979 483711
24976 463672
46511 905302
25978 483667
24977 463720
46527 905665
24981 463765
24983 463810
24985 463899
24986 463943
24991 464005
46531 905801
55108 1084891
24993 464058
36548 715712
25005 464194
27883 516671
70340 1376145
25021 464492
54115 1059744
25022 464531
25024 464572
54110 1059509
25025 464620
54111 1059555
33741 665117
70397 1377748
87504 1688170
44004 850488
25030 464757
33744 665282
70392 1377549
87501 1688028
44001 850397
25035 464884
33747 665330
70391 1377494
53929 1056341
25036 464932
53935 1056621
33757 665482
25040 465028
33773 666207
45769 889159
46254 901112
25060 465567
33772 666160
45768 889111
46255 901159
25061 465612
33770 666073
27829 514336
25063 465706
33777 666389
46250 900965
25064 465745
33774 666251
27498 506839
46253 901063
25067 465789
25071 465880
53962 1057778
33704 663855
46249 900917
47022 916916
25075 465925
53961 1057731
33707 664020
30368 586975
47021 916869
25076 465970
30353 586408
27803 513161
46231 900379
47038 917466
25085 466202
30350 586364
25086 466252
46224 900037
25090 466336
33673 662985
25102 466426
46140 897497
33672 662937
27985 520077
25103 466471
46144 897637
53818 1055373
27981 519951
25107 466561
53817 1055326
33679 663173
25108 466606
25109 466648
47165 919925
73449 1446883
25110 466693
46170 898596
53824 1055517
33682 663314
47164 919879
73448 1446840
25111 466740
46173 898735
53827 1055651
33681 663267
47167 920014
25112 466781
46172 898689
53826 1055605
33680 663220
47166 919970
25113 466828
46163 898306
27539 508528
47177 920244
25124 467135
46162 898261
33694 663644
25125 467177
47175 920198
73459 1447149
25126 467221
46118 896804
27502 506979
25139 467484
33633 662322
29227 554575
25142 467616
54216 1062413
47115 918209
29226 554529
25143 467657
54217 1062460
47114 918162
29376 557152
27958 519121
25152 467782
33647 662559
29370 556900
25154 467824
29372 556948
27569 509475
25156 467866
27953 518941
25159 467908
25160 467949
54234 1062893
47133 918927
33650 662607
25161 467995
54235 1062938
47132 918877
47131 918829
25162 468040
33655 662654
25164 468083
54230 1062791
47137 919122
47136 919073
25165 468126
25168 468167
53806 1054919
33664 662890
25173 468258
54227 1062649
47146 919497
46155 897997
53801 1054698
33663 662843
25174 468302
54220 1062508
47141 919263
46156 898034
53802 1054740
33660 662702
47142 919309
25177 468350
52722 1037483
29324 555663
27906 517350
25180 468400
29325 555712
27907 517405
25181 468443
25183 468483
52727 1037574
29321 555520
25185 468527
29322 555563
25186 468576
32583 631598
29323 555614
72749 1433424
25187 468622
72579 1429204
29214 553971
25193 468666
54247 1063183
25201 468711
75229 1480183
25202 468752
75228 1480141
25203 468797
27239 502060
25206 468930
47352 923513
27237 502019
75223 1479926
25208 468969
54895 1077915
25211 469059
25213 469099
25214 469142
32521 629669
25239 469325
93257 1775724
25241 469375
93255 1775640
25243 469418
40509 796695
93251 1775495
25247 469548
32541 630372
93243 1775181
25259 469764
46063 895569
27259 502566
72770 1434142
25262 469899
72766 1433994
25270 470168
25271 470209
25285 470342
25286 470385
75398 1483487
25287 470427
38949 767914
25301 470476
25302 470523
25303 470571
25304 470625
66058 1309828
25305 470673
25306 470721
38941 767578
80274 1593155
66054 1309736
25309 470769
25312 470870
25313 470918
25314 470966
25315 471013
25317 471061
25320 471109
25321 471157
25322 471205
52581 1035199
25428 473543
25323 471253
25324 471301
25325 471349
72128 1417556
25326 471397
72129 1417597
25327 471445
25423 473393
72126 1417462
25328 471493
54957 1079895
25422 473343
72127 1417508
25329 471541
54956 1079849
80265 1592979
66045 1309317
25332 471685
80264 1592935
66044 1309271
25333 471733
80263 1592891
66043 1309222
25334 471781
80262 1592848
66042 1309179
25335 471829
80261 1592805
66041 1309131
25336 471877
80260 1592762
66040 1309089
25337 471925
25338 471973
25339 472021
25350 472069
25356 472117
25357 472165
38928 767339
25360 472261
38929 767389
25361 472309
25362 472357
25364 472405
25365 472453
25375 472501
39148 771533
32783 637174
72031 1413866
25387 472549
32796 637597
72020 1413378
25392 472644
54873 1077445
52594 1035603
25413 473091
52593 1035558
25414 473141
40865 800827
25420 473246
52588 1035425
25421 473296
25425 473440
40862 800735
25427 473493
25430 473588
25434 473734
25437 473778
25438 473824
39183 772922
27311 503849
25443 474022
28790 547381
25501 474177
25502 474219
25503 474266
25504 474308
25505 474357
25506 474402
25507 474450
25508 474492
25510 474540
25511 474584
25512 474626
25514 474671
25515 474715
25517 474766
32919 640888
25520 474807
75402 1483575
28909 548390
40763 799281
41743 813755
25521 474851
25523 474903
41746 813842
25524 474947
25526 474990
32910 640749
25529 475036
73029 1439250
25530 475078
25534 475120
25535 475166
41751 813925
25537 475211
41777 814484
39095 770499
25555 475518
41775 814396
39097 770590
25557 475560
42372 823443
25559 475603
41702 813075
42369 823317
47906 935521
25560 475648
47904 935421
25562 475696
25567 475829
75979 1496791
47901 935271
46801 911191
25608 476230
33960 672067
75838 1493442
28551 537805
55609 1095856
25611 476272
28552 537851
25612 476312
70524 1381237
28561 538174
55550 1094284
46868 912799
25621 476437
70521 1381091
28564 538309
25624 476480
25625 476525
33883 669582
46861 912477
25628 476565
28572 538446
33983 672723
25632 476650
28574 538541
25634 476692
28578 538684
25638 476819
28579 538733
46816 911695
25639 476859
33957 672026
29860 571880
70581 1383126
28504 536137
25644 476906
33955 671927
70583 1383237
25646 476951
33954 671873
70582 1383179
25647 476996
28509 536226
25649 477039
28510 536272
33921 670841
25650 477086
28511 536318
33920 670803
25651 477128
28512 536365
25652 477175
28513 536418
33922 670886
25653 477218
25654 477263
28521 536691
33976 672521
25661 477303
39039 768815
25665 477349
28525 536871
33972 672336
28527 536957
33970 672244
25667 477438
28530 537095
73093 1441687
25670 477523
33915 670571
75478 1486390
73043 1439768
25686 477824
52032 1024730
29834 570995
25690 477915
52033 1024774
29835 571037
25691 477958
52030 1024640
29836 571087
25692 477998
29899 571978
29451 559653
25701 478132
29452 559707
25702 478179
29453 559757
25703 478226
25704 478273
29455 559805
25705 478320
29456 559858
25706 478366
29440 559261
25710 478553
54471 1066536
25714 478741
54475 1066720
29445 559363
25715 478788
54474 1066671
29446 559412
25716 478835
29447 559460
25717 478882
54476 1066762
29470 560324
25720 479023
29471 560372
25721 479070
29472 560424
25722 479117
25723 479164
29474 560474
25724 479211
29475 560520
25725 479258
29476 560565
25726 479305
53118 1044308
29477 560616
25727 479352
53119 1044354
29944 573793
46723 908713
25728 479399
29945 573840
29479 560669
25729 479446
29405 557785
25755 479493
54434 1065150
25771 479587
54450 1065728
93943 1790077
29425 558672
25775 479775
54454 1065862
28342 530604
51449 1020086
25802 480055
53014 1040484
47460 926784
28350 530931
38258 751889
25810 480100
28351 530975
38259 751934
25811 480152
28352 531025
25812 480193
39540 779494
28353 531074
25813 480237
29593 564086
25823 480414
39556 779678
92234 1753738
28363 531455
92232 1753641
28365 531545
51462 1020590
25825 480460
29596 564183
25826 480508
92231 1753593
28366 531592
51461 1020542
39553 779590
29597 564229
25827 480553
92230 1753545
28367 531642
51460 1020495
39552 779543
29581 563562
25831 480603
93423 1778812
28371 531818
93420 1778635
28372 531863
29689 568147
29582 563605
28219 526168
25832 480647
53064 1042465
29688 568097
25958 483270
93421 1778695
28373 531909
29583 563659
28218 526119
25833 480692
53065 1042514
93424 1778869
28376 532049
25836 480736
53060 1042271
54649 1071589
29587 563810
25837 480780
53061 1042319
54648 1071545
28377 532090
28379 532180
29682 567824
93724 1787445
29589 563906
28212 525814
25839 480824
54646 1071503
28308 529338
29691 568250
28201 525258
25848 481146
53056 1042083
28309 529397
29690 568195
25849 481194
53057 1042127
28320 529799
25860 481463
25862 481507
77328 1526640
25864 481552
28326 529937
25866 481641
92277 1755553
28328 530024
38220 750773
25868 481688
93461 1780669
92286 1755989
28333 530252
77337 1526961
25873 481820
28338 530428
38230 751130
91785 1743215
25878 481960
29532 562051
25882 482093
53094 1043621
47596 929674
93773 1788369
28241 527060
25901 482137
28242 527111
25902 482183
93776 1788501
28244 527211
25904 482223
47591 929630
93774 1788413
28246 527260
25906 482263
47590 929591
93775 1788457
28247 527311
25907 482311
25908 482355
46502 905027
25909 482403
25911 482451
28253 527413
53026 1041003
25913 482496
28255 527511
53020 1040760
25915 482544
28256 527560
53023 1040908
51458 1020409
25916 482589
51459 1020450
25917 482633
80946 1605966
47451 926382
29543 562243
28258 527609
25918 482678
25919 482728
28260 527658
53033 1041236
25920 482773
25921 482819
28262 527709
53031 1041147
25922 482863
25927 482911
29551 562517
25928 482958
70817 1390317
32091 617684
28272 528061
25932 483006
70813 1390057
32095 617833
25936 483052
47431 925715
28278 528316
25938 483098
29692 568294
25942 483142
93730 1787709
28202 525307
29693 568345
25943 483186
28203 525357
29681 567772
25951 483227
93727 1787577
28211 525763
54645 1071450
28222 526315
25962 483317
28226 526464
53075 1042854
25966 483366
28229 526615
25969 483425
28231 526713
53004 1040052
25971 483477
93740 1787797
28232 526762
53007 1040191
25972 483520
93744 1787885
28236 526960
53003 1040008
25976 483567
93745 1787929
28237 527011
53002 1039959
25977 483617
32044 616213
29651 566561
25981 483757
32041 616073
29654 566699
25984 483806
32040 616022
29655 566748
25985 483853
32043 616160
53099 1043808
29656 566790
25986 483900
26030 484039
26032 484134
26033 484178
26034 484224
26035 484269
28618 540012
26036 484314
70738 1387055
26041 484550
28768 546434
73122 1443047
26047 484599
32899 640287
26050 484651
26056 484740
32891 640155
70743 1387224
26058 484792
26059 484840
45849 891665
46989 915969
32887 640111
28642 540970
26060 484886
28656 541573
26070 484978
26102 485169
26103 485215
26104 485261
26105 485307
26120 485394
26133 485490
26134 485535
26136 485582
26137 485627
56292 1113138
26138 485676
26142 485760
26143 485805
26147 485893
32756 636224
26151 486085
71080 1394574
26152 486133
71072 1394337
26160 486273
71070 1394248
26162 486363
71075 1394428
26167 486461
26180 486692
26181 486733
26184 486778
26187 486820
26202 486914
31523 607210
26203 486959
31522 607157
26205 487004
31524 607254
26208 487097
26209 487151
26210 487199
26217 487287
26218 487329
85535 1668534
36353 712029
94209 1797019
57709 1142395
26222 487424
26224 487475
26230 487615
31533 607438
26234 487661
31537 607570
26236 487707
31535 607526
26237 487753
31534 607482
58711 1159910
27155 500875
26259 488072
36318 711265
26269 488437
56062 1105749
26270 488483
85544 1668839
36362 712153
63764 1269607
56063 1105794
26271 488528
26275 488625
26278 488714
36331 711587
56052 1105410
26280 488758
56050 1105318
26282 488807
56051 1105363
26283 488857
56057 1105605
26285 488904
56055 1105505
26287 488949
26288 488992
26289 489045
26291 489091
31599 608930
56048 1105271
26296 489282
56046 1105184
26298 489328
45863 892208
26301 489372
45860 892071
27099 499758
26302 489421
45864 892259
26306 489470
26338 489878
26339 489920
31329 605609
46961 915111
26343 490019
26346 490062
46965 915210
26347 490109
28624 540231
31323 605368
27052 499478
26349 490198
26351 490243
26354 490289
94294 1799463
57794 1144833
26361 490333
26362 490377
94293 1799411
57793 1144785
26366 490426
46910 913339
36254 709575
26372 490519
46914 913513
36250 709443
26376 490611
46915 913560
36251 709491
26377 490654
46926 913917
36262 709905
26384 490744
36263 709954
26385 490783
56028 1104446
36260 709807
26386 490832
26408 490979
99903 1923719
31769 612105
26421 491306
26424 491401
31705 610618
26425 491446
31704 610574
45363 881129
26430 491536
31733 611295
45367 881215
26434 491629
26435 491672
45365 881172
26436 491716
26437 491765
31730 611249
94562 1803210
57062 1129816
36904 722361
26440 491858
31721 611117
94561 1803161
57061 1129771
36907 722405
30703 595468
26443 491903
31722 611159
30707 595559
60139 1187583
94565 1803354
57065 1129953
45372 881451
26447 491991
30708 595606
60136 1187447
26448 492039
30711 595695
60123 1186958
26451 492085
36875 722186
26452 492136
45309 878814
36871 722062
26456 492178
87181 1685396
44481 862083
45316 879095
26463 492228
30641 594292
45252 877440
26501 492272
30642 594337
45251 877391
26502 492323
26504 492374
30645 594427
26505 492424
55478 1093852
30646 594475
45255 877587
26506 492474
55479 1093900
30647 594516
45254 877538
26507 492525
33805 667014
26519 492627
85215 1662147
30660 594737
63435 1263561
95669 1831407
57106 1130732
45277 878220
26520 492673
26521 492721
85211 1661971
30664 594870
63431 1263391
45273 878077
26524 492773
85210 1661927
30665 594915
63430 1263345
94403 1800233
57103 1130580
26525 492816
30671 595142
56187 1109898
26531 492918
26534 492967
30677 595236
56181 1109711
26537 493017
44813 868011
99774 1921543
30601 593070
45212 875538
26541 493063
44815 868108
99772 1921436
30607 593327
85359 1666846
45214 875636
26547 493304
26560 493490
31403 605850
30620 593551
26561 493532
61087 1206473
31402 605804
30621 593597
26566 493663
61080 1206274
31405 605942
45239 876804
26581 494074
36858 721484
26587 494257
36869 721965
26590 494347
61036 1204600
36868 721916
26591 494392
61037 1204647
33164 648616
26610 494483
28146 524535
54732 1073190
26629 494893
55090 1084470
30576 592701
26636 494986
30511 590230
26651 495073
30516 590457
26656 495124
30522 590734
26662 495213
30527 590875
26667 495258
61491 1215826
30531 591052
26671 495304
32128 619007
26675 495349
28138 524347
30535 591194
30536 591242
26676 495407
44662 865559
30449 588889
26680 495554
44663 865602
30448 588846
26681 495597
44666 865716
26684 495641
44676 866046
26690 495684
44677 866088
26691 495728
32176 620603
28166 524944
26704 495772
31627 609499
26719 496142
30572 592567
26722 496233
28145 524490
26763 496697
54731 1073148
55088 1084386
26767 496794
54735 1073320
26818 497310
26833 497404
26836 497449
26838 497495
26886 497924
27007 498012
27018 498415
27028 498828
46913 913465
36257 709716
27048 499290
46912 913422
36256 709667
27049 499341
28626 540325
31321 605281
27050 499382
28622 540141
27054 499571
28623 540185
31324 605414
27055 499615
45861 892119
27098 499710
27101 499806
27105 500009
27106 500059
27107 500110
36202 709169
27110 500263
36203 709215
27111 500314
36206 709351
27114 500416
36207 709397
27115 500467
36204 709259
27116 500518
36205 709305
27117 500569
46936 914269
36272 710321
27120 500620
94288 1799203
46931 914090
57788 1144606
36275 710459
27127 500671
46922 913830
36266 710091
27130 500722
27150 500773
58716 1160048
36349 711849
27152 500824
58713 1160003
27157 500926
27198 500977
27199 501028
27202 501126
27228 501742
27229 501785
33418 654708
30183 581169
27288 503195
33419 654767
30182 581127
27289 503236
33408 654151
27298 503515
33409 654208
27299 503561
28789 547335
41612 811881
39174 772562
27326 504331
28771 546539
41604 811699
39166 772252
27330 504378
28770 546490
41605 811741
39167 772303
27331 504419
28773 546637
41606 811788
27332 504460
70721 1386350
28698 543350
27342 504595
28761 546208
27343 504641
28760 546162
73120 1442943
27349 504732
27351 504825
28750 545694
27360 505112
28747 545534
28746 545484
55777 1098723
27361 505162
36577 716707
27401 505582
60404 1190685
36574 716570
30019 574660
27402 505631
60407 1190775
36575 716616
30018 574618
27403 505679
60406 1190729
36572 716526
27404 505728
60401 1190557
27405 505776
36619 717964
27406 505825
60403 1190640
36618 717921
27407 505873
60402 1190599
61799 1222157
45469 883829
36571 716481
36617 717878
30013 574388
27408 505922
36616 717836
30012 574342
27409 505971
36562 716237
30069 576635
27410 506020
30068 576592
27411 506069
36560 716140
27412 506117
45479 883970
36561 716188
27413 506166
36567 716331
27415 506214
36564 716282
27416 506262
60439 1191993
27417 506310
60438 1191952
30060 576249
27419 506358
60436 1191867
44089 852984
36512 714507
27420 506406
27425 506454
61643 1219145
27427 506502
61641 1219105
27711 512802
54177 1061682
27438 506646
36527 714912
27455 506694
60472 1193449
33775 666295
27499 506887
27501 506935
27503 507018
27504 507061
27505 507106
30103 578040
27514 507495
27517 507639
27519 507726
70003 1369582
98023 1876425
55806 1099778
33598 660891
27528 508130
29353 556533
27544 508753
29351 556489
27546 508842
27557 509154
32614 632327
27559 509202
46082 896163
27560 509247
29379 557293
27957 519074
27562 509293
29373 556997
27568 509426
29348 556393
27571 509568
27583 509933
61761 1221525
55955 1102073
33538 658821
27588 510116
33539 658874
27589 510162
31119 603081
70181 1375438
55940 1101460
27592 510249
87828 1693077
55944 1101632
33526 658584
27596 510389
27599 510481
98508 1890977
56533 1120120
27601 510529
56527 1119935
27611 510947
56524 1119841
27612 510989
27620 511282
61482 1215475
27621 511324
61483 1215523
27622 511366
61480 1215424
27623 511408
27624 511450
61486 1215651
27626 511534
61484 1215565
27627 511576
61485 1215608
44149 855659
98560 1892690
44147 855603
27629 511660
36477 713963
27668 512038
61536 1216640
30291 584024
44133 854918
27695 512206
30271 583358
27709 512716
45677 886599
27710 512759
27712 512845
54174 1061594
45675 886551
27713 512888
54175 1061637
45674 886504
27717 512974
54171 1061506
44084 852749
27722 513017
46129 897265
30340 585972
27810 513476
46128 897220
30341 586016
27811 513523
30346 586232
27816 513752
27817 513795
33778 666436
30371 587105
27821 513983
30374 587149
27824 514116
30375 587191
27825 514160
27826 514205
30377 587235
27827 514249
53968 1057971
30361 586756
27831 514418
46240 900672
32399 626444
30362 586800
27832 514469
30363 586844
27833 514516
53960 1057689
33706 663965
30369 587019
27839 514740
30310 584790
27840 514785
30311 584834
27841 514830
30312 584877
27842 514874
30313 584921
27843 514923
30314 584965
27844 514968
30315 585009
27845 515014
30316 585053
27846 515063
30317 585097
27847 515110
52625 1035988
30319 585185
27849 515154
30302 584443
27852 515299
52631 1036172
30305 584573
27855 515406
52632 1036212
30306 584616
27856 515457
30307 584659
27857 515501
30308 584702
27858 515546
27860 515591
30331 585621
27861 515637
30333 585708
27863 515732
70038 1370286
30336 585796
27866 515872
30320 585229
27870 516072
30321 585273
27871 516124
27873 516215
30325 585403
27875 516311
30326 585447
27876 516354
30327 585491
27877 516404
30328 585533
27878 516452
30329 585577
27879 516497
27880 516539
70343 1376286
27886 516806
70345 1376379
36543 715528
27888 516898
36542 715479
27889 516946
46070 895846
27909 517459
46049 895050
52732 1037799
29330 555807
27916 517599
46048 895005
52733 1037844
32591 631693
29331 555854
27917 517646
32565 631029
27923 517868
52701 1037347
32563 630934
27925 517960
32572 631362
27930 518196
32577 631409
27935 518289
27937 518370
29360 556674
27942 518552
70083 1372270
29229 554669
29377 557201
27959 519167
27960 519211
27964 519303
27965 519355
46143 897591
27986 520125
33184 649485
32231 622624
28001 520169
33183 649443
32236 622866
28006 520261
33182 649397
32237 622914
28007 520304
32239 623010
39735 782301
28009 520350
32228 622528
28018 520590
55029 1082186
32229 622576
28019 520637
73754 1453022
32216 621958
28026 520918
73755 1453066
32217 622006
28027 520964
32208 621674
54125 1060021
28038 521331
30237 582357
28053 521655
30258 582859
28055 521744
28078 522222
55009 1081437
45105 872884
28079 522276
55008 1081391
32119 618554
28109 523323
32008 615453
28111 523413
31632 609667
28114 523496
31637 609850
28117 523595
31634 609711
32130 619105
45015 871362
28120 523685
32134 619304
45011 871182
28124 523783
32135 619351
28125 523836
32138 619496
28128 523977
30503 590003
32139 619540
28129 524021
30502 589952
32120 618603
28130 524064
32129 619056
28139 524391
30534 591147
28144 524445
54730 1073107
55089 1084428
33128 647019
32141 619633
28151 524670
32142 619680
28152 524716
32178 620697
29664 567079
31629 609539
70891 1391549
73951 1455256
28168 525042
32179 620741
29665 567129
73950 1455212
28169 525084
28204 525408
29696 568439
28206 525508
53051 1041975
29697 568486
28207 525559
53050 1041931
29680 567719
93726 1787533
28210 525712
54644 1071403
28378 532139
29683 567870
93725 1787489
29588 563858
28213 525865
29684 567917
93722 1787357
28214 525916
53069 1042613
54640 1071221
29685 567961
93723 1787401
28215 525967
54641 1071269
29686 568005
93720 1787269
28216 526017
54642 1071312
29687 568049
93721 1787313
28217 526068
54643 1071357
28220 526217
53073 1042753
28221 526266
53072 1042706
28223 526364
53070 1042659
28224 526415
28227 526515
53074 1042801
28230 526664
53005 1040097
93741 1787841
28233 526811
53006 1040145
28234 526862
53001 1039914
93747 1787973
28235 526911
54669 1072406
47588 929549
93771 1788281
28243 527160
47459 926739
28250 527362
28254 527462
53021 1040812
28263 527760
28265 527811
53036 1041376
28266 527862
53035 1041330
47449 926337
47446 926246
29550 562466
28269 527913
47439 926075
70815 1390187
28270 527964
47438 926028
70814 1390122
32092 617729
28271 528015
70816 1390252
28273 528112
70811 1389927
32097 617941
28274 528163
70810 1389862
32096 617889
28275 528214
70812 1389992
32094 617786
28277 528265
29610 564789
28280 528367
29611 564840
28281 528418
29612 564891
28282 528469
29614 564993
28284 528520
29615 565044
28285 528571
29617 565145
70808 1389732
28287 528622
70807 1389667
32085 617525
28288 528671
70806 1389604
32084 617468
28289 528722
70835 1391095
28290 528773
70833 1391030
32071 617076
28296 528822
29606 564585
29607 564636
28297 528873
92267 1755187
28312 529554
39501 778673
93406 1778270
28318 529702
93407 1778332
28319 529750
93475 1780882
28323 529846
92278 1755615
28327 529980
28340 530517
28343 530651
51448 1020042
28344 530696
28345 530743
28347 530788
28355 531123
29592 564043
92235 1753793
28362 531409
51465 1020681
29594 564139
92233 1753689
28364 531501
51463 1020635
28368 531687
38260 751976
29598 564280
29580 563512
53066 1042564
93422 1778755
28370 531773
93729 1787665
29584 563706
53062 1042369
93426 1778925
28374 531954
93728 1787621
29585 563755
53063 1042419
93427 1778972
28375 531999
29570 563084
54541 1068753
28380 532229
29572 563173
54543 1068843
47420 925437
28382 532278
28383 532324
39298 774564
29574 563221
54545 1068891
47426 925574
28384 532369
47427 925622
29575 563265
28385 532417
29576 563313
54547 1068988
47424 925527
28386 532464
29577 563368
54546 1068944
28387 532509
29578 563416
28388 532559
52136 1026822
39284 774351
29568 563002
28398 532927
29569 563043
28399 532968
28401 533014
29925 573019
28402 533066
29926 573076
72368 1422805
29492 561132
28403 533118
52099 1026545
29927 573133
72369 1422841
29493 561181
28404 533170
29920 572783
28405 533220
29921 572841
28406 533271
29922 572885
28407 533323
29923 572930
28408 533375
28409 533427
38501 757041
28410 533479
29934 573417
28411 533531
29935 573462
29481 560721
53127 1044634
28412 533583
29936 573511
93928 1789795
29482 560765
93512 1781227
28420 533635
52142 1026956
29904 572166
93513 1781269
28421 533678
29905 572212
93510 1781179
28422 533723
52140 1026863
29906 572264
28423 533769
52141 1026913
29907 572311
93516 1781397
28424 533814
52146 1027055
93517 1781438
28425 533862
52147 1027108
29901 572026
28428 533905
28429 533961
28430 534015
28431 534065
28432 534113
28433 534161
28434 534205
39309 774900
28435 534248
28436 534291
72312 1420840
39304 774754
28438 534335
72313 1420885
39305 774802
28439 534383
28444 534571
51541 1021819
93536 1782121
28448 534708
52166 1027810
28449 534750
93522 1781569
28450 534802
52172 1028048
28452 534899
52170 1027953
28453 534947
52171 1028003
93526 1781696
28454 534992
93527 1781744
28455 535039
93524 1781654
28456 535083
28457 535132
52175 1028091
28458 535180
28459 535226
93551 1782602
28463 535419
52101 1026590
93556 1782848
28464 535468
28468 535652
38560 758169
28469 535702
93546 1782461
28470 535758
38578 758859
93544 1782369
28472 535807
28478 535855
51557 1022528
38570 758534
29410 557993
54447 1065593
28480 535947
33952 671766
70584 1383282
28501 536007
28515 536458
33924 670928
28516 536503
33927 670969
28519 536595
33928 671018
28520 536641
39038 768768
28524 536827
33973 672382
28553 537895
70525 1381289
28560 538129
55551 1094334
70527 1381381
28562 538219
55553 1094384
33888 669722
70526 1381337
28563 538264
75882 1494457
28589 539141
28601 539284
31302 604541
28708 543668
28607 539558
31304 604635
28612 539787
31333 605707
28628 540420
28629 540466
70453 1379228
28636 540742
46911 913381
36255 709624
28638 540835
28641 540923
45848 891620
46988 915923
32886 640067
28643 541016
28644 541058
28645 541107
28646 541152
28647 541196
28649 541246
28650 541291
28651 541335
28654 541477
28655 541528
28657 541625
28729 544678
55758 1098163
70777 1388616
28660 541764
28728 544636
70776 1388563
28661 541806
28721 544309
55750 1097892
39114 770947
28668 542123
28720 544256
55751 1097939
39115 770995
28669 542174
40476 796049
28681 542700
28682 542751
28683 542796
28684 542841
28685 542880
28687 542925
70729 1386699
28690 543072
70728 1386650
28691 543114
28779 546921
73137 1443774
28692 543164
28778 546874
73136 1443722
28693 543207
73131 1443515
39168 772344
28694 543254
28697 543303
28772 546588
41607 811835
39165 772210
28699 543397
28713 543926
55744 1097610
28722 544352
55753 1098028
39117 771082
28723 544395
55752 1097983
39116 771042
28724 544442
39111 770853
28726 544533
55757 1098113
39113 770896
28727 544587
55756 1098072
28739 545143
28745 545432
39130 771304
28774 546678
41601 811575
39163 772166
28776 546779
41603 811657
39161 772077
28777 546825
41602 811616
73139 1443826
39160 772035
28781 546964
73107 1442270
28788 547290
39175 772606
28802 547638
28803 547686
28804 547733
28805 547781
32911 640795
28901 548117
41749 813883
32912 640841
75409 1483755
28902 548163
28903 548207
40769 799323
28904 548255
28905 548300
28906 548345
41135 805970
29003 548525
29009 548619
77080 1521759
29014 548708
29018 548850
29020 548897
29021 548940
43615 842910
74558 1465738
29031 549029
29038 549253
29039 549298
29040 549346
29041 549390
29042 549443
29045 549535
29046 549577
41179 806779
29047 549618
29051 549713
29053 549804
41166 806459
29054 549850
42541 825590
29058 550001
29059 550054
29061 550105
29062 550151
42558 825729
29063 550195
29065 550238
29067 550290
29069 550337
29070 550383
29071 550432
29072 550481
29073 550530
29075 550628
29079 550726
29101 550904
43766 845720
29102 550953
29104 551000
50801 1013021
43760 845530
43761 845576
29105 551047
29107 551091
29108 551138
29111 551185
29112 551233
29113 551279
43778 846067
29114 551326
43779 846116
29115 551371
29116 551422
29117 551473
29118 551523
43746 844974
29122 551574
43747 845022
29123 551617
29125 551663
29126 551708
29127 551752
29128 551801
29129 551845
43754 845251
29130 551894
43756 845346
29132 551942
43757 845397
29133 551986
29135 552037
29137 552089
29138 552131
29142 552174
29143 552221
32439 627922
29145 552269
29150 552470
29151 552513
29152 552556
29153 552601
29154 552644
29160 552687
29161 552734
29162 552785
29163 552835
29164 552881
29166 552924
42431 824156
29168 552965
29169 553011
29170 553063
29171 553116
39901 785109
29172 553169
29175 553218
29177 553265
29178 553314
29180 553360
29203 553501
33614 661561
29301 554993
73566 1449630
29208 553735
33615 661609
73567 1449672
29209 553782
33604 661083
75189 1478980
73572 1449895
29210 553829
33605 661131
73573 1449938
29211 553876
33606 661179
73570 1449808
29212 553923
54241 1063036
33601 660941
72578 1429160
29215 554018
54246 1063131
33602 660988
29216 554064
54245 1063085
33634 662369
29369 556853
29220 554251
53786 1054362
54211 1062180
47112 918116
33635 662416
29368 556808
29221 554298
54210 1062134
33624 662039
47106 917882
29230 554716
32569 631218
73526 1447965
29240 554763
73532 1448235
29250 554809
33616 661657
29303 555098
33611 661419
29304 555151
33610 661371
29305 555204
33613 661513
29306 555256
33612 661467
29307 555309
52726 1037529
32580 631549
29320 555471
46072 895940
29329 555757
29340 556205
29374 557052
29375 557101
52746 1038219
32524 629813
29384 557334
52747 1038262
29385 557379
32526 629861
29386 557429
40228 790609
52753 1038538
32535 630096
29395 557531
29401 557577
54430 1065016
29404 557730
54435 1065196
29406 557841
54437 1065284
29412 558038
29413 558088
29414 558139
54443 1065501
29415 558190
54442 1065459
29418 558349
29431 558820
54462 1066169
29432 558866
29433 558918
54460 1066129
29434 558964
54467 1066400
29435 559014
54466 1066355
29436 559065
54465 1066308
29437 559109
54464 1066264
29438 559160
29450 559609
29461 560011
29464 560063
29465 560118
29466 560173
29468 560228
53102 1043897
46711 908538
29469 560276
53103 1043943
46710 908496
29483 560822
53125 1044540
29484 560873
53122 1044492
29931 573286
29485 560925
29932 573331
29486 560977
53120 1044398
29933 573374
29487 561027
53121 1044446
93922 1789509
29488 561083
29501 561228
54552 1069114
29504 561367
54557 1069290
29505 561414
54556 1069246
29506 561461
54555 1069202
29639 565994
29510 561508
54561 1069466
29638 565947
29511 561556
54560 1069424
29512 561597
54563 1069559
47408 925389
29516 561649
29631 565669
47406 925293
29518 561696
29630 565624
29519 561743
54568 1069725
47407 925341
29520 561788
32059 616628
29525 561837
47452 926428
29540 562144
80944 1605911
47453 926472
29541 562195
80941 1605801
47456 926606
29544 562284
47457 926647
29545 562335
47454 926518
29546 562380
29547 562424
53029 1041100
80942 1605856
47455 926559
29554 562568
47443 926161
29555 562620
29556 562671
29567 562954
29571 563130
54540 1068705
72812 1434468
29579 563464
54548 1069029
29601 564331
29602 564381
29603 564432
29613 564942
29616 565095
32053 616394
53085 1043243
29620 565195
32050 616304
53086 1043298
29623 565338
32055 616487
53083 1043195
29626 565479
29632 565713
29633 565758
29634 565803
29635 565848
29636 565898
29640 566042
29641 566085
29644 566219
29645 566272
29646 566320
32038 615973
29647 566369
29650 566515
29652 566607
32042 616115
53098 1043763
29657 566838
29661 566982
32011 615547
29662 567031
29667 567221
32025 615682
29670 567310
29672 567403
32026 615730
29673 567445
32169 620346
29675 567494
29676 567539
29677 567581
41010 802923
29702 568535
41011 802966
47615 930033
29703 568584
41016 803148
47612 929942
29704 568632
41014 803058
47610 929850
29706 568674
41015 803104
47611 929896
29707 568719
74401 1462272
29708 568768
29709 568812
29710 568867
29712 568908
29714 568953
29715 569000
41008 802876
29716 569044
29717 569088
41006 802781
29718 569136
29720 569188
29721 569236
29722 569285
29724 569334
29726 569377
29727 569423
38088 747957
41062 804461
29730 569576
41063 804504
29731 569620
29732 569664
41061 804416
29733 569708
29734 569752
41053 804197
29741 569796
29742 569842
41051 804102
29743 569883
41056 804323
29744 569924
29745 569972
33938 671329
29803 570092
33905 670131
29810 570301
33906 670175
29813 570397
29822 570626
29824 570672
29828 570810
29829 570857
29839 571178
29840 571225
29844 571415
29845 571465
29850 571699
33956 671977
29861 571929
70580 1383079
93514 1781313
52144 1027001
29902 572073
29903 572120
29909 572358
29910 572401
29911 572448
29912 572493
93501 1780994
52151 1027207
29913 572543
93504 1781077
52154 1027253
29916 572690
29918 572739
29924 572974
51501 1020814
38504 757182
29928 573181
38505 757228
29929 573238
51537 1021732
29938 573557
51536 1021681
29939 573613
51529 1021374
29940 573657
51528 1021327
29941 573704
29943 573750
36505 714319
30002 573885
60410 1190912
36504 714274
30003 573938
60411 1190956
36608 717531
30004 573985
60416 1191104
36503 714229
36609 717574
30005 574031
60417 1191150
36502 714184
30006 574078
30007 574121
60415 1191056
36604 717360
30008 574164
36605 717402
30009 574206
30010 574252
36615 717793
30011 574299
36610 717617
30014 574434
61791 1222109
36579 716804
36611 717660
30015 574480
61790 1222067
36578 716757
36612 717703
30016 574526
60408 1190821
36613 717746
30017 574572
60409 1190865
30026 574941
30028 574991
30029 575036
30030 575086
60462 1193000
30031 575129
60463 1193046
30032 575173
60460 1192905
30033 575217
60461 1192951
30034 575261
60466 1193185
30035 575305
60467 1193230
30036 575349
60464 1193094
36633 718050
30037 575393
60465 1193139
30038 575437
30039 575481
30040 575530
30041 575574
55919 1100697
30042 575619
55918 1100651
30043 575671
30044 575723
30045 575775
30046 575827
30047 575879
30048 575925
55912 1100556
30049 575971
30052 576023
30054 576072
61759 1221435
30055 576114
61758 1221393
30056 576160
30058 576204
61755 1221305
55961 1102305
30061 576292
60437 1191908
36569 716427
30062 576334
60434 1191785
45470 883876
36568 716380
30063 576377
60435 1191826
30064 576420
60432 1191703
30065 576463
60433 1191744
30066 576506
60430 1191619
30067 576549
60431 1191662
36555 715945
30070 576678
60422 1191316
30071 576725
60423 1191360
30072 576772
60420 1191229
36550 715802
30075 576860
70358 1376765
87548 1689971
44048 851619
36553 715895
30076 576904
60424 1191404
30077 576948
60425 1191447
30078 576992
70355 1376619
30080 577087
30081 577128
30082 577169
30083 577210
30398 587627
30084 577261
30086 577345
30087 577396
30092 577587
70063 1371358
30097 577824
30116 578636
30118 578732
30126 579114
32631 632863
30127 579157
55810 1099915
30129 579206
32626 632724
30134 579342
32627 632768
30135 579392
30138 579483
30139 579526
30140 579572
30141 579617
31156 603477
30142 579661
30143 579712
31150 603433
30144 579755
30145 579798
30146 579843
30147 579889
30148 579932
30149 579980
30150 580027
31145 603345
30151 580074
31146 603389
30152 580117
30153 580160
30154 580203
30156 580253
30157 580295
30160 580340
30161 580382
33549 659304
30162 580422
33548 659257
30163 580462
33542 659014
30169 580624
30172 580757
30178 580986
30179 581035
32656 633485
30184 581214
30185 581256
30212 581576
30213 581625
45628 885025
33081 646019
30215 581720
45123 873484
33082 646066
30216 581770
45120 873346
33083 646118
54149 1060720
30217 581812
45121 873393
30218 581854
30224 582041
30228 582087
45156 874279
30229 582130
45157 874325
30230 582175
30233 582222
30234 582264
99335 1907362
30240 582451
71496 1405393
30251 582632
55068 1083518
30252 582685
55069 1083564
30253 582729
30256 582773
30264 583075
45112 873076
30274 583486
30276 583577
30277 583620
30281 583666
30285 583762
30286 583806
30287 583851
30290 583980
30292 584071
30295 584212
52630 1036127
30304 584529
52624 1035947
30318 585141
30380 587323
30388 587455
30392 587499
70381 1377390
30396 587583
56728 1125800
30423 588123
31643 610070
30424 588164
31642 610024
45036 871639
30425 588207
31641 609980
73939 1454901
30426 588253
30427 588295
56722 1125532
30429 588390
30438 588522
30439 588569
56741 1126304
30446 588752
30818 597757
30450 588933
31650 610292
30819 597805
30451 588976
30454 589116
56738 1126214
30455 589163
30456 589210
30457 589251
87347 1687059
44647 865000
30460 589392
44646 864955
30461 589440
44643 864817
30464 589486
30467 589533
61418 1213021
44640 864726
44679 866184
30470 589579
44678 866134
30471 589629
30473 589676
30474 589723
30475 589767
30477 589811
30504 590049
30506 590095
45018 871407
30507 590141
30512 590272
30513 590318
30514 590365
30515 590412
30517 590503
30523 590781
30525 590832
30530 591006
30533 591100
30537 591285
33176 649122
30542 591514
33177 649168
30543 591563
33172 648938
30546 591649
33173 648984
30547 591694
30549 591781
30573 592609
30581 592838
30582 592879
37729 739290
30597 592927
99789 1922291
85249 1662663
30612 593455
63469 1264914
44804 867791
31407 606033
85259 1663166
30624 593727
31406 605988
85258 1663116
30625 593770
61081 1206326
31404 605896
45238 876755
30627 593815
30643 594384
30650 594607
30656 594694
30662 594779
63437 1263644
94404 1800283
57104 1130631
85216 1662191
31808 613524
30663 594825
63436 1263602
57105 1130682
31803 613291
30668 595051
30673 595189
30680 595333
85236 1662473
30683 595376
31720 611073
45374 881539
94563 1803254
57063 1129867
30701 595424
36877 722229
30710 595648
60122 1186919
94577 1803936
57077 1130438
36915 722625
30719 595740
30720 595786
60152 1188108
30722 595878
60150 1188021
36922 722802
30726 596012
60154 1188195
30731 596151
30733 596238
30734 596285
30735 596327
30736 596370
61349 1211472
94522 1801376
57022 1128195
30740 596510
94524 1801482
57024 1128246
30746 596659
94525 1801532
57025 1128286
30747 596707
31714 610937
45340 880150
94531 1801839
57031 1128562
30757 597039
30806 597215
33269 651001
30808 597303
30809 597348
30824 598033
30828 598079
30833 598171
32185 620977
54761 1074380
30903 598260
32182 620880
54766 1074607
30904 598304
31007 599074
33449 656191
31014 599382
31016 599471
31017 599516
31021 599702
33459 656388
31022 599746
33458 656340
31023 599790
31024 599832
31025 599877
31026 599919
31027 599963
31032 600198
31033 600236
31041 600605
31045 600743
31068 601659
31070 601747
31072 601837
31077 601966
31082 602139
31085 602280
31088 602412
31089 602463
31090 602510
31091 602559
31092 602603
31093 602645
31096 602795
31097 602845
31106 602993
31107 603037
31126 603125
31131 603169
31136 603213
31141 603301
31192 603521
31193 603565
31195 603609
31196 603653
37024 723450
31220 604255
37025 723500
31221 604294
31410 606176
45224 876125
31411 606221
45225 876174
31420 606543
55438 1092730
31995 615065
31421 606589
94248 1797747
85934 1674822
31502 606678
57748 1143303
95060 1812210
58755 1160991
37037 724081
94254 1797955
85920 1674232
31512 606804
57754 1143484
31521 607114
31525 607298
31532 607391
31539 607617
86324 1677677
31542 607668
86321 1677532
31547 607892
31548 607938
31550 608033
31551 608073
88439 1701057
86338 1678233
31552 608116
86339 1678284
31553 608159
37061 725029
31566 608701
57760 1143709
86342 1678419
31568 608798
31648 610200
31698 610343
31699 610389
31701 610436
31708 610756
56127 1107660
31709 610802
31719 611028
31735 611335
45361 881042
31743 611466
31744 611510
45390 882106
31747 611555
31749 611602
31750 611646
56681 1124731
31753 611695
56682 1124778
31756 611741
56687 1125009
31757 611790
56686 1124953
31768 612058
31773 612241
31774 612287
31775 612329
31778 612414
31779 612455
33307 651549
60192 1189707
89023 1705484
31781 612543
44442 861293
31993 615018
31997 615115
70884 1391484
73944 1454989
32006 615360
32058 616583
70826 1390835
32060 616669
70827 1390900
32061 616716
32062 616759
70825 1390770
32063 616806
70822 1390640
32064 616851
54749 1073921
70823 1390705
32065 616898
54748 1073873
70802 1389346
32080 617256
70803 1389411
32081 617313
32082 617366
70801 1389281
32083 617425
70804 1389475
32086 617582
70805 1389540
32087 617639
47433 925803
32099 617983
32131 619158
32132 619207
32143 619728
46582 907282
32145 619775
46580 907190
32147 619825
32168 620292
33186 649576
32233 622720
55170 1086353
32238 622962
73717 1451762
32255 623454
55110 1084985
32258 623597
46379 903981
32260 623698
46308 902376
32277 623801
73647 1450710
32301 623849
73644 1450582
32302 623895
32311 624307
73655 1450929
32317 624582
47126 918687
72531 1427576
32328 625027
54207 1062003
72530 1427531
32329 625075
32332 625221
32333 625265
79015 1568405
72519 1427013
32340 625490
32343 625580
32344 625623
32345 625673
32346 625723
32347 625768
32348 625809
32350 625851
72529 1427479
32356 626077
32508 629285
32401 626490
32404 626624
32405 626669
72679 1431587
32406 626714
32407 626758
32410 626899
72648 1430700
32411 626945
32412 626989
32413 627033
32417 627084
32432 627637
32435 627782
32438 627880
32442 628015
53704 1053360
47190 920289
73506 1447695
32444 628110
53702 1053276
32446 628198
73505 1447650
32447 628244
53701 1053234
32448 628290
32449 628336
32452 628385
32456 628476
32457 628524
32459 628572
32460 628625
32461 628669
32462 628720
32463 628767
32464 628814
32465 628859
32466 628905
32504 629093
32512 629429
32513 629477
40241 790856
32514 629525
52742 1038133
32520 629621
40259 791448
32522 629717
40258 791398
32523 629765
52756 1038670
32530 629909
52757 1038716
32531 629956
52755 1038623
32533 629999
40229 790659
52752 1038492
32534 630048
52750 1038395
32536 630142
52751 1038443
32537 630190
40225 790560
32538 630236
40224 790511
32539 630279
32540 630327
46039 894734
32542 630417
32547 630518
52772 1039240
32550 630686
32559 630735
32568 631171
32571 631315
32588 631645
98024 1876472
55801 1099548
32608 632083
32610 632180
32612 632278
32615 632376
32617 632463
32628 632817
32640 633097
32641 633143
33468 656847
32643 633192
32644 633241
32654 633385
32663 633630
32708 634589
32709 634642
55723 1096967
32728 635438
32747 635949
32751 636045
32754 636182
40965 802124
32793 637456
40818 799813
73144 1444086
32806 637960
32834 639100
32835 639144
75904 1494747
39078 769949
32853 639319
40847 800477
32855 639407
40844 800390
32856 639451
32860 639627
75933 1495166
32861 639671
75932 1495119
42324 821979
32868 639803
32896 640199
32897 640243
39341 775639
32906 640565
72351 1422250
93905 1789123
32908 640657
72350 1422202
32909 640703
73025 1439076
32923 641030
73022 1438944
32924 641072
73020 1438854
32926 641163
42204 820026
32940 641537
32941 641583
32948 641630
32949 641682
39337 775501
32952 641823
42214 820253
32958 642123
42215 820298
32959 642175
72379 1423173
32960 642220
32961 642272
32962 642325
39328 775272
32963 642378
32966 642537
42223 820562
32967 642590
72370 1422886
39322 774996
32969 642696
72347 1422105
39355 776049
32978 642900
33060 645108
33061 645159
33062 645210
33063 645261
33064 645312
33065 645363
33066 645414
33067 645465
33068 645516
33069 645566
33070 645617
39649 781301
33071 645663
39648 781260
33093 646312
54155 1060997
45614 884571
46321 902635
33122 646790
33131 647157
33132 647203
33162 648526
33170 648892
33179 649260
33185 649530
55175 1086447
33188 649666
33206 650215
61238 1208059
33222 650261
61250 1208404
33261 650863
33265 650909
33299 651185
33309 651655
33316 652025
61104 1206799
55345 1088554
33317 652077
61105 1206847
95623 1829401
55344 1088503
55354 1088935
33321 652288
33328 652657
60175 1188976
33329 652710
60174 1188929
89012 1704977
87191 1685661
44491 862409
36854 721338
33336 653026
60141 1187679
95602 1828461
55369 1089610
55335 1088104
33388 653661
33441 655821
33442 655874
33446 656086
33454 656242
33465 656694
33469 656895
33470 656942
33471 656993
33472 657041
33473 657095
33474 657149
33475 657203
33476 657250
33477 657298
33511 658256
33575 660163
61727 1220085
70053 1370880
33578 660259
33579 660304
33607 661227
33625 662086
33626 662133
33646 662512
46157 898075
53803 1054782
33661 662749
46154 897952
33662 662796
53964 1057869
33702 663746
53965 1057917
33703 663801
53963 1057827
33705 663910
53541 1050856
33716 664514
33733 664787
33734 664842
53934 1056575
33756 665434
33776 666342
55472 1093710
33810 667185
55473 1093758
33811 667228
55470 1093662
33812 667271
33820 667400
33823 667442
70549 1382180
55484 1094044
33826 667536
55485 1094092
33827 667585
33837 667849
70551 1382284
33838 667893
33839 667934
33840 667979
33841 668024
55599 1095497
33843 668069
33844 668114
70562 1382652
33845 668160
70563 1382699
33846 668206
70560 1382608
33847 668254
55592 1095165
33848 668297
55593 1095213
33849 668352
33850 668395
33851 668441
33852 668488
70578 1383037
33853 668539
33854 668584
33855 668627
33856 668680
33857 668723
33858 668768
33859 668810
33860 668855
33862 668897
33863 668948
33865 668990
33867 669029
33868 669075
33870 669119
33871 669166
33872 669213
33873 669260
33875 669305
33876 669352
33877 669399
33880 669441
33881 669488
55558 1094478
33882 669535
33884 669629
33885 669675
33890 669769
33896 669817
33897 669861
33898 669905
70532 1381559
33901 669950
75859 1494163
33904 670087
33910 670351
75848 1493760
33911 670395
75849 1493806
33912 670439
33913 670483
33914 670527
75479 1486436
73041 1439682
39058 769375
33917 670659
33953 671820
70585 1383329
34108 673294
34109 673338
37304 731374
62823 1246819
34110 673382
37306 731474
62821 1246729
34112 673426
37307 731522
62820 1246680
95354 1820622
58854 1163149
34113 673470
36769 720277
62827 1246949
95353 1820573
58853 1163102
34114 673514
37303 731331
62824 1246860
34117 673601
36764 720052
34119 673645
36783 720504
34136 673877
34201 674356
34202 674403
34203 674448
34204 674495
34205 674542
34206 674589
34207 674636
34208 674683
34209 674729
35811 701881
76472 1508346
34210 674776
35810 701833
34211 674823
35814 702023
34215 674915
34216 674959
35816 702117
76475 1508435
34217 675007
35803 701500
76402 1506549
34220 675154
35802 701452
34221 675200
35801 701404
34222 675245
34223 675291
34230 675479
67047 1325682
69166 1367213
34231 675525
69167 1367259
34232 675572
67045 1325636
34234 675665
69162 1367074
34237 675806
69161 1367030
34238 675853
34239 675900
34240 675947
34241 675993
34242 676040
34243 676087
34250 676133
34251 676181
34260 676230
67035 1325323
34264 676276
67031 1325272
34265 676319
67030 1325226
34266 676363
34267 676407
35403 693705
34268 676454
35402 693654
34269 676498
34270 676542
34272 676589
34274 676633
34275 676678
34282 676959
67017 1324684
35461 694695
34286 677095
67013 1324589
69190 1367496
34288 677193
34289 677242
34290 677291
34291 677340
35893 702213
34292 677389
34293 677430
35894 702261
34295 677474
34420 677521
34421 677567
34430 677762
64862 1290049
34431 677808
64863 1290094
34432 677854
34433 677900
64861 1289997
34434 677946
64866 1290234
34436 677992
64864 1290148
34442 678040
34445 678083
34446 678126
34447 678172
34448 678226
34449 678270
35219 691456
34450 678311
35218 691408
34451 678356
34452 678402
34453 678448
34460 678494
64836 1289246
34461 678538
34464 678582
64832 1289063
34465 678632
64833 1289106
34470 678682
34471 678724
34478 679017
34479 679059
85743 1673414
37180 728855
95236 1817402
84762 1655701
49062 968215
34488 679357
34498 679554
34601 679598
34602 679648
34603 679698
34604 679748
34605 679798
34606 679848
35068 687316
34607 679898
34608 679948
34609 679998
34638 680341
62862 1248387
58463 1154814
95330 1819721
58830 1162594
34652 680437
58831 1162639
34653 680488
37369 734119
34654 680539
34655 680590
34656 680641
37376 734391
34661 680735
62837 1247388
95343 1820149
58843 1162831
37370 734161
34667 680782
62831 1247126
95345 1820233
58845 1162922
34673 680913
34674 680960
34677 681002
34685 681334
48228 947291
76874 1516422
35127 688893
34692 681574
62884 1249351
37101 726612
34715 681975
34731 682061
37128 727088
34734 682110
34737 682196
34742 682389
34743 682436
34744 682483
34745 682530
34746 682577
34747 682623
34749 682712
57572 1140345
36025 705052
34759 682930
34769 683103
63857 1271748
94060 1791960
57560 1139904
96789 1849993
84742 1654832
49042 967470
34770 683151
96788 1849949
84743 1654880
49043 967521
34771 683200
95223 1816800
49077 968859
34785 683446
85740 1673289
37183 728948
84761 1655658
49061 968175
34797 683674
37939 744967
34945 683715
34946 683765
34947 683814
37934 744880
34948 683865
34949 683915
34950 683966
34951 684017
34952 684068
34953 684123
37928 744616
34954 684179
34956 684229
34957 684276
37924 744529
34958 684325
35979 703959
34972 684374
35978 703915
34973 684425
34974 684476
35972 703682
34979 684526
34981 684576
34982 684627
34983 684678
34984 684733
34985 684789
34986 684845
34987 684900
34988 684956
34990 685012
34992 685104
34994 685153
34995 685196
34996 685239
34997 685282
85633 1670679
35010 685511
85632 1670631
35011 685566
85630 1670534
35013 685620
94028 1791375
57528 1139015
85637 1670864
35014 685664
57529 1139057
85636 1670813
35015 685709
85635 1670762
35016 685754
85621 1670109
36047 706019
35020 685844
63801 1270430
96742 1848035
94014 1790666
49009 965946
96743 1848080
94015 1790716
49008 965897
85620 1670066
36046 705972
35021 685891
85623 1670205
36045 705932
35022 685939
85622 1670157
35023 685987
85616 1669877
35031 686034
96753 1848527
57501 1138798
35035 686214
85601 1669279
35040 686353
63821 1270523
84729 1654229
49029 966858
85603 1669366
35042 686395
63823 1270612
85607 1669500
35046 686582
63827 1270805
37329 732467
35055 686910
35060 687089
35064 687267
35071 687415
35074 687560
35078 687652
35082 687786
35089 687964
49093 969565
35098 688195
35130 688996
35131 689040
36738 719217
35133 689087
35135 689130
35136 689179
35137 689220
36732 719120
35139 689264
48243 947906
35148 689538
35150 689629
35151 689678
35160 689727
48216 946767
35186 690430
35187 690478
37414 735838
35188 690520
35201 690562
35202 690612
35203 690662
35204 690711
35205 690761
35210 691011
35211 691061
35212 691110
35213 691160
35217 691359
35224 691706
35228 691806
35229 691856
35231 691906
35233 692006
35234 692056
35235 692106
35236 692156
35237 692206
35238 692256
35242 692306
35243 692353
35244 692403
78278 1550616
35246 692453
35249 692503
78269 1550522
35253 692553
35254 692603
35255 692653
78263 1550287
35259 692703
35260 692753
35261 692803
35266 692853
35291 693203
35292 693253
35293 693303
35294 693353
35295 693403
35296 693453
35297 693503
35298 693553
35401 693603
35404 693755
35405 693806
35406 693857
67038 1325459
35407 693907
67039 1325502
35440 693958
35441 694006
35442 694046
35443 694094
35444 694138
35446 694187
35447 694232
35448 694280
35449 694324
35452 694372
35453 694418
35456 694469
35457 694521
35458 694567
35459 694613
35468 694924
35469 694974
35475 695207
67003 1324277
35478 695350
35480 695399
35481 695445
35486 695538
35487 695589
62726 1245017
35490 695640
84086 1644005
49786 986264
35491 695685
78704 1561951
35501 695733
35502 695776
35503 695819
78701 1561822
35504 695862
35540 695905
67356 1331174
35541 695950
67357 1331218
35542 695993
67354 1331077
35544 696086
67352 1330996
35545 696131
67353 1331037
35546 696173
35548 696216
35549 696262
35550 696310
67342 1330686
35551 696353
35552 696397
67340 1330594
35553 696438
67341 1330642
35554 696490
67346 1330820
35555 696535
67347 1330861
35559 696580
35560 696628
66735 1319313
80116 1589028
35563 696676
66736 1319360
80111 1588881
35564 696717
80110 1588832
35565 696764
35570 696812
35571 696857
35572 696901
35573 696945
35574 696987
35575 697030
80129 1589605
78799 1564873
35576 697071
80128 1589555
35577 697112
80127 1589506
35578 697164
80126 1589458
35579 697207
80135 1589890
35580 697250
80134 1589845
35581 697294
66714 1318861
80137 1589982
35959 703221
35582 697345
66717 1318951
80131 1589701
35584 697391
66711 1318719
80130 1589653
35585 697434
66710 1318675
80133 1589795
78783 1564830
35586 697484
66713 1318808
80132 1589748
35587 697529
66712 1318765
35592 697572
35593 697614
35594 697657
35601 697702
35610 697878
68766 1357666
35611 697927
68767 1357705
35612 697973
48308 948903
68764 1357578
35613 698019
48309 948950
68765 1357624
35614 698065
35615 698111
68763 1357537
35616 698161
68760 1357448
35617 698207
68761 1357491
69348 1368688
35618 698258
48302 948648
69347 1368637
35619 698306
48303 948702
69346 1368592
35630 698483
69363 1369281
35631 698531
35632 698578
69361 1369227
35633 698625
69360 1369178
35634 698674
69367 1369429
35643 698769
68739 1356659
90310 1724354
59014 1163764
59011 1163624
35646 698864
59010 1163580
35647 698909
35654 699254
62993 1253584
35661 699352
59039 1164811
35662 699403
35670 699454
59008 1163536
35671 699501
35672 699547
35673 699596
35677 699687
35739 699780
35741 699875
69212 1367673
35745 700014
69216 1367766
35750 700236
35751 700285
35752 700332
35754 700379
35755 700429
35756 700475
35757 700519
35760 700660
35762 700751
35763 700794
35764 700849
35765 700897
35766 700941
35767 700988
35771 701127
35773 701218
35774 701258
35775 701303
35804 701547
35805 701595
35806 701643
35808 701738
35812 701929
76471 1508297
35815 702070
76476 1508482
35824 702165
76465 1508030
35895 702308
35896 702356
35897 702404
35898 702451
35899 702498
35901 702546
76306 1505176
35902 702589
76305 1505125
35903 702633
35904 702677
35905 702721
76302 1505075
35906 702765
76301 1505024
35907 702814
35950 702858
35951 702908
35952 702958
35953 703001
35954 703049
80138 1590026
35956 703093
35957 703135
80136 1589936
35958 703178
66716 1318906
35960 703271
35961 703316
35962 703363
35963 703410
35964 703453
35966 703499
35967 703546
35968 703593
35971 703640
76310 1505379
35973 703726
35974 703776
35975 703821
35976 703864
35980 704003
35981 704046
35983 704087
35984 704134
35986 704178
35987 704225
37857 742502
35990 704363
36010 704640
36013 704684
36015 704730
36016 704774
36017 704819
57577 1140482
36020 704861
57571 1140294
36026 705095
94070 1792323
57570 1140251
36027 705139
36030 705278
37238 730860
36031 705326
36032 705372
36033 705421
36034 705466
36035 705512
36037 705599
85626 1670344
36040 705733
85627 1670394
36041 705780
85624 1670248
36042 705832
85625 1670299
36043 705882
49006 965800
36048 706067
49007 965848
36049 706115
36081 707032
36082 707071
36083 707110
36102 707497
36105 707649
36106 707700
98220 1881662
94145 1795706
57445 1137580
36112 708005
36113 708056
36114 708107
98225 1881897
95129 1814110
94140 1795321
57440 1137443
36117 708259
36118 708310
36120 708412
36123 708514
36124 708562
46917 913653
36253 709532
56029 1104492
36261 709854
46920 913740
36264 709997
46921 913784
36265 710042
46923 913873
36267 710135
36321 711410
56020 1104074
36268 710181
36320 711362
56021 1104118
36269 710227
46935 914221
56039 1104912
36271 710275
46937 914315
36273 710366
94289 1799255
46930 914046
36274 710413
46932 914133
36276 710511
46933 914177
36277 710556
94285 1799047
56030 1104537
57785 1144513
36278 710600
94284 1798995
56031 1104578
36279 710646
36301 710741
36302 710785
63748 1269235
36303 710829
36304 710873
36305 710916
36322 711455
36323 711499
36330 711540
36345 711765
36346 711809
58769 1161495
85536 1668576
36350 711893
58768 1161449
36351 711940
85534 1668489
36352 711988
85547 1668969
36361 712113
63767 1269714
36371 712242
36376 712421
36432 712787
36435 712836
60928 1201680
61941 1225987
36436 712876
61942 1226032
88232 1697871
71751 1408187
36439 712922
60924 1201534
36441 712964
36442 713011
60939 1202145
61565 1217730
36446 713151
61561 1217545
36451 713236
61550 1217191
36453 713283
61552 1217236
36456 713418
36457 713463
36473 713777
61532 1216450
36476 713912
61537 1216687
36480 714006
36481 714048
36482 714096
36483 714140
36507 714360
36602 717274
36509 714409
36511 714459
44088 852934
36513 714549
36522 714688
36523 714735
36524 714777
36525 714825
36526 714868
36530 715063
36532 715107
36533 715153
36535 715199
36536 715242
87539 1689681
44039 851286
36540 715386
36541 715433
36547 715664
36556 715999
36558 716047
36576 716659
36580 716850
36581 716898
36582 716948
36583 716993
36584 717040
36585 717093
36587 717144
36601 717231
36603 717317
36606 717445
36607 717488
60419 1191189
36628 718007
36640 718092
60456 1192730
95939 1837685
58239 1149477
36641 718134
60457 1192773
95938 1837643
58238 1149431
36644 718176
60452 1192554
36670 718347
36671 718389
36675 718431
36693 718644
36695 718687
36703 718814
62889 1249571
58379 1152844
36722 718900
36723 718946
36726 718989
48275 948379
36727 719031
36736 719167
36742 719352
36744 719394
36753 719723
36759 719909
48268 948250
37308 731562
36761 719961
36763 720004
36765 720099
36766 720141
62828 1246994
36767 720185
62829 1247041
95352 1820524
58852 1163057
37301 731241
36768 720230
36908 722445
60132 1187268
36801 720813
36804 720935
45308 878770
36870 722014
36919 722717
36872 722109
36874 722148
94570 1803601
57070 1130181
36912 722537
45301 878464
36879 722277
94571 1803651
57071 1130223
36913 722581
36916 722670
60128 1187082
58746 1160808
37020 723310
58744 1160760
37022 723359
37023 723404
58740 1160664
37026 723546
95063 1812366
58756 1161038
37034 723933
37044 724336
63665 1268102
95033 1811195
59419 1171494
37046 724387
98331 1885853
59417 1171402
37048 724492
98330 1885811
59416 1171359
37049 724539
37055 724751
37057 724839
59461 1172846
37058 724888
37059 724931
63656 1267868
96960 1853140
59460 1172802
37080 725967
63621 1266711
59457 1172755
37082 726012
63623 1266802
59860 1180322
37083 726067
63622 1266753
59454 1172668
37085 726111
63624 1266845
96952 1853080
59452 1172567
59867 1180546
37086 726161
63627 1266992
96951 1853036
59451 1172523
59864 1180407
37087 726209
63626 1266940
96950 1852975
59450 1172475
59865 1180448
37088 726253
63629 1267101
37089 726297
63628 1267047
59873 1180783
37095 726437
98349 1886547
59870 1180642
37096 726481
98348 1886500
59871 1180693
37097 726523
37129 727141
58622 1158322
59485 1173675
37140 727650
58623 1158367
59484 1173627
37141 727692
59483 1173580
37146 727928
37160 728268
37161 728317
37162 728366
37166 728458
37167 728505
37171 728552
37172 728602
37174 728653
37175 728700
85747 1673582
37184 728994
85746 1673540
37185 729040
37207 729663
37228 730524
37229 730572
37305 731420
62822 1246769
95356 1820720
58856 1163201
37309 731609
37318 732025
62819 1246634
95374 1821446
58441 1154189
37323 732200
37330 732513
62871 1248807
58456 1154637
37331 732566
62870 1248766
96768 1849140
58454 1154551
37332 732609
37333 732654
62872 1248851
96769 1849183
58455 1154592
37336 732792
62877 1249029
37337 732838
62876 1248983
58451 1154462
37338 732882
62879 1249120
37339 732926
62878 1249078
37340 732976
37341 733018
37342 733065
37343 733111
37345 733156
37347 733203
37348 733245
37349 733288
37356 733627
37359 733718
37360 733764
37361 733810
37363 733893
37366 734030
95338 1820013
58838 1162781
37367 734072
37371 734207
62830 1247083
95344 1820191
58844 1162877
37373 734249
62832 1247174
37374 734298
62835 1247301
37375 734345
62834 1247261
57559 1139862
58433 1153966
37391 735014
58436 1154011
37394 735059
37396 735101
37397 735147
37401 735240
37402 735290
37403 735340
37404 735389
37405 735439
37406 735489
37407 735539
37409 735639
37410 735688
37411 735738
37412 735788
37415 735888
37416 735938
37421 736038
37450 736187
62917 1250681
59069 1165873
37544 736281
37601 736325
37602 736378
37604 736431
37605 736483
37614 736536
63022 1254535
37615 736589
63023 1254582
37616 736642
63020 1254442
37617 736684
63021 1254489
59261 1169094
37618 736734
58126 1148064
37640 736921
37748 739788
37641 736965
58124 1147984
37642 737009
37643 737058
63079 1256623
58125 1148024
58122 1147944
37644 737107
37645 737156
37650 737206
37656 737248
63068 1256235
37657 737300
63069 1256282
37733 739462
37658 737346
63066 1256185
37732 739421
37659 737390
37660 737443
63016 1254290
37662 737491
63014 1254197
37663 737539
63015 1254242
37664 737587
60585 1196871
63012 1254102
37665 737635
63013 1254150
37669 737683
37680 737731
37681 737784
37688 738086
37701 738362
61449 1214246
37705 738404
61878 1224872
37707 738456
62428 1236971
37711 738647
61459 1214607
61882 1224966
62410 1236269
57238 1132281
37714 738734
37715 738781
62414 1236411
37725 739153
37730 739333
37731 739377
37737 739504
37738 739553
56556 1121048
37742 739599
56557 1121091
37743 739644
56550 1120826
37744 739692
56551 1120870
37745 739740
37801 740805
62560 1240974
37802 740851
62563 1241069
37803 740897
37804 740943
60079 1185186
62565 1241117
37806 740989
62567 1241164
37807 741030
37809 741078
60074 1184977
62568 1241214
37810 741120
62557 1240885
37811 741163
62556 1240839
37813 741211
62554 1240750
37814 741259
62553 1240707
37815 741307
37816 741355
62551 1240664
57339 1134782
57337 1134741
37818 741403
37820 741493
62501 1239039
37821 741542
37822 741585
37824 741627
37825 741677
37826 741729
37828 741771
37829 741816
37830 741858
62573 1241403
37831 741906
62572 1241354
37840 741953
37841 742004
37843 742046
37845 742095
37846 742138
37847 742187
37848 742233
37849 742286
37851 742325
37852 742370
37853 742413
37854 742458
37862 742648
62543 1240290
37863 742696
37864 742745
62545 1240372
37866 742835
62547 1240477
37867 742884
62546 1240424
37870 743029
37871 743078
37872 743135
37873 743181
37874 743232
37876 743278
37877 743325
37878 743368
37879 743414
95422 1823106
56434 1117471
37880 743461
95436 1823709
71944 1411546
37890 743777
95437 1823758
44695 866761
56425 1117291
71945 1411587
37891 743827
37892 743875
37901 743918
37902 743962
37909 744006
37920 744355
37921 744399
37922 744442
37923 744485
37927 744572
37929 744660
37930 744704
37931 744748
37932 744792
37933 744836
37938 744924
37995 745099
60014 1182897
37996 745143
60017 1183036
37997 745187
60016 1182990
37998 745231
60019 1183128
38001 745275
77206 1522805
79764 1581838
38002 745319
77205 1522762
79762 1581753
38004 745365
76068 1499243
77203 1522675
79760 1581667
38006 745407
77201 1522589
79761 1581710
38007 745451
38303 752246
38008 745491
76064 1499055
38010 745537
38011 745580
38012 745624
80729 1600680
78159 1547143
38014 745671
80728 1600637
38015 745717
38016 745762
38017 745806
78155 1547051
38018 745855
78154 1547005
38019 745899
38021 745945
80819 1602456
79789 1582574
38023 745998
77228 1523669
38024 746044
41083 805033
39439 777365
38025 746088
38027 746132
80812 1602127
79782 1582355
38028 746180
77223 1523454
80813 1602173
79783 1582398
38029 746220
77222 1523411
38030 746266
39428 777181
38034 746307
77219 1523282
80808 1601982
38036 746355
80809 1602027
38037 746401
39425 777033
38310 752381
80807 1601930
38039 746446
38040 746497
38041 746543
38042 746591
38047 746781
77248 1524357
38048 746821
38049 746864
38050 746905
79738 1580953
38052 746954
79739 1580993
38053 747002
38054 747049
38055 747096
38057 747143
38058 747187
79733 1580807
38059 747230
38060 747272
38061 747316
78148 1546817
38063 747365
38066 747411
38067 747458
80733 1600812
78143 1546604
38068 747506
80732 1600768
78142 1546562
38069 747554
79756 1581532
38070 747599
77255 1524617
38071 747640
77254 1524574
38075 747683
38076 747732
77253 1524530
38077 747779
77252 1524486
38079 747822
80443 1595111
38080 747868
47561 928787
80440 1595025
38083 747910
47562 928829
38101 748001
68874 1361317
38103 748044
68876 1361405
38107 748216
68872 1361222
38109 748304
67215 1329329
38111 748348
78619 1559044
38112 748392
78618 1559000
38113 748436
38115 748524
67209 1329054
38116 748567
38117 748611
38128 749006
38133 749181
67227 1329746
38135 749269
67221 1329603
38167 749976
78605 1558417
38168 750020
38181 750239
66520 1315970
38182 750283
66523 1316109
93660 1785956
50614 1010104
38183 750327
66522 1316066
93666 1786201
50612 1010007
38184 750374
38186 750418
66527 1316246
38187 750462
66526 1316200
93665 1786148
50611 1009963
38190 750550
66517 1315885
38193 750594
66514 1315757
93675 1786473
50609 1009920
38194 750638
38197 750682
66510 1315668
38225 750996
38229 751085
38232 751219
38271 752062
39566 780053
38301 752157
42776 828102
38302 752201
38305 752291
39426 777079
38313 752479
39421 776888
38314 752528
38315 752573
39423 776991
38316 752624
39422 776943
38317 752669
38318 752715
38324 752856
38326 752904
42753 827679
38327 752947
38329 753034
38330 753084
42746 827542
38332 753167
42740 827362
38334 753251
92365 1758711
42742 827452
38336 753295
92364 1758659
42743 827497
38337 753343
39451 777579
38346 753752
38348 753846
93483 1780935
92314 1756595
74884 1471161
38361 754206
39479 778454
38362 754256
39478 778407
38363 754302
92313 1756537
74883 1471117
38366 754396
38367 754440
38368 754483
38369 754529
38370 754574
38371 754619
38372 754665
39481 778542
38374 754710
39480 778502
38375 754758
39483 778628
38376 754802
39482 778587
38377 754845
38378 754891
41076 804887
38379 754941
38380 754991
38381 755038
38382 755082
38387 755126
38388 755172
38389 755224
74857 1470374
38390 755270
74856 1470325
38391 755311
74855 1470281
38392 755356
74854 1470234
38393 755400
38402 755489
38425 755533
38449 755574
67416 1331579
38450 755617
38451 755663
51637 1023788
38452 755707
38454 755800
75772 1492318
51631 1023661
38455 755847
75773 1492365
51630 1023617
38456 755889
75770 1492230
38457 755936
75771 1492275
51632 1023707
38460 756029
75706 1491224
38461 756075
75707 1491264
38462 756120
43019 829045
75704 1491143
50158 997397
38463 756165
43018 829003
75705 1491183
38464 756213
75702 1491062
40621 798534
91906 1744123
50152 997126
38468 756264
43013 828779
38469 756308
68532 1353311
50153 997168
91913 1744422
51654 1024373
38471 756353
38472 756394
91911 1744318
51656 1024418
38473 756439
38474 756483
43029 829402
68509 1352561
91916 1744578
51651 1024243
38475 756533
43028 829361
68508 1352514
91917 1744626
51650 1024197
91914 1744474
50148 996953
51653 1024330
38476 756578
91915 1744526
50149 996998
51652 1024286
38477 756628
38478 756672
43025 829227
68505 1352373
50146 996865
81526 1614903
40604 798342
38481 756715
38482 756766
38483 756810
38485 756859
81521 1614693
40603 798294
38486 756904
81520 1614650
40602 798246
38487 756951
38488 756999
38502 757088
38503 757135
51503 1020930
38506 757275
38541 757322
75797 1492946
38542 757365
38543 757408
38544 757452
75792 1492904
38545 757495
52346 1032106
38548 757598
41817 814747
52347 1032152
38549 757649
51573 1023136
38550 757696
51572 1023092
38551 757741
38552 757782
75788 1492728
51571 1023046
38553 757832
75789 1492775
51570 1022996
51577 1023287
38554 757881
51576 1023235
38555 757927
51575 1023184
38556 757978
38557 758026
38558 758077
75782 1492552
38559 758128
75783 1492598
38562 758212
38563 758260
38567 758402
51552 1022296
38575 758772
93549 1782510
51550 1022207
38577 758811
38579 758913
41534 810386
38581 759000
38583 759097
38588 759229
38589 759279
51002 1014585
38601 759324
51001 1014541
38602 759373
38603 759417
51005 1014716
38606 759461
38609 759508
38610 759551
64783 1288630
51035 1015910
51034 1015865
38611 759600
51031 1015767
38614 759646
38617 759693
64784 1288678
38618 759738
38619 759782
38620 759823
38621 759869
38622 759914
38623 759959
38625 760003
64790 1288762
51055 1016713
38630 760216
51054 1016660
38631 760261
79837 1582955
38759 763544
38632 760311
51056 1016757
38633 760356
51051 1016532
38634 760405
51050 1016487
38635 760457
51052 1016574
38637 760509
38753 763405
67490 1333943
38638 760555
38639 760602
38748 763259
38641 760649
51041 1016175
38642 760700
51040 1016134
38643 760744
51045 1016264
38646 760872
51044 1016222
38647 760915
38740 763075
38649 760965
38650 761017
38651 761059
38652 761102
38655 761197
38663 761381
51061 1016893
38666 761513
38668 761556
38669 761600
38670 761645
38671 761687
38672 761733
38673 761779
38674 761825
38675 761874
38676 761918
38677 761961
38679 762011
38680 762058
38683 762100
38685 762143
38686 762192
38701 762234
41838 815406
38702 762285
41839 815453
38703 762336
38704 762387
38720 762438
38721 762485
38722 762531
38723 762578
38725 762622
50078 994889
38726 762666
40755 799189
38730 762709
38731 762752
50068 994498
38732 762800
50069 994539
38733 762846
38736 762892
38737 762940
50062 994222
38738 762983
50063 994272
38739 763031
38745 763169
38749 763309
38751 763357
67492 1334035
38754 763453
79838 1583003
38756 763497
79846 1583240
38760 763590
67481 1333672
79847 1583287
38761 763639
67480 1333625
38762 763687
67483 1333768
75488 1486816
79842 1583100
38764 763735
67485 1333854
79843 1583148
38765 763776
67484 1333810
38767 763826
38768 763873
75482 1486576
38769 763917
75483 1486629
38771 763963
52358 1032540
38772 764012
52359 1032587
38773 764055
38774 764097
38776 764141
38778 764192
75496 1487178
52352 1032317
38780 764241
75426 1484458
38781 764288
38782 764338
75424 1484369
38801 764390
66617 1317929
38802 764430
66614 1317797
38803 764470
66615 1317841
38804 764510
66612 1317753
40289 792088
38820 764550
38821 764595
38829 764855
40298 792536
38833 764904
74171 1460518
38834 764954
74170 1460477
38835 764998
40293 792286
38838 765042
40292 792237
38839 765089
51244 1018018
38843 765175
51243 1017972
38844 765220
38851 765490
38852 765536
38855 765581
38856 765629
38857 765676
38858 765719
38859 765767
74103 1458760
38860 765814
38873 766263
66625 1318237
75085 1475655
38874 766314
66622 1318149
75082 1475562
40363 794088
38875 766363
75083 1475608
40362 794046
38876 766410
66620 1318061
75080 1475469
40361 794004
38877 766456
66621 1318105
75081 1475515
40360 793958
40339 793288
38880 766590
38913 766725
38915 766816
38920 766957
38921 767008
38922 767061
38923 767112
38924 767155
38925 767197
38926 767247
38927 767292
38930 767439
38935 767486
38944 767672
38945 767721
38948 767867
38950 767958
38963 768529
38966 768674
42320 821785
39069 769729
47955 936936
72205 1419671
39077 769905
39092 770419
41776 814441
39094 770459
39096 770544
75980 1496836
41774 814355
39098 770636
39121 771218
39122 771261
39150 771625
40981 802297
39156 771847
39158 771938
73130 1443463
39169 772392
41615 811922
73108 1442321
39173 772519
39189 772965
39201 773235
39202 773278
39203 773321
39205 773407
39207 773491
39209 773576
39211 773662
39216 773834
39283 774308
39286 774394
72811 1434421
39296 774521
39301 774608
39302 774656
72315 1420934
39303 774705
41465 809588
72311 1420800
39307 774851
42211 820213
39338 775549
42210 820163
39339 775591
93902 1789076
39348 775862
72342 1422014
39350 775907
72340 1421925
39352 775957
41367 809017
74837 1469677
39401 776594
41364 808882
74834 1469581
39402 776643
41365 808927
39403 776692
74832 1469492
39404 776741
41360 808836
74830 1469405
39406 776790
74831 1469449
39407 776839
92345 1758048
41385 809102
39427 777129
39429 777228
92350 1758209
41390 809194
39436 777273
39437 777319
39440 777411
39441 777453
39442 777495
39443 777537
39459 777810
39460 777853
39461 777894
39462 777936
39463 777983
39466 778118
39470 778167
39474 778220
39475 778274
39476 778316
39477 778359
39521 779008
41256 807824
39530 779226
41254 807738
39532 779316
41255 807781
39533 779360
39534 779404
39535 779449
39558 779720
39560 779767
39561 779816
39562 779860
39563 779908
39564 779955
39568 780152
39569 780200
39601 780625
39602 780672
39603 780720
39629 780768
39630 780818
39631 780861
39632 780911
39633 780953
39635 780994
39641 781078
39643 781123
39645 781165
39647 781208
42528 825456
39661 781566
39662 781609
39663 781651
39664 781702
39665 781747
39666 781792
39668 781881
39669 781933
39704 782119
39705 782165
74469 1464288
39710 782211
41022 803329
39740 782492
39741 782538
39743 782583
39744 782629
47620 930268
39746 782722
39747 782767
39750 782818
41037 803604
47633 930455
39751 782861
41034 803519
47630 930362
39752 782905
41035 803559
47631 930408
39753 782952
39754 782996
41033 803467
47637 930590
39755 783041
41030 803373
47634 930500
39756 783081
39759 783125
39760 783175
47640 930728
39762 783225
39766 783282
39767 783326
39769 783373
39771 783419
39772 783464
39773 783506
39776 783551
39813 783599
75105 1476405
39815 783646
75103 1476312
39817 783694
75101 1476226
40061 787006
39818 783741
40060 786965
39819 783789
39823 783836
39824 783878
39825 783918
39826 783964
40078 787631
39827 784009
40077 787586
39828 784050
40076 787544
39829 784093
39832 784136
39834 784184
39836 784225
39837 784267
39840 784309
39841 784356
39842 784400
75158 1478160
39845 784444
39846 784493
39851 784534
39852 784580
39854 784627
39859 784672
75147 1477675
39861 784719
75137 1477305
39862 784763
75134 1477214
39866 784804
39867 784848
39870 784889
39877 784931
39885 784976
39886 785020
39897 785066
75181 1478800
40003 785153
40004 785196
40006 785242
40007 785287
40008 785332
40009 785378
72464 1426014
40010 785429
72465 1426062
40011 785473
72466 1426109
40012 785522
72467 1426158
40013 785566
78659 1560724
72460 1425874
40014 785613
40018 785658
40019 785706
40020 785750
40022 785795
40023 785842
72459 1425827
40025 785893
40026 785941
40027 785984
40031 786036
40032 786082
40033 786128
40036 786172
40037 786216
75123 1476947
40040 786260
40041 786309
75126 1477079
40045 786361
78629 1559478
68318 1347138
75125 1477037
40046 786405
78628 1559427
68319 1347184
75124 1476990
40047 786453
78627 1559376
68316 1347051
40048 786507
78626 1559326
68317 1347094
40049 786552
40050 786595
75110 1476546
40051 786641
40052 786686
75114 1476593
40055 786730
75117 1476730
40056 786774
75116 1476682
40057 786823
75119 1476819
40058 786872
68303 1346659
75118 1476777
40059 786918
40062 787061
40063 787111
40065 787158
75109 1476499
40066 787206
40067 787254
40068 787303
75106 1476452
40069 787349
40070 787401
40071 787443
40075 787493
40104 787682
40107 787728
53510 1049695
40108 787771
40109 787818
40110 787862
40111 787908
40115 787961
40117 788010
40118 788051
40119 788099
40129 788243
40153 788693
40159 788835
40160 788880
40161 788925
40162 788968
40165 789015
40175 789174
40177 789271
93624 1784535
40178 789318
40202 789418
40203 789468
40204 789518
40205 789568
46001 893913
40206 789618
40207 789668
40208 789718
40210 789816
46014 894099
40211 789866
46015 894145
40212 789915
46016 894191
40213 789965
46017 894237
40220 790312
40221 790362
40222 790411
52759 1038808
40223 790461
52758 1038762
40231 790709
47388 924770
40268 791596
47373 924283
40269 791645
40270 791694
51232 1017598
74152 1460149
40272 791744
51230 1017514
74150 1460108
40280 791793
40281 791843
66619 1318017
40282 791892
66618 1317973
40283 791941
51201 1017469
40285 791990
40287 792039
40290 792138
40291 792187
40294 792336
40295 792386
40296 792436
40297 792486
40299 792586
75013 1472962
40310 792636
40311 792679
75011 1472915
40312 792726
75010 1472868
40313 792772
78719 1562512
75015 1473047
40316 792818
78718 1562469
75014 1473004
40317 792864
40319 792912
81004 1606703
40322 792955
81002 1606615
40324 793002
92415 1760726
40328 793048
81012 1607052
40330 793098
40334 793146
66699 1318584
75039 1473932
40336 793191
75038 1473889
40337 793234
93380 1777606
81022 1607242
40340 793333
81020 1607147
40342 793386
66647 1318409
93386 1777794
81024 1607332
40346 793437
93387 1777841
81025 1607382
40347 793480
93388 1777888
93094 1772439
40348 793525
93390 1777982
92407 1760426
40350 793574
92406 1760366
40351 793623
92404 1760246
40353 793666
92402 1760126
40355 793721
66675 1318497
92401 1760066
40356 793767
40357 793820
40358 793874
40359 793916
81052 1608182
40370 794175
40371 794221
81050 1608137
40372 794264
40374 794308
81054 1608226
40376 794353
40379 794395
66601 1317314
81062 1608453
40380 794446
40383 794490
66605 1317445
40384 794539
66604 1317401
81067 1608594
40385 794588
40387 794630
74119 1459248
66606 1317489
75091 1475924
40392 794770
74108 1458964
75561 1487841
40402 794816
75560 1487793
40403 794862
75567 1488091
40404 794905
75566 1488048
40405 794948
40409 794993
70718 1386250
75551 1487535
40410 795042
70711 1386040
75558 1487705
40419 795092
40422 795142
54827 1075727
40423 795186
54826 1075683
40434 795230
40437 795277
40440 795326
40442 795375
72038 1414182
40444 795427
72039 1414236
40445 795474
40447 795525
72034 1414003
40448 795569
54805 1075069
72026 1413634
40452 795615
54875 1077544
72022 1413466
40456 795664
54871 1077353
40460 795717
70769 1388240
40461 795765
40464 795813
40472 795905
40473 795949
40475 796003
40481 796095
40484 796140
40486 796186
80237 1592058
66017 1308344
40488 796229
80236 1592014
66016 1308298
40489 796273
40492 796321
40505 796508
40506 796555
93254 1775585
40508 796649
40510 796742
40511 796788
40512 796835
40513 796882
40516 797023
75205 1479199
40524 797211
75230 1480226
40533 797305
75235 1480441
40536 797352
70658 1385365
40550 797493
40555 797540
72768 1434045
73301 1445854
40574 797587
72769 1434097
40575 797634
40576 797681
40577 797728
72764 1433892
40578 797775
72765 1433943
40579 797822
75261 1481251
40580 797869
75260 1481208
40581 797916
75263 1481337
40582 797963
75262 1481294
40583 798010
40588 798057
54857 1076909
72019 1413332
40591 798104
54868 1077262
72010 1412931
40598 798151
54861 1077040
81523 1614778
40601 798198
40619 798438
75703 1491102
40620 798486
75701 1491021
91909 1744214
40622 798582
75420 1484194
40701 798630
52218 1028901
75423 1484327
40702 798674
47808 933096
40724 798718
47805 933005
75448 1485291
40729 798759
75437 1484856
40730 798809
75433 1484679
40734 798852
40737 798891
52208 1028438
40740 798933
40741 798974
40742 799017
40743 799060
40744 799103
40745 799146
40759 799235
50066 994411
40771 799372
40843 800342
47958 937032
40863 800782
40868 800870
52584 1035292
40921 801304
40923 801352
40927 801392
40932 801478
40935 801522
40939 801565
47361 923920
40944 801732
40949 801820
40951 801863
40953 801902
40955 801943
40958 801984
40982 802336
40988 802423
41001 802551
41002 802600
41003 802644
41004 802687
41005 802736
41007 802827
41012 803012
47616 930080
41017 803193
47613 929986
41018 803238
74403 1462366
41019 803283
74402 1462319
41031 803419
47635 930545
41039 803652
41040 803695
41041 803743
41042 803791
41043 803834
41044 803878
41045 803924
41046 803967
41048 804013
41049 804055
41052 804151
41054 804240
41055 804281
41059 804368
92338 1757715
41064 804553
92339 1757765
41065 804604
41071 804653
41072 804699
41073 804745
92328 1757252
41074 804792
92329 1757300
41075 804837
41080 804933
41081 804979
92359 1758553
41085 805077
41086 805128
41091 805173
41092 805214
41093 805255
41094 805304
42503 825271
41095 805346
42502 825226
41096 805391
42501 825180
41097 805436
41098 805484
41099 805532
41101 805578
41102 805620
92079 1748428
41105 805662
92068 1748029
41114 805704
41121 805746
77087 1522065
41128 805837
41129 805880
41132 805927
43620 843078
77090 1522196
41139 806013
41141 806060
41142 806101
41143 806143
41144 806187
79039 1569140
41146 806232
79036 1569092
41149 806277
41168 806501
41169 806540
41171 806585
41173 806633
41174 806676
41175 806730
41180 806824
43652 843203
41181 806872
81248 1612049
41183 806916
81242 1611899
41189 806965
41201 807011
41203 807055
41204 807097
41214 807145
41216 807188
41219 807236
42782 828144
41222 807281
41224 807328
41226 807369
41230 807413
41231 807458
41232 807501
41234 807552
41238 807596
41250 807694
41262 807966
41263 808011
41264 808058
41265 808104
41267 808150
41271 808245
41274 808295
41301 808343
74851 1470138
41310 808385
74840 1469767
41311 808429
41314 808473
74844 1469914
41317 808520
41332 808568
41339 808614
74869 1470742
41347 808661
41348 808699
74818 1469056
92391 1759623
41351 808749
42718 826859
74801 1468906
92392 1759679
41352 808795
74802 1468956
41366 808969
74836 1469627
41368 809056
92357 1758440
41397 809239
79528 1578134
41413 809324
43125 832315
68445 1351324
50254 1000004
41421 809369
50250 999879
81429 1613964
41425 809413
41426 809454
41451 809499
72325 1421277
41464 809541
72310 1420751
50261 1000262
41472 809639
41477 809688
72303 1420698
50264 1000396
41501 809731
41502 809775
41503 809819
41520 810079
41524 810166
41526 810210
41527 810256
41531 810346
41538 810513
41539 810555
41540 810596
41543 810682
41544 810727
41547 810769
41548 810812
41549 810856
41554 810936
41555 810978
41557 811023
41560 811147
41561 811196
41562 811240
41563 811284
41564 811329
51648 1024105
41566 811370
41567 811411
41568 811450
41621 812044
41649 812557
41650 812599
41651 812641
41653 812683
41655 812730
41659 812772
41701 813033
47905 935471
41739 813670
73042 1439723
41740 813711
41745 813796
41760 814053
41762 814095
41763 814140
75990 1496882
41764 814181
41766 814224
41773 814315
41778 814529
42371 823400
75490 1486908
41804 814570
52354 1032409
75798 1492992
41810 814615
52340 1031892
41812 814660
52342 1031979
41815 814703
52345 1032063
41821 814833
41822 814877
41824 814920
41825 814962
41826 815008
41828 815054
41831 815094
52361 1032640
41832 815136
52362 1032686
41833 815181
41834 815227
41835 815271
41836 815319
41837 815361
81505 1614500
41840 815495
52310 1030685
81506 1614550
41843 815536
52313 1030772
81501 1614300
41844 815580
50118 995659
52314 1030820
41845 815628
50119 995704
52315 1030867
81502 1614350
41847 815673
52317 1030959
41848 815715
52318 1031010
41849 815759
50115 995521
41855 815801
50101 994976
52305 1030452
41858 815847
52308 1030593
41859 815894
52309 1030639
41861 815934
50135 996369
41862 815975
50136 996413
52332 1031535
42001 816018
64499 1283771
42002 816065
64498 1283724
42003 816112
42020 816159
42021 816202
78359 1552378
42022 816250
76098 1500068
78358 1552334
42023 816295
76099 1500109
42024 816342
42025 816386
42027 816431
78353 1552205
42028 816470
76092 1499790
78352 1552157
42029 816516
76093 1499837
42031 816567
42032 816612
42033 816658
42035 816705
42036 816754
42037 816798
64485 1283222
42038 816848
64484 1283174
42039 816892
42040 816939
48657 957683
42041 816983
48656 957632
50458 1004972
42044 817026
48653 957486
50459 1005020
42045 817078
48652 957442
42047 817131
48650 957347
50454 1004784
42048 817179
50455 1004835
42049 817224
78349 1552022
42050 817268
42051 817312
42053 817356
50448 1004511
42054 817401
50449 1004554
42055 817447
42056 817489
50444 1004379
78341 1551798
42058 817534
42060 817584
42061 817635
42063 817677
42064 817723
42066 817770
42069 817815
50464 1005153
42070 817857
48649 957303
50465 1005202
42071 817903
42076 817948
42078 817996
48641 957173
42079 818042
48640 957129
42082 818136
77389 1529176
42088 818374
74764 1468807
77383 1528902
77872 1540544
42102 818466
77873 1540593
42103 818515
42104 818565
77852 1539833
42122 818659
77853 1539881
42123 818702
42128 818835
68421 1350450
77859 1540052
42129 818876
43140 832752
68420 1350402
77844 1539688
42134 819060
42151 819282
42152 819326
68439 1351043
42153 819372
43158 833589
68438 1350996
42154 819415
79547 1578883
42163 819644
79540 1578617
42164 819693
42166 819740
42201 819935
42216 820342
42217 820383
81425 1613787
42240 820750
81424 1613742
42241 820802
50246 999687
42252 820854
50240 999454
42254 820897
42256 820947
72329 1421475
50242 999553
42259 820992
72326 1421328
42261 821043
42262 821090
42265 821139
42266 821183
42273 821231
42274 821277
42275 821323
42276 821369
50214 998430
42280 821417
43117 832175
50211 998301
42285 821464
43112 831980
50212 998345
42286 821510
43111 831931
42288 821552
42321 821829
42322 821881
42323 821929
75939 1495426
42326 822071
75938 1495380
42327 822119
75941 1495469
42334 822348
42338 822445
42339 822485
42343 822531
42344 822576
75956 1495885
42345 822623
75954 1495842
42347 822674
42348 822716
42349 822764
42350 822811
42351 822854
42352 822900
42354 822946
42355 822989
42356 823032
75976 1496656
42361 823081
42366 823169
47909 935630
42367 823214
42368 823263
47907 935575
42370 823360
42374 823490
42376 823547
42377 823590
42406 823781
77011 1518739
42408 823825
42409 823877
81240 1611807
42410 823920
43659 843371
81241 1611853
42411 823968
81243 1611952
42413 824014
42419 824058
42420 824107
42436 824206
42437 824251
81210 1610807
42440 824298
81211 1610851
42441 824346
81212 1610900
42442 824388
42444 824437
81215 1610949
42445 824479
42450 824527
81201 1610762
42451 824574
42452 824618
42453 824665
42455 824716
42456 824760
42457 824808
42458 824859
42459 824910
81230 1611433
79084 1570640
42460 824953
81231 1611480
79085 1570688
42461 824996
81232 1611528
79086 1570737
42462 825041
81233 1611575
79087 1570780
42463 825083
79080 1570451
42464 825130
42516 825317
42518 825364
42519 825410
42533 825501
42539 825547
42544 825636
92066 1747927
42553 825679
42564 825776
42565 825827
42566 825870
42567 825914
42602 825958
64180 1280088
42603 826002
42629 826045
64150 1279150
42631 826091
64152 1279244
42633 826144
64155 1279387
42634 826190
64154 1279339
42635 826241
42638 826289
74947 1471928
64141 1278811
42642 826334
64144 1278860
42647 826387
42649 826433
74565 1466018
42653 826478
42701 826529
42702 826579
42712 826628
42713 826676
42715 826721
42716 826765
42717 826808
42719 826910
42720 826961
42721 827008
78239 1549207
66849 1321562
42722 827056
42724 827097
42726 827140
78233 1548916
66843 1321415
42728 827186
78232 1548869
66842 1321370
42729 827230
42732 827272
42733 827317
92366 1758772
42741 827407
42748 827587
42749 827634
42757 827819
42758 827863
42759 827910
42762 827961
42764 828007
42765 828055
42784 828192
42788 828234
43001 828282
68521 1352890
43002 828329
68522 1352935
43003 828372
68523 1352982
43004 828417
68524 1353029
43005 828464
43006 828510
68526 1353076
43007 828555
68527 1353123
43008 828599
68528 1353170
43009 828649
68529 1353217
91905 1744075
50151 997085
43010 828693
43011 828736
68531 1353264
50150 997041
43014 828823
75709 1491345
91901 1743934
50155 997262
43015 828866
75708 1491305
50154 997214
91903 1744028
50157 997351
43016 828913
91902 1743981
50156 997309
43017 828958
43021 829093
68501 1352185
50142 996679
43022 829138
68502 1352232
50141 996634
43023 829180
68503 1352279
50140 996590
43026 829271
68506 1352420
50145 996814
43027 829318
68507 1352467
50144 996772
43030 829443
66251 1313314
67418 1331665
68510 1352608
43031 829490
66250 1313270
43032 829537
68512 1352655
43033 829585
43035 829634
43036 829685
68516 1352749
43037 829737
68517 1352796
43040 829782
67468 1333308
43041 829828
43044 829874
76888 1516922
43045 829927
43046 829977
43047 830028
43048 830073
67460 1333117
76884 1516737
43050 830121
67478 1333579
43054 830168
43055 830217
43056 830261
43058 830304
67470 1333354
43060 830348
43061 830403
43062 830450
68542 1353358
43064 830497
68544 1353405
43065 830544
43066 830589
75759 1491912
43067 830634
75758 1491864
43068 830676
67901 1341462
75757 1491821
43069 830727
75756 1491775
43070 830778
66211 1312469
43071 830826
66210 1312418
43072 830879
66213 1312565
43073 830930
66212 1312514
43074 830981
66215 1312667
43076 831027
66217 1312756
43077 831073
66216 1312711
43078 831126
66219 1312846
43080 831172
43081 831215
43082 831265
43083 831314
43084 831363
43085 831412
43086 831459
66209 1312373
43093 831508
67860 1340695
43109 831831
50213 998386
43110 831875
50210 998252
43113 832027
50216 998472
43115 832075
43116 832120
43119 832219
43123 832266
68443 1351234
43126 832363
68446 1351368
50207 998162
43127 832412
68447 1351411
50206 998111
43130 832512
68450 1351500
43135 832561
68455 1351668
43136 832610
68456 1351708
43137 832660
68457 1351750
43142 832796
68422 1350491
43143 832847
68423 1350534
43144 832899
68424 1350584
43145 832948
43146 832998
43151 833244
68431 1350768
43153 833345
68433 1350813
43157 833541
68437 1350948
67849 1340339
43160 833640
43162 833698
68402 1349757
43164 833750
68404 1349842
50322 1001919
43201 833896
50321 1001874
43202 833943
50320 1001829
43203 833990
50327 1002096
43204 834037
43205 834083
50325 1002056
43206 834130
50324 1002006
43207 834177
43209 834224
43210 834271
43211 834318
43212 834365
43213 834412
43214 834459
43215 834506
43216 834553
43217 834599
50359 1002639
43218 834646
43219 834692
50307 1001251
43220 834739
50306 1001206
43221 834786
50305 1001161
43222 834833
50304 1001116
43223 834880
50303 1001071
43224 834927
48728 958809
50301 1000981
43226 834974
43227 835020
43228 835067
48724 958626
43229 835113
48725 958674
50331 1002279
43230 835160
50330 1002234
43231 835207
50333 1002369
43232 835253
50335 1002459
43234 835299
48738 959212
50334 1002414
43235 835345
48739 959257
43236 835392
43240 835439
50310 1001386
43251 835486
43260 835532
43266 835578
79423 1576796
43268 835624
77344 1527282
43270 835670
43271 835716
43272 835762
79414 1576659
43279 835808
77355 1527738
43287 835854
43291 835900
91614 1739948
50420 1003551
43301 835946
91617 1740116
50423 1003640
43302 835989
43310 836032
43311 836080
43314 836129
43315 836175
43316 836222
43317 836265
43318 836314
43319 836358
43320 836406
43321 836449
43322 836492
43323 836539
43324 836585
43325 836631
43326 836674
50433 1004019
43330 836717
50432 1003969
43331 836759
50431 1003925
43332 836803
50430 1003880
43333 836846
65789 1306923
43334 836891
48638 957084
50436 1004152
65788 1306874
43335 836935
50435 1004113
43336 836976
50434 1004070
43337 837022
65785 1306741
43338 837065
48634 956911
43340 837114
43341 837164
43342 837216
43343 837261
43344 837303
43345 837346
43346 837391
43347 837437
43348 837485
43349 837534
43350 837577
43351 837620
43356 837672
43357 837714
43358 837762
43359 837812
43360 837856
43403 837950
62305 1233894
68923 1361844
43406 837997
68926 1361970
43407 838039
62301 1233852
68927 1362017
43410 838132
62312 1234023
68930 1362155
43412 838176
68932 1362200
43413 838220
62311 1233978
68933 1362246
43414 838261
62316 1234146
68934 1362292
43416 838305
62314 1234105
68936 1362371
43420 838348
43430 838394
43431 838433
43438 838760
43439 838809
43440 838853
68960 1363340
43441 838909
68961 1363386
43442 838951
43443 838997
43445 839038
43446 839081
62348 1235088
68966 1363472
50529 1006909
43447 839129
62349 1235128
68967 1363516
50528 1006861
43449 839172
62347 1235045
68969 1363558
50526 1006772
43450 839219
62352 1235212
68970 1363600
50511 1006193
43451 839265
62353 1235253
68971 1363647
50510 1006140
43452 839307
68972 1363699
43456 839355
62354 1235303
68976 1363879
50517 1006372
43457 839402
62355 1235347
68977 1363926
50516 1006328
43458 839446
68978 1363971
50519 1006462
43460 839494
68940 1362547
43462 839537
62320 1234234
68942 1362628
50501 1006092
43463 839579
62321 1234280
68943 1362676
43464 839625
62326 1234460
68944 1362720
43465 839669
68945 1362762
43466 839712
62324 1234372
68946 1362809
43467 839752
62325 1234415
68947 1362853
43468 839801
68948 1362900
43469 839847
68949 1362946
65287 1296029
43504 839988
48808 960782
65286 1295982
43505 840029
48809 960824
43510 840121
43511 840163
43512 840204
43515 840251
43516 840293
43517 840336
43519 840425
43520 840473
43521 840518
43522 840561
43523 840608
43524 840651
43525 840693
43526 840735
43528 840827
64001 1274063
43529 840870
64018 1274480
65251 1294828
43530 840914
64019 1274529
65250 1294783
43531 840959
43532 841004
43533 841054
65255 1294917
43534 841096
65254 1294873
43535 841140
65257 1295008
43536 841183
65256 1294963
43537 841233
64068 1275988
65243 1294558
43540 841275
64069 1276030
43541 841319
43542 841367
65240 1294513
43543 841411
65244 1294602
43547 841503
43548 841546
77064 1521063
64060 1275620
43550 841635
65270 1295434
43551 841678
43552 841723
43553 841767
43556 841915
65276 1295569
43557 841962
65279 1295661
43558 842008
92096 1748972
43560 842052
65262 1295247
92093 1748923
43565 842095
65261 1295197
43566 842139
65260 1295146
92091 1748818
43567 842185
92082 1748525
43570 842270
74932 1471381
65211 1293928
92083 1748578
43571 842319
43601 842365
43603 842407
43604 842449
74523 1464717
43605 842491
74522 1464669
43606 842533
74521 1464622
43607 842574
43608 842616
43609 842658
43610 842700
43611 842742
43623 843120
77093 1522326
43635 843161
77085 1521977
43654 843245
43656 843287
43657 843329
43681 843581
77031 1519615
43699 843707
77029 1519529
43701 843749
43702 843799
43711 843849
43713 843888
43716 843937
43717 843985
43718 844033
43719 844077
50841 1013416
43720 844123
50840 1013369
43721 844168
50843 1013503
43722 844216
50842 1013459
43723 844262
50845 1013547
43724 844310
43725 844354
50846 1013594
43727 844400
50849 1013730
43728 844454
91207 1733275
50833 1013146
43730 844502
43731 844545
91205 1733173
50831 1013104
43732 844591
91204 1733122
50830 1013064
43733 844639
91203 1733071
50837 1013280
43734 844684
91202 1733020
50836 1013235
43735 844736
91201 1732969
50835 1013190
79359 1575253
43736 844790
81303 1612376
79357 1575161
43738 844836
81302 1612329
79356 1575120
43739 844885
43740 844929
43748 845068
43749 845117
43750 845164
79339 1574632
43752 845210
43755 845298
43758 845440
43759 845482
43762 845620
43764 845671
43767 845772
43768 845819
43771 845872
43772 845917
43773 845968
43777 846018
77710 1538583
43780 846163
74359 1461762
43782 846212
77713 1538630
43783 846254
43786 846298
43787 846343
43788 846388
48143 944079
76483 1508568
77701 1538201
43791 846434
77703 1538297
43793 846487
43802 846534
68197 1346533
43803 846584
43804 846635
43805 846682
91104 1731742
50950 1014406
77661 1537937
43811 846732
77662 1537981
43812 846782
77651 1537657
43821 846830
43822 846877
50947 1014361
43824 846928
43828 846974
77640 1537402
43830 847019
48017 939147
77642 1537504
43832 847067
48015 939099
43836 847120
43837 847170
77630 1537226
43840 847226
77632 1537311
43842 847277
43843 847324
43844 847374
48009 938958
43845 847419
43901 847473
48346 950450
43902 847518
43903 847565
43906 847658
48341 950316
43907 847704
48340 950272
43910 847839
62612 1241581
43912 847891
62610 1241496
43913 847939
62611 1241536
43914 847988
43915 848032
62617 1241710
43916 848079
43917 848125
62615 1241666
43920 848175
62662 1243027
43925 848230
62667 1243256
43926 848286
62664 1243118
76539 1509907
43927 848332
62665 1243164
76538 1509860
43928 848378
76537 1509812
43930 848423
48089 941893
68065 1343927
76549 1510256
43931 848476
48088 941850
68064 1343883
76548 1510207
43932 848520
68067 1344020
43933 848568
68066 1343976
43934 848615
68061 1343751
43935 848658
43937 848709
68062 1343793
43938 848754
48081 941567
76541 1509995
43939 848807
48080 941512
62677 1243626
76540 1509953
43944 849053
43945 849101
43946 849152
43947 849195
43948 849242
43961 849495
43963 849595
48328 949838
62621 1241795
43968 849737
48323 949582
43973 849930
62635 1242344
69339 1368355
43977 850073
62631 1242217
43981 850119
68036 1342949
76686 1513588
43983 850168
68034 1342901
76598 1511244
76684 1513504
78520 1555457
43984 850214
68033 1342856
78521 1555506
43985 850263
76682 1513459
78522 1555555
43986 850309
68031 1342814
76681 1513413
43988 850354
87503 1688123
44003 850441
87510 1688456
44010 850586
54119 1059787
87511 1688505
44011 850636
87512 1688554
44012 850677
87517 1688786
44017 850723
87523 1689057
44023 850862
87528 1689246
44028 851004
87532 1689434
44032 851105
87540 1689732
44040 851339
44041 851388
87544 1689815
44044 851434
87545 1689867
44045 851478
44046 851524
87547 1689919
44047 851570
87549 1690022
44049 851669
87556 1690255
44056 851934
44072 852394
87581 1691152
44081 852661
44085 852799
44086 852843
44087 852888
87592 1691305
44092 853073
44093 853117
87594 1691353
44094 853170
44095 853215
44097 853303
44099 853346
87402 1687353
44102 853441
56592 1122500
44103 853489
56593 1122541
61520 1216045
98591 1893979
87418 1687689
44118 854204
45683 886881
56588 1122320
98590 1893932
94820 1807233
87419 1687737
44119 854252
45682 886833
56589 1122366
54028 1059126
87420 1687787
44120 854300
45695 887326
87421 1687834
44121 854348
45694 887277
47708 931491
44123 854444
45696 887374
44125 854536
45690 887143
44126 854584
45693 887231
44127 854631
45692 887185
54020 1058752
44128 854678
47701 931185
44130 854774
44132 854873
44137 855118
98566 1892973
44141 855316
98565 1892928
44142 855366
61489 1215734
98562 1892778
44145 855510
44188 855756
56518 1119572
71838 1409503
44198 856140
46404 904648
71828 1409148
87499 1687978
44199 856188
46405 904687
87701 1691401
44201 856236
44202 856281
44203 856325
87710 1691452
44210 856371
45459 883782
87711 1691500
44211 856412
45458 883735
87712 1691552
44212 856460
87714 1691641
44214 856505
87715 1691687
44215 856548
44216 856598
44217 856642
44221 856685
70187 1375750
87722 1691780
44222 856735
70184 1375603
87723 1691827
44223 856786
70185 1375652
87724 1691869
44224 856837
70182 1375496
87730 1692002
44230 856877
87731 1692046
44231 856922
87732 1692097
44232 856973
70190 1375848
87733 1692135
44233 857014
87734 1692182
44234 857059
87735 1692222
44235 857102
87736 1692267
44236 857148
44237 857191
70195 1375897
87740 1692313
44240 857232
44241 857274
87742 1692356
44242 857323
87743 1692405
44243 857365
87750 1692631
44250 857407
44251 857452
87753 1692720
44253 857505
44254 857552
44255 857593
44256 857637
44260 857723
44262 857767
45449 883688
44264 857815
44265 857859
44266 857905
44270 857950
44272 857993
44273 858040
44274 858084
44275 858134
44276 858178
44278 858222
44280 858267
44281 858315
44282 858361
44285 858407
44286 858450
44287 858496
44288 858542
44301 858587
44302 858627
44303 858667
44304 858709
60901 1200920
44305 858751
44306 858792
44307 858834
44308 858876
44309 858918
44310 858960
44311 859002
44312 859042
44313 859084
60918 1201302
89555 1714400
44314 859125
60919 1201348
44315 859167
89557 1714442
44316 859208
44317 859250
60915 1201207
44319 859292
44320 859334
44325 859418
44326 859460
44333 859542
44334 859584
44372 859629
44396 859669
45401 882152
44398 859709
89060 1706778
87101 1683764
85305 1664644
44401 859749
87102 1683817
85306 1664692
44402 859801
45269 877930
87103 1683870
85307 1664740
44403 859852
45268 877881
87104 1683923
44404 859900
87105 1683976
85301 1664452
44405 859947
87123 1684875
85327 1665410
44423 860565
85336 1665786
44432 860956
85333 1665646
44437 861053
89183 1710634
44438 861100
44439 861145
89028 1705699
44449 861548
89053 1706691
44450 861599
89052 1706645
44451 861654
44452 861705
87154 1685185
44454 861804
44455 861851
89077 1707001
44470 861941
44482 862128
45315 879047
44483 862173
45314 879000
87184 1685449
44484 862218
87185 1685502
44485 862263
45312 878956
44486 862308
45311 878915
87009 1681300
44509 862900
89314 1711042
44555 863242
99830 1923165
87301 1686138
44601 863291
44606 863335
99836 1923405
44607 863382
44608 863426
44609 863472
94707 1806534
87310 1686276
44610 863517
94706 1806491
87311 1686324
44611 863560
94705 1806446
87312 1686375
44612 863607
94704 1806400
87313 1686432
44613 863655
87317 1686582
44617 863795
61478 1215337
87320 1686677
44620 863926
61479 1215384
87321 1686731
44621 863971
44624 864066
87325 1686870
44625 864112
87326 1686918
44626 864167
87327 1686969
44627 864214
44630 864361
99821 1922815
44632 864406
56482 1119119
99820 1922757
44633 864451
99827 1923063
44634 864498
56484 1119162
44638 864635
44639 864680
61419 1213071
44641 864771
44650 865090
44651 865132
44654 865277
98499 1890607
44656 865325
98498 1890561
87357 1687108
44657 865378
44660 865467
44661 865514
44667 865766
44670 865850
44671 865898
44672 865949
87375 1687256
44675 865995
44688 866535
56438 1117643
71958 1411898
44689 866581
71959 1411945
95432 1823576
44690 866623
71940 1411360
95433 1823620
44691 866669
71941 1411402
95431 1823530
44693 866712
71943 1411503
95435 1823667
44697 866809
44699 866854
71949 1411630
44701 866903
44702 866945
44703 866987
44704 867029
44705 867071
44706 867113
44707 867154
44708 867194
44709 867235
44718 867402
44720 867444
45349 880577
44721 867492
45348 880531
99901 1923662
44730 867534
44735 867581
99921 1923912
44750 867623
44767 867665
44799 867707
60203 1190121
44807 867881
44820 868290
44822 868336
95721 1833291
44824 868380
55408 1091253
95720 1833244
44825 868423
55409 1091303
44826 868471
95722 1833341
94497 1800331
44827 868513
57197 1131191
44828 868561
55404 1091053
57198 1131242
44830 868607
44833 868652
44836 868697
57186 1131089
44837 868747
95713 1833057
44838 868792
55414 1091551
95712 1833008
44839 868840
55415 1091601
44840 868880
44841 868930
44842 868972
44843 869021
95709 1832962
44844 869065
44845 869118
44846 869162
44847 869202
44848 869249
44849 869293
44850 869337
95776 1834139
44851 869380
44853 869426
44854 869473
44855 869526
44856 869576
44857 869629
44860 869714
44861 869759
44862 869804
44864 869850
44865 869899
44874 870118
44875 870164
44880 870253
61112 1207184
44881 870299
61111 1207134
44882 870353
61110 1207086
44883 870399
61114 1207232
44887 870442
44888 870483
44889 870526
44890 870569
44901 870612
44902 870660
44903 870708
44904 870756
44905 870804
44906 870852
44907 870900
45001 870948
45004 871089
45005 871138
45014 871316
45030 871452
45034 871592
73938 1454857
45040 871729
45041 871771
45042 871819
45044 871866
45050 871913
45051 871956
45052 872013
45053 872062
45054 872105
45055 872150
45056 872195
45061 872237
45062 872278
45063 872324
45064 872368
45065 872415
45067 872511
99403 1908580
45068 872555
99402 1908536
45069 872603
45070 872652
45071 872700
53209 1047351
45101 872749
45102 872793
45103 872838
45106 872931
45107 872976
53219 1047839
45111 873024
55018 1081815
45114 873169
45130 873533
45131 873578
55036 1082405
45132 873625
55037 1082449
45133 873672
55031 1082272
45135 873720
45148 874007
45150 874052
45152 874097
45153 874140
45154 874185
45155 874230
45158 874376
45159 874426
45168 874712
45169 874760
45171 874802
45172 874846
45174 874899
45176 874950
45177 875001
45203 875146
97045 1855250
85363 1667033
45208 875391
45213 875587
45216 875734
45227 876272
45232 876467
45242 876951
45246 877146
45248 877244
45249 877293
45250 877342
45253 877489
45271 878028
45274 878126
45275 878175
89046 1706462
45280 878269
45298 878366
57622 1140846
45299 878415
57623 1140897
45302 878506
45303 878547
45304 878590
45305 878633
45306 878679
45307 878722
87187 1685555
45310 878865
45317 879138
45318 879181
45319 879226
45320 879274
45322 879361
45324 879450
45325 879495
45326 879548
45327 879591
45328 879642
45331 879731
45332 879777
45338 880056
45339 880102
45343 880289
45344 880340
45350 880626
45351 880672
99928 1924275
45352 880714
99929 1924333
45353 880759
45354 880805
99599 1912643
45356 880858
99922 1923970
45358 880899
99923 1924031
45359 880942
45360 880991
45370 881358
45377 881577
45378 881626
45380 881669
45381 881715
45384 881866
45387 881956
45388 882007
45389 882052
45402 882199
45403 882246
45404 882293
45405 882340
45406 882387
45409 882434
45410 882481
45412 882526
45413 882573
45414 882620
45415 882667
45416 882714
45417 882761
45419 882807
45424 882995
45428 883089
45429 883136
45433 883319
45435 883407
45439 883501
45440 883547
45441 883594
45448 883641
45475 883923
45481 884017
71631 1405837
45482 884064
45490 884111
45505 884346
70112 1372918
54166 1061367
45601 884440
54152 1060858
45613 884530
54131 1060299
45630 885121
54130 1060251
45631 885168
45633 885214
45638 885346
73734 1452340
54139 1060530
45642 885437
45643 885476
45650 885742
45653 885873
45654 885917
45656 885966
45657 886012
45660 886140
46377 903940
45663 886271
46374 903804
54170 1061458
87578 1691019
45671 886374
61523 1216088
98592 1894022
45680 886738
98593 1894063
45681 886788
98596 1894157
45684 886925
61526 1216227
98597 1894200
45685 886966
47719 931904
61525 1216184
45686 887010
61524 1216136
98595 1894105
45687 887052
45701 887558
45710 887600
45711 887643
45712 887688
45713 887735
45714 887784
45715 887831
45716 887879
46209 899548
45717 887922
46208 899499
45719 887968
46206 899401
45720 888013
45723 888105
46216 899695
45729 888245
45732 888293
45734 888338
45735 888384
45741 888525
45742 888571
45743 888624
45744 888671
45745 888718
45746 888770
45764 888959
46259 901256
45766 889007
45767 889058
45770 889202
45771 889246
45772 889288
45773 889333
46268 901451
45775 889378
45784 889738
45788 889886
45789 889934
45801 889985
45802 890025
45804 890065
45805 890104
45806 890144
45807 890187
45808 890227
45809 890272
45810 890313
45813 890393
45815 890486
73119 1442892
45816 890530
45820 890670
45821 890711
45822 890755
45828 890890
45830 890936
45838 891250
45839 891294
45843 891428
45845 891521
46985 915789
45846 891570
46986 915836
45850 891715
46990 916010
45851 891757
46991 916053
45853 891804
45854 891847
46994 916141
56098 1106939
45855 891892
46995 916182
45856 891936
46996 916233
45858 891980
46998 916278
45859 892025
45862 892165
45865 892307
45866 892352
45867 892397
45869 892498
45870 892547
45872 892651
45873 892701
45874 892747
45879 892928
45888 893346
45889 893393
45891 893484
46951 914814
45894 893579
45898 893773
46958 914982
45899 893821
46959 915024
45999 893864
46038 894689
46058 895373
46067 895707
46071 895895
46074 895983
52729 1037661
46075 896031
52728 1037618
46076 896072
46077 896117
46085 896208
46102 896254
46103 896297
46104 896340
52619 1035756
46105 896384
46106 896430
46107 896477
46110 896525
46111 896571
70011 1369912
46115 896708
46117 896751
46122 896949
46123 896997
46124 897041
46125 897088
46126 897133
46127 897178
46130 897308
46131 897357
70037 1370225
46133 897403
70031 1370022
46135 897449
46142 897545
46148 897769
46149 897815
46150 897861
53804 1054828
46151 897903
53805 1054875
46158 898120
46160 898168
46161 898214
46166 898453
46167 898497
46171 898644
53825 1055562
61778 1222018
46180 898875
46181 898926
46182 898973
46183 899017
46184 899065
46186 899112
46201 899159
46202 899207
46203 899256
46204 899304
46205 899352
46207 899450
46217 899744
46220 899891
46221 899940
46225 900085
73632 1450345
46241 900721
46251 901014
46266 901403
46274 901500
46278 901647
46295 901994
47120 918441
72537 1427806
54201 1061822
46296 902043
47123 918542
72534 1427714
54202 1061867
46310 902421
46311 902465
73706 1451676
54150 1060765
87558 1690347
46324 902760
46348 903154
46349 903201
46355 903341
46361 903472
46368 903618
46371 903662
46373 903759
46382 904117
46384 904213
46385 904260
46401 904532
46402 904571
46403 904610
46410 904889
46411 904936
46506 905118
46507 905163
46508 905208
46513 905345
46514 905393
46515 905438
46517 905527
46524 905572
46526 905621
46530 905753
55109 1084938
46532 905848
46534 905891
46536 905932
46537 905982
46538 906026
55101 1084564
46539 906073
46540 906120
46542 906168
46543 906215
46544 906264
46545 906314
46546 906364
46550 906413
55129 1085884
46553 906512
46554 906559
46555 906613
46572 907050
46581 907236
46590 907328
46595 907378
46601 907424
46613 907475
46614 907526
46615 907577
46616 907628
46617 907679
46619 907729
46624 907780
46626 907831
46628 907882
46634 907933
46635 907983
46637 908034
46660 908085
61241 1208211
94502 1800427
46699 908185
57002 1127470
46701 908235
46702 908277
46703 908325
46704 908369
46705 908411
46706 908454
46713 908579
46714 908626
53114 1044217
46721 908670
53110 1044173
46725 908760
46730 908811
46731 908854
46732 908899
46733 908943
46737 908986
46738 909031
56634 1123146
46740 909075
46741 909117
53137 1044884
46742 909160
46743 909206
53130 1044784
54539 1068655
46745 909248
46746 909292
53132 1044836
46747 909335
54534 1068479
46748 909379
53143 1045164
46750 909425
53146 1045254
54529 1068291
46755 909476
54525 1068162
46759 909524
46760 909568
72842 1435313
54514 1067850
46761 909611
72843 1435354
54515 1067897
46763 909656
72841 1435272
54517 1067940
46764 909698
72846 1435442
53159 1045834
46765 909743
72847 1435485
53158 1045780
54511 1067710
54512 1067754
46766 909782
46767 909832
72845 1435395
54513 1067806
53154 1045638
46769 909876
46770 909920
72856 1435736
53167 1045883
46771 909966
72857 1435777
46772 910010
72854 1435652
46773 910052
72855 1435695
46774 910098
72852 1435572
46776 910143
46777 910187
72851 1435526
46779 910273
46780 910324
46781 910374
46782 910416
46783 910457
46784 910503
56688 1125054
46786 910593
46787 910645
46788 910696
56684 1124868
46789 910745
56685 1124908
53182 1046354
46791 910789
53181 1046306
46792 910834
46793 910881
53187 1046584
46794 910926
53186 1046537
46795 910967
53185 1046491
46796 911016
53184 1046445
46797 911060
46798 911104
46799 911145
46802 911237
46803 911283
46804 911329
46805 911374
46825 911833
46845 911925
61008 1203722
46850 911971
46851 912017
57646 1141634
46852 912063
57645 1141586
46853 912109
57644 1141541
46854 912155
46855 912201
57642 1141492
46856 912247
57641 1141445
46857 912293
57640 1141397
46858 912339
61001 1203584
46859 912385
46860 912431
46862 912523
46863 912569
46864 912615
46865 912661
46866 912707
46867 912753
46869 912845
46885 912891
46928 913958
56024 1104257
46929 914003
56025 1104308
46938 914359
56034 1104714
94280 1798839
46939 914404
56035 1104766
57780 1144366
46962 915157
46967 915254
46971 915374
46974 915421
46975 915463
46977 915508
46982 915693
46992 916098
47020 916819
47023 916963
47024 917006
47025 917050
47034 917283
54103 1059311
47060 917744
47104 917837
47107 917924
47122 918496
47130 918779
54221 1062557
47140 919217
47143 919357
47144 919400
47145 919450
54226 1062605
47147 919551
47150 919591
47151 919637
47174 920152
73458 1447104
47201 920387
66103 1311282
72638 1430390
47202 920437
47203 920487
66101 1311180
47220 920537
72659 1431068
47223 920585
47224 920635
47225 920680
80308 1593784
47226 920728
54308 1063545
80309 1593830
47227 920778
80306 1593692
47228 920826
72651 1430794
93225 1774597
54307 1063500
80307 1593738
47229 920872
72650 1430749
93224 1774554
54306 1063455
47230 920922
47231 920968
80310 1593875
47232 921014
74029 1456457
47234 921069
47235 921115
80314 1593921
47236 921161
72629 1430017
47240 921210
47243 921258
47244 921305
47245 921356
75367 1482584
47246 921401
47247 921447
47249 921499
47260 921588
47265 921769
47280 922011
47281 922065
47282 922110
47283 922155
47302 922201
47303 922246
47304 922289
47305 922334
47306 922379
47307 922424
47308 922469
47320 922514
47322 922557
47324 922604
47325 922646
47326 922693
47327 922733
47330 922783
47331 922830
47334 922880
47335 922927
47336 922969
47337 923010
47338 923054
47339 923098
47340 923140
47341 923187
47342 923235
51239 1017806
74159 1460395
47344 923280
47345 923325
47346 923372
47348 923418
74153 1460190
47358 923781
47359 923825
47360 923875
47362 923968
47366 924014
47367 924059
47370 924197
47371 924241
47374 924322
74149 1460067
47375 924366
74148 1460026
47392 924869
47393 924912
47401 925054
47402 925102
47403 925150
47404 925198
47405 925245
54542 1068795
47421 925481
47429 925666
47432 925755
47434 925844
70818 1390382
47435 925891
70819 1390445
47436 925936
47437 925985
47441 926118
53039 1041523
47445 926203
53034 1041285
47448 926293
53024 1040958
47458 926692
53016 1040578
47462 926826
53010 1040284
47464 926921
53011 1040339
47465 926969
53013 1040433
47467 927016
80951 1606186
47468 927064
80950 1606131
47469 927111
47470 927166
47501 927260
54611 1069959
80470 1596107
47512 927308
54610 1069917
80471 1596152
47513 927351
80476 1596337
47514 927396
74729 1467740
80477 1596392
47515 927443
74728 1467691
54616 1070201
54615 1070146
80474 1596244
47516 927486
47519 927531
74724 1467556
54601 1069770
80402 1594014
47520 927579
80403 1594061
47521 927624
54603 1069868
47522 927670
80401 1593967
47523 927712
74738 1468097
54602 1069819
47524 927753
47525 927794
47527 927834
72938 1437184
47528 927877
72937 1437137
74733 1467867
47529 927923
72936 1437089
47531 927966
72948 1437562
47532 928012
47535 928058
54639 1071179
47536 928106
54638 1071135
80419 1594108
47537 928149
47541 928198
47542 928242
47545 928290
76008 1497256
47546 928334
74759 1468671
47547 928377
47549 928420
74756 1468627
76004 1497068
47550 928463
47551 928506
47552 928549
47553 928598
47556 928644
47557 928693
80861 1603425
47558 928739
80446 1595208
47564 928871
47567 928912
47568 928957
80455 1595596
47573 929005
80452 1595438
47574 929048
80453 1595494
47575 929087
47576 929137
80451 1595382
47577 929184
47578 929235
47579 929278
53008 1040235
54661 1072135
47580 929327
54660 1072093
47581 929376
54665 1072277
47584 929419
54664 1072235
47585 929462
54667 1072364
47586 929504
47597 929719
47598 929763
47601 929804
47617 930123
47618 930169
47619 930221
47638 930636
47639 930682
47647 930773
47649 930865
47654 930910
47670 931092
47683 931138
55165 1086306
47730 932262
47801 932824
47802 932870
47803 932914
47804 932959
75449 1485335
47807 933051
47809 933142
75444 1485158
47830 933187
72180 1419180
52227 1029252
47831 933231
72181 1419225
47832 933279
72182 1419270
50029 992914
52225 1029210
47833 933326
72183 1419316
50028 992871
52224 1029170
52223 1029127
47834 933374
52221 1029029
47836 933414
52220 1028988
47837 933458
50023 992694
47838 933499
47840 933546
47841 933591
47842 933635
47845 933683
54929 1078858
47846 933726
54928 1078812
47847 933765
54927 1078757
47848 933809
54926 1078710
47849 933854
52243 1029786
54911 1078281
47850 933901
52242 1029739
47851 933951
52241 1029691
54913 1078377
47852 933994
52240 1029644
54912 1078329
47853 934043
52247 1029974
54915 1078472
47854 934085
52246 1029927
54914 1078425
47855 934135
52244 1029833
47857 934180
54919 1078520
47858 934227
47859 934267
47860 934310
75599 1488430
52255 1030284
54903 1078097
52254 1030235
54902 1078051
47861 934351
52257 1030326
54901 1078005
47862 934395
47863 934440
54906 1078190
47865 934485
52253 1030194
47866 934530
47868 934572
47869 934613
47870 934660
75457 1485698
47871 934705
75456 1485648
47872 934740
75455 1485598
47874 934785
75453 1485512
47875 934829
75452 1485468
47876 934883
75451 1485425
47878 934941
47879 934986
47880 935033
72130 1417644
54967 1080274
47881 935081
72131 1417687
54966 1080225
47882 935124
72132 1417732
54965 1080176
47884 935170
72134 1417827
54963 1080085
47885 935220
72135 1417867
54962 1080037
47954 936889
72204 1419623
47964 937260
47990 938253
47991 938303
47992 938352
47993 938402
47994 938451
47995 938499
47996 938541
48001 938640
48002 938687
48003 938735
77639 1537354
48004 938777
48005 938828
48006 938871
48007 938916
48012 939006
77643 1537554
48014 939054
48021 939192
48022 939239
48023 939285
78578 1557373
48025 939335
76679 1513327
48026 939381
48027 939423
78575 1557243
48028 939471
48030 939523
78549 1556241
48032 939571
78548 1556199
48033 939616
48034 939663
48035 939711
48036 939764
48037 939817
78543 1556060
48038 939863
76664 1512927
78542 1556014
48039 939916
76665 1512970
97905 1875028
48040 939967
97904 1874983
48041 940017
97907 1875116
48042 940063
97906 1875071
48043 940106
97901 1874850
48044 940156
48045 940199
97903 1874938
48046 940253
97902 1874895
48047 940302
48048 940351
48049 940397
48050 940449
48051 940495
48054 940545
68038 1343038
78526 1555652
48059 940595
76599 1511292
76685 1513547
77615 1536722
48060 940647
77614 1536675
48061 940697
77617 1536804
48062 940747
77616 1536766
48063 940792
77611 1536542
48064 940840
48065 940885
77613 1536631
48066 940925
77612 1536590
48067 940971
48068 941018
48069 941065
48070 941116
48071 941170
77629 1537182
48072 941223
48073 941268
48074 941313
48075 941365
48076 941413
77622 1536898
48079 941461
48082 941621
62675 1243579
76542 1510037
48083 941676
62674 1243533
76543 1510079
48084 941718
62673 1243489
68068 1344067
76544 1510121
48085 941760
62672 1243444
68069 1344118
48086 941802
62671 1243397
48090 941936
76550 1510297
48091 941979
48092 942022
48093 942065
48094 942108
76554 1510343
48095 942155
48096 942202
76556 1510398
48097 942241
76557 1510440
48098 942284
76558 1510482
48099 942326
76559 1510525
48103 942413
48104 942461
68128 1345333
48105 942510
48106 942559
48107 942608
48108 942657
68124 1345247
48109 942706
48110 942755
48111 942798
48112 942844
48113 942890
78409 1554084
48114 942939
68138 1345720
78408 1554033
48115 942986
68139 1345761
48116 943037
48117 943086
78405 1553880
48118 943131
68134 1345550
48120 943178
48121 943222
48122 943266
48123 943312
48124 943356
48125 943400
48126 943452
48127 943496
48128 943548
48130 943590
74362 1461887
48131 943633
74363 1461928
48133 943676
74361 1461846
48134 943717
74366 1462052
77708 1538537
48135 943762
74367 1462096
48136 943809
74364 1461970
48137 943856
74365 1462010
77705 1538393
48138 943903
77704 1538345
48139 943949
48140 943997
74352 1461583
48141 944037
76481 1508522
48145 944177
76485 1508674
48146 944222
74354 1461631
76486 1508718
77725 1538724
48150 944270
76490 1508803
48151 944313
76491 1508844
48152 944356
77726 1538771
48153 944399
48154 944442
48157 944485
48158 944531
48159 944581
48160 944624
48161 944666
74337 1461058
48162 944708
48164 944751
74332 1460925
48165 944797
74333 1460969
48166 944845
74330 1460842
48167 944889
74331 1460883
80007 1586811
48168 944935
80006 1586764
48169 944981
48170 945030
48173 945074
48174 945118
48175 945161
48176 945206
48177 945252
48178 945296
48179 945343
48180 945394
48182 945436
76442 1507126
48183 945483
76443 1507173
48184 945526
76444 1507224
48185 945567
76445 1507270
48186 945611
76446 1507318
48187 945654
48188 945695
76448 1507360
48189 945735
76449 1507407
48190 945788
76450 1507454
48191 945837
48192 945883
76452 1507496
48193 945928
76453 1507541
48195 945973
76455 1507633
48197 946018
74301 1460800
76457 1507679
48198 946067
76458 1507722
48201 946115
48202 946158
48203 946200
48204 946249
48205 946292
48206 946335
62949 1251879
48207 946378
62948 1251832
48210 946507
62939 1251514
95818 1834648
58318 1151203
48211 946550
62938 1251471
48212 946593
48213 946638
48214 946681
48215 946724
48218 946853
62931 1251238
58310 1150984
48219 946900
62930 1251193
95811 1834285
58311 1151027
48230 947376
62959 1252341
97634 1870484
95838 1835686
58338 1151699
48231 947425
62958 1252297
97635 1870530
58339 1151743
48232 947468
48233 947511
48234 947554
48235 947597
48236 947640
48237 947689
48238 947734
62951 1251968
95830 1835271
58330 1151521
48239 947777
62950 1251925
95831 1835323
58331 1151564
48240 947820
48242 947863
48244 947949
48266 948164
48272 948336
48277 948422
58370 1152659
48278 948465
48279 948508
48301 948594
48304 948756
68768 1357748
69341 1368449
48306 948809
69343 1368498
48307 948856
48315 949262
48318 949387
48320 949429
62629 1242120
48321 949479
62628 1242077
48322 949529
48324 949635
48325 949688
48326 949741
48327 949791
48330 949932
48331 949984
48332 950032
48333 950080
48347 950497
48350 950590
69337 1368311
48370 951105
48371 951149
48374 951193
76708 1514218
48375 951235
48376 951277
48377 951318
48380 951360
59022 1164047
48381 951404
48382 951449
59020 1164002
48383 951504
48390 951646
59050 1165094
48391 951695
59052 1165145
48393 951743
48397 951785
48401 951828
48410 951875
48411 951919
48412 951960
48413 952003
48414 952046
63901 1272649
48415 952094
84409 1649872
48416 952141
49309 974011
84408 1649830
48417 952189
63902 1272698
84407 1649788
48418 952231
49307 973963
48419 952276
49306 973922
48422 952417
49317 974327
48426 952508
48433 952777
85709 1672081
48434 952822
85708 1672041
48435 952871
48437 952961
59915 1181308
85716 1672369
48441 953142
59916 1181348
85715 1672329
48442 953190
59910 1181078
85713 1672245
48444 953233
59911 1181120
85712 1672205
48445 953280
59912 1181167
85711 1672163
48446 953320
58558 1157176
48450 953407
49347 975584
58559 1157223
48451 953454
49346 975538
48453 953498
49344 975448
48454 953544
49343 975404
48455 953587
49342 975360
48456 953632
49341 975317
48457 953681
49340 975274
48458 953727
59936 1182225
48462 953877
59933 1182092
48467 954104
58560 1157267
48468 954151
49355 975763
58561 1157313
48469 954195
48470 954245
59926 1181770
48472 954331
59927 1181821
48473 954375
59921 1181578
48475 954424
59922 1181632
48476 954463
84536 1651051
48529 954944
49236 971513
48601 955415
48602 955460
48603 955505
48604 955550
48608 955730
48609 955775
48610 955820
48611 955862
48612 955901
48613 955948
48614 955989
48615 956032
48616 956082
48617 956129
48618 956170
48619 956215
64424 1280888
48620 956258
48621 956305
64426 1280934
48622 956350
64427 1280983
48623 956393
64420 1280711
48624 956439
64421 1280756
48625 956484
64422 1280801
48626 956528
64423 1280843
48627 956573
48628 956625
48629 956667
65781 1306608
48630 956720
48631 956781
65783 1306652
48632 956824
48633 956864
65784 1306699
48635 956952
50439 1004247
65787 1306832
48636 956995
50438 1004203
65786 1306784
48637 957039
48642 957218
48647 957263
48651 957391
48654 957535
48655 957581
50453 1004738
48658 957728
50452 1004692
48659 957773
48661 957818
48662 957865
48663 957910
48667 957955
48670 958000
48674 958045
48686 958090
64505 1284015
48701 958135
64507 1284115
77954 1541293
48703 958178
64501 1283812
48705 958221
64502 1283863
77951 1541243
48706 958268
64503 1283914
77950 1541198
48707 958309
48708 958351
48710 958393
48720 958444
48721 958488
50309 1001341
48722 958536
50308 1001296
48723 958584
48726 958719
48727 958766
50302 1001026
48729 958851
48730 958895
48731 958941
48732 958983
48733 959027
50339 1002549
48734 959074
48735 959122
48737 959168
48740 959297
48741 959345
65673 1303070
48742 959391
65672 1303025
48743 959435
65675 1303161
48744 959480
65674 1303115
48745 959526
50369 1002999
48746 959569
50368 1002954
65676 1303203
48747 959617
50367 1002909
65679 1303247
48748 959657
48749 959706
48750 959746
65647 1302117
48754 959788
65646 1302075
48755 959832
65645 1302034
48756 959874
65644 1301990
48757 959917
48758 959960
48759 960007
48760 960052
48761 960098
48762 960147
48763 960190
65589 1300206
48764 960236
65588 1300162
48765 960282
48766 960325
48767 960369
48768 960417
77905 1541151
48770 960461
65636 1301775
48787 960507
62019 1227037
48811 960867
48822 961336
62021 1227082
48829 961621
97106 1856697
48843 962213
62040 1227818
48848 962438
48849 962488
48854 962720
48860 963009
48861 963049
48862 963093
48864 963141
48865 963184
48866 963227
48867 963269
48880 963767
48881 963816
48882 963858
48883 963908
48884 963955
48885 964002
48886 964047
48887 964095
48888 964137
48889 964183
64188 1280235
48890 964227
48891 964271
48892 964318
48893 964365
48894 964411
48895 964459
48896 964507
48897 964550
48901 964594
48906 964638
48910 964768
48911 964811
65085 1293169
48912 964855
65084 1293122
48913 964899
65082 1293035
48915 964943
48929 965250
48930 965294
48933 965338
48937 965382
65049 1291778
48956 965469
48980 965513
84701 1653390
49001 965557
96749 1848353
49002 965606
96748 1848308
49003 965653
94019 1790916
49004 965702
94018 1790865
49005 965751
84710 1653437
49010 965995
84711 1653478
49011 966040
84712 1653525
49012 966083
84713 1653572
49013 966129
84714 1653616
49014 966175
84715 1653657
49015 966224
84716 1653702
49016 966274
49017 966324
84722 1653938
49022 966562
84723 1653987
49023 966613
84724 1654035
49024 966664
84726 1654133
49026 966711
49027 966763
63820 1270473
84728 1654182
49028 966814
96759 1848741
84730 1654273
49030 966905
85619 1670018
63839 1271146
84731 1654319
49031 966954
84732 1654367
49032 966999
84733 1654413
49033 967051
84734 1654462
49034 967096
84735 1654509
49035 967141
84736 1654554
49036 967187
85610 1669637
63830 1270948
96751 1848442
84738 1654656
49038 967283
63840 1271191
96783 1849769
49048 967698
95204 1816043
84750 1655152
49050 967747
95206 1816145
84752 1655243
49052 967838
95207 1816196
84753 1655292
49053 967884
95234 1817355
84760 1655614
49060 968124
95232 1817252
84766 1655903
83349 1629876
49066 968401
95233 1817300
84767 1655947
83348 1629832
49067 968450
95224 1816846
84770 1655999
49070 968539
95225 1816892
84771 1656053
49071 968582
95226 1816939
84772 1656107
49072 968630
95227 1816990
84773 1656149
49073 968677
95222 1816749
84776 1656290
49076 968817
84780 1656384
83217 1626335
49080 968997
84781 1656435
49081 969044
84782 1656488
83215 1626285
49082 969091
84783 1656533
83214 1626243
49083 969134
84784 1656590
83213 1626202
49084 969182
83212 1626160
49085 969229
83210 1626064
82059 1617461
49087 969278
64870 1290372
49088 969329
49089 969375
96739 1847897
84790 1656639
49090 969420
96738 1847852
84791 1656693
49091 969471
49092 969519
49094 969618
49095 969665
49096 969708
49097 969755
96731 1847627
49098 969804
96730 1847581
49099 969852
88553 1702743
84603 1651374
49103 969999
95170 1815433
88554 1702786
84604 1651415
49104 970050
95172 1815484
88556 1702872
84606 1651495
49106 970103
95173 1815534
88557 1702915
49107 970149
88541 1702313
49111 970195
88547 1702571
49117 970424
88549 1702657
49119 970472
95154 1814976
88570 1703431
84620 1651536
49120 970517
95151 1814824
88575 1703646
49125 970560
95152 1814875
94159 1796091
88576 1703689
84626 1651764
49126 970604
95153 1814925
94158 1796014
88577 1703732
84627 1651807
49127 970647
88578 1703775
84628 1651851
49128 970696
57457 1138015
88579 1703818
84629 1651893
49129 970743
57456 1137970
88560 1703044
84630 1651940
49130 970791
84501 1650040
49201 970831
49202 970876
49227 971143
84530 1650757
49230 971280
84532 1650854
49232 971326
84537 1651106
49237 971558
84540 1651201
49240 971698
84542 1651245
49242 971790
49245 971838
49246 971881
49247 971925
49259 972494
65890 1307683
49261 972538
49262 972584
49263 972635
49264 972680
49265 972725
65897 1307731
49266 972769
49270 972950
49271 972997
49272 973045
49276 973143
49279 973237
49281 973285
49282 973332
49283 973386
49284 973436
49285 973484
49288 973622
49289 973669
84401 1649578
49301 973713
84402 1649620
49302 973750
84403 1649662
49303 973789
84404 1649704
49304 973834
84405 1649746
49305 973876
49311 974103
49318 974373
58533 1156682
49320 974468
58532 1156634
49321 974519
58531 1156586
49322 974567
58530 1156542
49323 974611
49325 974653
58535 1156724
49326 974697
49327 974741
49328 974784
49329 974829
58545 1157001
49330 974879
58544 1156955
49331 974923
49332 974963
49333 975007
49336 975097
58542 1156913
49337 975140
49345 975497
49348 975630
49349 975675
58564 1157451
49351 975724
58563 1157405
49356 975801
99174 1905234
84301 1647715
49401 975877
99176 1905278
49403 975964
99173 1905186
84306 1647921
49406 976099
61932 1225727
86504 1680124
84308 1648019
49408 976144
61933 1225767
86505 1680175
84309 1648063
49409 976191
88254 1698203
86515 1680541
84311 1648155
49411 976282
61929 1225593
88252 1698116
84317 1648443
49417 976507
89414 1711866
84318 1648490
49418 976555
89415 1711914
84319 1648533
49419 976600
84320 1648574
49420 976646
97739 1871825
84326 1648832
49426 976909
97709 1871087
84330 1649016
49430 977090
84337 1649348
49437 977306
84340 1649488
49440 977352
84341 1649536
49441 977399
49442 977446
49443 977493
49444 977540
49445 977587
49446 977633
49448 977677
49449 977720
99107 1902627
49450 977766
99104 1902540
49453 977902
84201 1647631
49501 978459
49502 978506
49503 978553
49504 978600
49505 978647
49506 978693
49507 978739
81615 1615235
49512 978922
49514 978969
81612 1615192
49515 979016
81611 1615149
49516 979063
49519 979157
49523 979199
49525 979246
49528 979293
49530 979340
49534 979387
84244 1647673
49544 979436
49546 979483
49548 979529
49555 979576
49560 979623
49588 979670
84101 1644613
49601 979764
84110 1645105
49610 979808
60642 1198684
84111 1645160
49611 979857
60643 1198726
58002 1144983
84112 1645214
49612 979898
60640 1198600
58001 1144933
84113 1645269
49613 979940
60641 1198642
84114 1645324
49614 979986
60646 1198852
58007 1145153
84115 1645379
49615 980034
60647 1198893
58006 1145112
84116 1645434
49616 980079
60644 1198768
58005 1145067
84117 1645489
49617 980124
60645 1198810
58004 1145026
84118 1645543
49618 980167
84119 1645598
49619 980209
84120 1645655
49620 980256
60632 1198307
58015 1145412
84121 1645712
49621 980301
60633 1198349
84122 1645767
49622 980345
60630 1198223
58017 1145503
84123 1645822
49623 980394
60631 1198265
58016 1145460
84125 1645932
49625 980434
60637 1198474
84126 1645987
49626 980481
60634 1198391
58013 1145368
58012 1145324
84127 1646042
49627 980528
84128 1646097
49628 980573
84129 1646154
49629 980617
84130 1646209
49630 980664
63087 1256760
84131 1646264
49631 980709
84132 1646319
49632 980752
84133 1646374
49633 980799
63084 1256716
84134 1646428
49634 980853
49635 980902
84136 1646483
49636 980948
49637 980997
63080 1256669
84138 1646538
49638 981047
84139 1646592
49639 981094
49640 981138
60616 1197680
58035 1145905
49642 981180
60614 1197596
84143 1646701
49643 981223
60615 1197638
58036 1145949
49644 981279
60612 1197512
63099 1257012
58031 1145770
84145 1646756
49645 981318
60613 1197554
58030 1145722
49646 981363
60610 1197428
58033 1145857
84148 1646865
49648 981410
49649 981454
84150 1646920
49650 981507
60602 1197093
58043 1146168
59225 1168118
49659 981827
59214 1167744
49660 981873
59217 1167834
49663 981920
58059 1146732
49664 981964
58058 1146686
59211 1167598
84165 1647193
49665 982012
59212 1167646
49666 982055
59213 1167695
49667 982108
49668 982155
58064 1146950
49673 982247
58063 1146907
49674 982301
58062 1146866
49675 982345
58060 1146775
49677 982438
84180 1647358
49680 982527
49682 982580
49683 982630
84184 1647412
49684 982679
49685 982736
49686 982794
49688 982852
84189 1647467
49689 982896
84190 1647521
49690 982943
49696 982999
84005 1640506
49705 983110
84006 1640555
49706 983155
84007 1640610
49707 983198
84009 1640703
83660 1635665
49709 983240
84010 1640756
49710 983288
84011 1640802
49711 983334
49712 983384
84013 1640848
49713 983435
84015 1640943
49715 983487
84016 1640990
49716 983533
84017 1641037
49717 983579
89714 1715138
84018 1641084
49718 983628
49719 983673
84020 1641129
82516 1620952
49720 983722
84021 1641175
49721 983773
62776 1245658
84022 1641223
82514 1620855
49722 983821
62777 1245707
84023 1641267
82515 1620907
49723 983862
84024 1641315
82512 1620763
49724 983911
84025 1641356
82513 1620810
49725 983955
84026 1641403
82510 1620716
49726 984009
84027 1641454
49727 984063
84028 1641503
49728 984115
84029 1641549
49729 984162
62764 1245411
49730 984208
62767 1245559
97424 1865645
84033 1641692
82501 1620669
49733 984251
97423 1865601
84034 1641737
49734 984298
62761 1245264
84035 1641781
49735 984342
62762 1245313
84036 1641824
49736 984386
62763 1245362
97420 1865557
84037 1641867
49737 984433
84038 1641913
49738 984478
84039 1641957
49739 984524
88325 1699135
84040 1642002
49740 984570
84043 1642130
49743 984620
88321 1698994
84044 1642170
49744 984668
84045 1642216
49745 984711
61818 1222719
88323 1699039
84046 1642268
49746 984756
84047 1642313
49747 984805
61816 1222623
62480 1238952
49748 984854
61817 1222673
62481 1239000
84049 1642361
49749 984900
84056 1642686
49756 985133
61803 1222297
84059 1642811
49759 985237
84060 1642849
49760 985291
84061 1642896
83648 1635260
49761 985335
84062 1642938
49762 985387
84065 1643077
49765 985474
84066 1643126
49766 985523
49777 985851
84080 1643717
49780 985960
84081 1643760
49781 986006
84082 1643812
49782 986057
84083 1643860
49783 986111
84084 1643906
49784 986168
84085 1643958
49785 986216
84088 1644097
49788 986312
84091 1644241
49791 986360
84092 1644287
49792 986409
84093 1644333
49793 986454
84095 1644424
49795 986502
84096 1644477
83501 1632306
49796 986549
84097 1644526
49797 986602
49799 986645
49801 986694
49802 986747
49805 986796
49806 986842
49807 986886
49808 986932
49812 986979
49814 987025
49815 987073
49816 987121
49817 987163
49818 987210
49819 987253
49820 987299
49821 987344
49822 987391
49825 987433
49826 987482
49827 987524
49829 987570
49831 987613
49833 987658
49834 987709
49835 987760
49836 987802
49837 987852
49838 987897
49839 987946
49849 988234
49858 988474
49861 988523
49862 988573
49863 988617
49864 988663
49865 988704
49866 988757
49868 988805
49870 988847
49871 988893
49872 988939
49873 988982
49874 989032
49876 989078
49877 989127
49878 989172
49879 989219
85006 1656979
49891 989587
85005 1656933
49892 989630
85004 1656886
49893 989676
85003 1656839
49894 989723
85002 1656793
49895 989764
85001 1656747
49896 989807
49901 989853
89109 1707673
49905 989978
49910 990073
49911 990121
49912 990167
49913 990219
49916 990307
49917 990353
89114 1707900
85051 1658985
49918 990403
49920 990501
49921 990549
49922 990598
49925 990647
49929 990733
49930 990782
49931 990828
49934 990874
49935 990920
49938 990963
49942 991009
49945 991057
49946 991107
49947 991148
49948 991195
49950 991244
49952 991289
49953 991334
49955 991383
49958 991432
49959 991477
49960 991521
49961 991569
49962 991614
85048 1658892
49963 991657
49964 991706
49965 991749
49967 991795
85043 1658705
49968 991845
85042 1658658
49969 991892
49970 991940
49971 991983
50001 992032
52205 1028310
50002 992077
52206 1028353
50003 992118
52207 1028395
75439 1484944
50005 992158
52201 1028139
50006 992203
52202 1028189
50007 992245
52203 1028233
75434 1484722
50008 992287
75435 1484767
50009 992331
72199 1419421
50010 992373
52214 1028726
50011 992413
52215 1028773
50012 992452
52216 1028815
50013 992492
52217 1028859
75428 1484509
50014 992532
52210 1028534
50020 992572
50021 992610
50022 992651
50025 992735
52229 1029332
50026 992778
50027 992822
50031 992958
52235 1029509
50032 993000
52236 1029552
50033 993042
52237 1029596
50034 993088
50035 993137
52231 1029377
50036 993181
52232 1029420
50037 993222
52233 1029467
50038 993263
50039 993310
50040 993353
50041 993396
50042 993442
50043 993486
50044 993530
50046 993573
50047 993618
67701 1338467
50048 993663
50049 993705
50050 993749
50051 993793
50054 993876
50055 993919
50056 993962
50057 994002
50060 994135
50061 994178
50064 994322
50065 994363
50067 994454
50070 994583
50071 994626
50072 994666
50073 994711
50074 994753
50075 994799
50076 994846
50099 994935
50102 995017
52306 1030496
50103 995065
52307 1030546
50104 995115
50105 995158
52301 1030370
50106 995201
52302 1030411
50107 995246
50108 995297
50109 995346
50110 995390
50111 995432
50112 995473
50116 995573
50117 995615
50120 995746
52324 1031228
50122 995794
52326 1031309
50123 995838
52327 1031358
50124 995882
52320 1031052
50125 995924
52321 1031092
50126 995969
52322 1031133
50127 996016
52323 1031177
50128 996056
50129 996101
50130 996147
52334 1031625
50131 996192
52335 1031671
50132 996234
52336 1031720
50133 996279
52337 1031766
50134 996327
52330 1031492
50137 996457
52333 1031582
50139 996547
50143 996726
68504 1352326
50147 996908
67427 1331893
50160 997448
50161 997495
66282 1313416
67425 1331847
50162 997538
66283 1313466
50163 997586
67423 1331802
50164 997636
66285 1313516
67422 1331755
50165 997678
66286 1313560
50166 997723
67420 1331710
50167 997764
50168 997807
50169 997848
50170 997894
50171 997937
50173 997986
50174 998028
68440 1351091
50201 998070
50208 998209
50218 998557
50219 998604
50220 998646
50222 998688
50223 998730
50225 998777
50226 998827
50227 998871
50228 998917
50229 998965
50230 999006
50231 999052
50232 999098
50233 999142
50234 999187
50235 999232
50236 999275
64639 1284907
50237 999317
64638 1284862
50238 999360
64637 1284816
50239 999403
64636 1284772
50241 999505
72328 1421429
50243 999602
50244 999645
50247 999734
50248 999785
72322 1421178
50249 999831
50251 999923
50252 999964
50255 1000046
50256 1000092
50257 1000134
50258 1000176
50259 1000218
50262 1000308
50263 1000354
50265 1000440
72301 1420645
50266 1000490
75694 1490974
50268 1000540
50269 1000587
72338 1421819
50271 1000631
50272 1000678
50273 1000724
75688 1490750
50274 1000771
75689 1490799
50275 1000811
50276 1000851
50277 1000896
72331 1421570
75684 1490582
50278 1000938
50311 1001431
50312 1001475
50313 1001520
50314 1001565
50315 1001608
50316 1001653
50317 1001695
50318 1001740
50319 1001785
50323 1001962
50328 1002144
50329 1002189
50332 1002324
50336 1002504
50340 1002594
50360 1002684
50361 1002729
50362 1002774
50363 1002819
50364 1002864
50380 1003044
50381 1003089
50391 1003134
50392 1003179
50393 1003224
50394 1003269
50395 1003314
50396 1003359
50398 1003404
50401 1003448
50402 1003500
91615 1740002
50421 1003598
91610 1739780
50424 1003683
91612 1739891
50426 1003737
50427 1003784
50428 1003829
50440 1004292
50441 1004334
50446 1004425
50447 1004466
50450 1004598
50451 1004648
50456 1004881
50457 1004922
50460 1005065
50461 1005109
50466 1005246
50467 1005292
50468 1005344
50469 1005387
50470 1005437
50471 1005478
50472 1005517
50473 1005568
50475 1005617
77299 1525995
50476 1005665
50477 1005713
79714 1580489
77297 1525951
50478 1005764
50479 1005812
91748 1741801
50480 1005862
91749 1741859
50481 1005907
50482 1005956
50483 1006005
50484 1006049
62357 1235431
68975 1363834
50514 1006236
62356 1235386
68974 1363790
50515 1006281
68979 1364018
50518 1006418
62341 1234821
50520 1006505
62340 1234775
50521 1006552
62343 1234866
50522 1006598
50523 1006640
62345 1234954
50524 1006686
62344 1234905
50525 1006728
62346 1234999
50527 1006815
90505 1725315
50530 1006959
62376 1236043
90504 1725264
50531 1007002
62375 1235999
90507 1725417
50532 1007046
62374 1235951
90506 1725366
50533 1007092
50535 1007140
90503 1725213
50536 1007179
50538 1007229
50539 1007279
62361 1235601
50540 1007322
62360 1235559
68982 1364147
50541 1007368
62363 1235680
68981 1364102
50542 1007419
62362 1235640
68980 1364059
50543 1007465
62365 1235725
50544 1007509
50545 1007555
50551 1007695
50552 1007738
50554 1007783
50556 1007831
50557 1007876
50558 1007920
50559 1007968
50560 1008015
50561 1008061
50562 1008104
50563 1008151
50565 1008195
50566 1008245
50567 1008290
50568 1008329
50569 1008377
78015 1543350
76196 1502818
50570 1008419
78014 1543304
76197 1502866
50571 1008465
78016 1543392
76195 1502770
50573 1008512
78011 1543165
76192 1502674
50574 1008559
78010 1543118
76193 1502722
50575 1008610
50576 1008655
78012 1543212
76191 1502626
50577 1008705
50578 1008751
50579 1008795
50581 1008846
50582 1008892
50583 1008938
50585 1008980
50586 1009034
50588 1009078
50590 1009130
50591 1009177
50592 1009219
50593 1009270
68849 1360368
50594 1009317
68848 1360323
50595 1009362
50597 1009413
68845 1360185
50598 1009462
68844 1360141
50599 1009510
76137 1501793
82844 1623487
50601 1009556
76134 1501649
50602 1009599
76135 1501697
50603 1009642
76132 1501553
50604 1009692
66518 1315926
76133 1501601
82840 1623394
50605 1009737
76130 1501457
50606 1009780
76131 1501505
82842 1623444
50607 1009827
66515 1315798
50608 1009872
66524 1316155
76129 1501409
93667 1786246
50613 1010052
66521 1316020
93662 1786058
50616 1010156
76123 1501208
50619 1010204
93654 1785821
50620 1010252
50621 1010295
93656 1785866
50622 1010338
93657 1785912
50623 1010381
93650 1785641
50624 1010427
93651 1785684
50625 1010467
93652 1785729
50626 1010510
93653 1785777
50627 1010559
50628 1010602
50629 1010643
93644 1785369
50630 1010690
93645 1785415
50631 1010744
66509 1315623
93646 1785460
50632 1010790
66508 1315574
93647 1785509
50633 1010831
93640 1785175
50634 1010876
93641 1785220
50635 1010929
93642 1785267
50636 1010973
79114 1571749
66503 1315390
50638 1011016
66554 1317270
92108 1749373
50641 1011066
68803 1358811
91436 1738324
50642 1011113
50644 1011204
66550 1317181
50645 1011255
66552 1317225
50647 1011300
50649 1011391
92138 1750770
82834 1623115
50653 1011574
68836 1359828
82832 1623021
50655 1011670
50660 1011856
50661 1011905
76118 1500968
50662 1011961
77289 1525735
50664 1012006
77288 1525692
50665 1012048
50666 1012096
50667 1012143
76112 1500680
50668 1012191
76113 1500728
77284 1525606
50669 1012235
78067 1544923
76106 1500393
50670 1012280
78066 1544876
76107 1500440
50671 1012327
78065 1544831
76104 1500298
50672 1012373
78064 1544782
76105 1500346
50673 1012424
78063 1544734
76102 1500204
50674 1012466
78062 1544690
76103 1500251
50675 1012509
50676 1012549
78060 1544600
76101 1500156
50677 1012593
78039 1543921
68841 1360006
50680 1012636
68840 1359962
50681 1012682
68843 1360095
50682 1012728
50701 1012775
50702 1012824
50703 1012873
50704 1012922
50707 1012971
64128 1278274
50839 1013327
50847 1013640
50848 1013686
50851 1013776
50853 1013818
50854 1013860
50857 1013908
50858 1013950
50859 1013992
50860 1014036
50861 1014082
50862 1014130
50863 1014176
50864 1014222
50936 1014271
50940 1014316
78407 1553982
68136 1345636
50980 1014451
78406 1553931
68137 1345677
50981 1014496
51003 1014631
51004 1014672
64778 1288449
51006 1014762
64779 1288494
51007 1014808
64776 1288402
51008 1014854
51009 1014903
51010 1014948
51011 1014992
51012 1015038
51014 1015085
51015 1015132
51016 1015183
64762 1288001
51018 1015237
64763 1288045
51019 1015283
51020 1015329
51022 1015368
51023 1015413
51024 1015456
51025 1015499
51026 1015540
51027 1015586
51028 1015628
51029 1015675
51030 1015722
51033 1015813
64780 1288539
51036 1015953
64781 1288584
51037 1015996
51038 1016042
51039 1016088
51048 1016397
51049 1016443
51053 1016618
51058 1016805
51060 1016853
51101 1017029
51102 1017078
51103 1017126
51104 1017175
51105 1017224
51106 1017273
51108 1017322
51109 1017371
92554 1762575
51111 1017420
51231 1017554
51234 1017642
51235 1017684
74155 1460231
51237 1017722
74157 1460313
51238 1017763
74158 1460354
92427 1760906
51242 1017931
51245 1018061
51247 1018153
74127 1459412
51248 1018200
74128 1459453
51249 1018244
74129 1459494
51250 1018288
74130 1459535
51301 1018334
74021 1456189
51331 1018376
72615 1429660
74011 1455724
51333 1018428
72617 1429751
74013 1455820
51334 1018470
74014 1455868
51343 1018699
74063 1457798
81329 1612800
51355 1019016
74075 1458197
51357 1019063
74077 1458288
81324 1612563
79370 1575577
51358 1019103
74078 1458334
51360 1019150
75379 1482971
51363 1019201
74043 1457020
51364 1019249
74044 1457063
51365 1019295
74045 1457107
92251 1754414
51401 1019381
93409 1778456
92262 1754979
51432 1019510
92266 1755137
51436 1019598
93402 1778091
51439 1019641
51450 1020133
92201 1753020
51451 1020176
92202 1753066
51452 1020223
92203 1753112
51453 1020271
51454 1020318
51455 1020364
51502 1020872
51510 1020988
51520 1021043
51521 1021087
51523 1021136
51525 1021180
51526 1021230
51527 1021282
51530 1021419
51531 1021462
51532 1021505
51533 1021553
51534 1021596
51535 1021639
51543 1021918
52168 1027859
51545 1022005
51548 1022099
52163 1027671
93532 1781963
51549 1022154
52162 1027622
51551 1022254
93541 1782224
51558 1022575
51559 1022619
51560 1022668
51561 1022717
51562 1022769
51563 1022811
51564 1022856
51565 1022901
51566 1022948
51578 1023336
75780 1492500
51579 1023383
51591 1023430
66218 1312801
92864 1769653
51601 1023527
92866 1769741
51603 1023572
51638 1023838
51639 1023878
75765 1492138
51640 1023924
75760 1491954
51645 1023969
75763 1492044
51646 1024014
75762 1492003
51647 1024061
51649 1024151
52001 1024461
52002 1024505
52003 1024550
52038 1024957
52039 1025001
52048 1025414
52049 1025458
52050 1025506
52052 1025552
52053 1025599
52054 1025646
52056 1025692
52057 1025739
52068 1025980
75884 1494504
52069 1026024
52070 1026069
52071 1026113
52073 1026211
52074 1026257
52075 1026306
52077 1026409
52078 1026452
52079 1026500
93562 1783040
52132 1026638
93563 1783091
52133 1026685
52134 1026734
93519 1781527
52149 1027153
93505 1781128
52155 1027298
52159 1027483
93530 1781880
52160 1027526
93531 1781922
52161 1027575
93534 1782017
52164 1027715
93535 1782069
52165 1027761
52204 1028273
75431 1484595
52209 1028487
75429 1484552
52211 1028580
52212 1028628
52213 1028679
75421 1484240
52219 1028942
52222 1029077
52228 1029290
52245 1029880
52248 1030021
52249 1030063
52251 1030108
52252 1030149
54904 1078144
81507 1614600
52312 1030731
81503 1614400
52316 1030911
52325 1031267
52328 1031408
52329 1031449
75799 1493033
52341 1031936
52344 1032020
75790 1492816
52348 1032192
75495 1487129
52351 1032274
75497 1487223
52353 1032358
75491 1486952
52355 1032452
75492 1486999
52356 1032496
52405 1032916
52408 1033057
52409 1033104
52410 1033151
52411 1033198
52497 1033245
52498 1033292
52499 1033339
52501 1033386
52530 1033431
52531 1033475
52533 1033517
67659 1337882
52534 1033564
67658 1337836
92539 1762087
52535 1033607
52536 1033657
52537 1033705
52540 1033751
64723 1286841
52542 1033800
64722 1286799
52543 1033847
64725 1286939
52544 1033889
52548 1033940
64728 1287025
52549 1033988
52550 1034038
52551 1034080
52552 1034125
52553 1034172
52554 1034219
52555 1034262
52556 1034307
52557 1034356
64741 1287377
52560 1034405
64740 1287332
52561 1034447
64743 1287465
52562 1034492
64742 1287423
52563 1034539
64744 1287510
52565 1034583
64747 1287647
67629 1336817
52566 1034632
64746 1287605
67628 1336776
52567 1034679
67627 1336731
52568 1034730
64748 1287693
67626 1336683
52569 1034778
64733 1287109
52570 1034822
52571 1034868
52572 1034915
64730 1287067
52573 1034962
52574 1035016
64735 1287200
52576 1035062
64734 1287156
52577 1035104
52580 1035151
52583 1035244
52585 1035334
52586 1035379
52590 1035469
52591 1035512
52595 1035653
52620 1035796
52621 1035845
52623 1035900
52626 1036032
52627 1036082
52638 1036352
52639 1036403
52640 1036444
52641 1036492
52642 1036542
52644 1036582
52645 1036629
52646 1036675
53528 1050317
52647 1036720
53529 1050364
52648 1036760
53526 1050231
52649 1036805
53527 1050269
52650 1036846
52651 1036892
52652 1036941
53538 1050758
52653 1036986
52654 1037029
52655 1037072
52656 1037128
52658 1037215
53532 1050497
52659 1037254
53533 1050540
52660 1037298
52720 1037392
52721 1037440
52745 1038178
52754 1038583
52760 1038858
52761 1038904
52765 1038953
52766 1039000
52767 1039047
52768 1039098
52769 1039143
52771 1039191
52773 1039282
52774 1039325
52776 1039369
52777 1039421
52778 1039468
66110 1311536
52801 1039512
66113 1311687
52802 1039557
66112 1311638
52803 1039602
66115 1311739
52804 1039647
72601 1429486
52805 1039692
66117 1311789
72602 1429530
52806 1039736
52807 1039781
66119 1311891
52808 1039826
66118 1311840
74001 1455345
52809 1039870
53012 1040386
53015 1040529
53018 1040668
53019 1040714
53022 1040857
53027 1041051
53032 1041194
53037 1041422
53038 1041470
53040 1041565
72951 1437697
53042 1041614
72957 1437879
53044 1041658
72956 1437832
53045 1041704
53047 1041798
80927 1605087
77316 1526369
53048 1041841
53076 1042905
93755 1788061
53078 1042955
53079 1042998
53081 1043098
53088 1043346
53089 1043394
53091 1043489
53092 1043532
53093 1043576
53095 1043669
53097 1043719
53101 1043852
53104 1043990
53105 1044035
53108 1044081
53109 1044127
53115 1044262
53126 1044586
93924 1789601
53128 1044686
93925 1789654
53129 1044735
53138 1044933
54531 1068377
53139 1044983
54530 1068335
53140 1045030
53141 1045075
53142 1045120
53144 1045209
53147 1045302
53148 1045352
54527 1068246
53149 1045395
54526 1068201
53150 1045443
54519 1067987
53151 1045489
53152 1045538
53153 1045587
53156 1045687
53157 1045734
53168 1045929
72863 1435906
53170 1045972
53171 1046020
53172 1046064
53183 1046401
53188 1046631
53189 1046678
53192 1046825
53208 1047302
53214 1047595
55010 1081485
53215 1047644
55011 1081533
53220 1047888
55024 1081997
53221 1047937
55025 1082044
53224 1048084
55020 1081902
53233 1048329
53234 1048378
55038 1082492
53235 1048427
53237 1048480
53259 1048529
53263 1048578
53267 1048627
53278 1048773
53288 1048822
53401 1049017
53402 1049059
53403 1049101
53404 1049143
73601 1449985
53405 1049186
53406 1049229
53407 1049272
53408 1049315
53501 1049357
53504 1049479
53506 1049566
53507 1049606
53508 1049650
53511 1049742
53512 1049781
53515 1049822
53516 1049867
53517 1049921
53518 1049966
53520 1050012
53521 1050056
53522 1050100
53523 1050145
53525 1050189
53530 1050403
53531 1050453
53534 1050585
53535 1050628
53536 1050669
53537 1050714
53540 1050811
53553 1051350
53554 1051391
53555 1051436
53556 1051478
53557 1051526
53558 1051567
53570 1051961
53571 1052007
53572 1052055
53573 1052100
53577 1052274
53580 1052409
53583 1052546
53584 1052590
53585 1052640
53586 1052685
53587 1052735
53588 1052786
53589 1052833
53590 1052875
53593 1052921
53596 1053055
53597 1053101
53708 1053527
72682 1431668
93276 1776422
53711 1053569
72680 1431627
93274 1776335
53713 1053611
72687 1431860
53714 1053653
72686 1431810
93272 1776291
53715 1053695
72685 1431761
93271 1776241
53716 1053734
93270 1776193
53717 1053776
53718 1053817
53719 1053859
73529 1448102
53725 1053901
53726 1053943
72675 1431498
93201 1773729
53744 1053985
53778 1054110
72666 1431284
93212 1774146
53779 1054152
53789 1054446
53793 1054614
53807 1054964
53808 1055009
53809 1055056
53810 1055100
53811 1055146
53812 1055193
53813 1055235
53816 1055280
53901 1055694
53910 1055740
53911 1055781
53913 1055829
53916 1055871
53919 1055917
53920 1055966
53922 1056017
53923 1056060
53924 1056106
53925 1056154
53926 1056201
53927 1056248
70390 1377440
53928 1056292
53931 1056431
53932 1056482
53933 1056531
53936 1056669
53948 1057134
53952 1057319
53953 1057365
53954 1057415
53955 1057464
53956 1057511
53957 1057554
54004 1058195
54005 1058237
54101 1059222
54102 1059265
54114 1059698
54120 1059833
54121 1059877
54123 1059924
54126 1060068
54127 1060113
54165 1061320
54228 1062696
54229 1062744
73571 1449852
54240 1062985
66160 1311942
72657 1430985
93223 1774504
54301 1063231
80303 1593554
72654 1430887
93220 1774364
54302 1063275
80302 1593508
72655 1430937
93221 1774406
54303 1063320
93226 1774645
54304 1063365
80304 1593600
72653 1430837
93227 1774691
54305 1063410
93237 1774910
54311 1063590
75248 1480909
93235 1774865
54313 1063635
54401 1063769
54406 1063995
54410 1064183
54411 1064222
54412 1064267
54413 1064312
54414 1064354
54415 1064402
54416 1064444
54417 1064488
54420 1064577
54421 1064616
54422 1064657
54423 1064700
54424 1064744
54425 1064792
54427 1064882
54428 1064926
54439 1065329
54446 1065552
54448 1065636
54463 1066215
93950 1790172
54469 1066444
54480 1066856
61044 1204923
56118 1107338
56119 1107391
54481 1066905
54482 1066956
61046 1204968
54484 1067007
54485 1067055
61041 1204793
54490 1067282
61054 1205346
54491 1067327
54492 1067376
54493 1067427
61057 1205393
54494 1067470
61050 1205146
54495 1067521
61051 1205197
54498 1067572
56101 1106988
54499 1067614
54520 1068029
54521 1068073
54524 1068120
54532 1068424
54536 1068520
54537 1068564
54538 1068604
54554 1069160
74602 1466525
54558 1069335
54559 1069384
54562 1069511
54564 1069598
54565 1069642
54566 1069682
80473 1596201
72928 1436815
54612 1070008
54613 1070057
54614 1070100
80479 1596492
74726 1467602
54618 1070248
80478 1596446
72923 1436682
74727 1467646
54619 1070297
93706 1786741
54620 1070341
93707 1786785
54621 1070386
93704 1786653
54622 1070432
93705 1786697
54623 1070478
93702 1786567
54624 1070526
93703 1786609
54625 1070570
54626 1070617
93701 1786523
54627 1070663
54628 1070712
54629 1070761
72946 1437464
93712 1787005
54630 1070812
72947 1437515
54631 1070864
72944 1437372
93710 1786917
54632 1070913
93716 1787137
54634 1070955
72943 1437328
93717 1787181
54635 1071001
72940 1437232
93714 1787049
54636 1071045
72941 1437282
93715 1787093
54637 1071091
54650 1071633
54651 1071681
54652 1071725
54653 1071771
54654 1071819
54655 1071863
54656 1071916
54657 1071958
54658 1072004
54659 1072049
54662 1072188
54666 1072321
54670 1072456
54726 1072925
54727 1072968
54728 1073012
54729 1073054
54734 1073279
54740 1073539
54750 1073961
54751 1074009
54758 1074238
54759 1074285
73842 1454124
54773 1074920
72030 1413821
54801 1075023
72037 1414143
54806 1075112
54810 1075157
54817 1075380
54818 1075428
54819 1075470
54820 1075510
54821 1075553
54822 1075597
54824 1075640
54828 1075776
54829 1075820
54830 1075867
54832 1075911
54834 1075958
54835 1076004
54836 1076048
54837 1076093
54838 1076136
54839 1076180
54840 1076229
72070 1415424
54841 1076277
72073 1415511
54842 1076320
72072 1415467
54843 1076366
72075 1415602
54844 1076410
72074 1415557
54845 1076457
54846 1076501
72076 1415651
54847 1076550
72078 1415700
54849 1076642
72007 1412888
54850 1076694
72004 1412750
54853 1076741
72003 1412706
54854 1076780
72002 1412659
54855 1076822
72001 1412619
54856 1076865
75266 1481466
54858 1076952
75267 1481509
54859 1076995
72013 1413061
54862 1077084
72015 1413159
54864 1077127
72014 1413111
54865 1077171
72016 1413202
54867 1077217
72023 1413508
54870 1077308
72021 1413421
54872 1077402
72027 1413679
54874 1077495
70759 1387831
72025 1413595
54876 1077594
70639 1384632
75232 1480312
54888 1077687
70638 1384587
75233 1480355
54889 1077731
75226 1480055
54890 1077779
75227 1480098
54891 1077824
75225 1480012
54893 1077871
75220 1479797
54896 1077962
54909 1078237
54921 1078568
54922 1078614
54923 1078664
72101 1416301
54930 1078907
54931 1078952
72103 1416390
54932 1078995
72102 1416348
54933 1079045
72105 1416485
54934 1079092
72104 1416437
54935 1079138
72107 1416584
54936 1079191
72106 1416536
54937 1079243
72113 1416812
54940 1079295
72112 1416767
54941 1079340
72111 1416717
54942 1079391
72110 1416671
54943 1079441
72117 1417023
54944 1079487
72116 1416968
54945 1079538
72115 1416913
54946 1079580
72114 1416858
54947 1079622
54948 1079668
54949 1079714
72121 1417234
54950 1079758
72123 1417319
54952 1079802
72137 1417954
54960 1079941
72136 1417911
54961 1079989
72133 1417780
54964 1080129
54968 1080321
54969 1080371
72141 1418092
54970 1080416
72140 1418040
54971 1080465
72145 1418224
54974 1080512
54976 1080563
54977 1080611
72149 1418266
54978 1080659
54979 1080703
72153 1418400
54980 1080751
72152 1418352
54981 1080797
54982 1080842
72150 1418308
54983 1080888
72157 1418495
54984 1080933
72156 1418447
54985 1080981
54986 1081030
54990 1081080
73838 1453990
55030 1082229
55032 1082316
73848 1454245
55040 1082537
55041 1082580
55042 1082627
55044 1082726
55045 1082772
55047 1082862
73859 1454554
55051 1082968
55052 1083010
55053 1083055
55054 1083099
55055 1083150
55056 1083198
55057 1083248
55060 1083293
55066 1083427
55071 1083660
55092 1084519
55102 1084611
55103 1084658
55104 1084705
55105 1084751
55106 1084798
55107 1084845
55119 1085409
55120 1085456
55128 1085833
55133 1085980
55150 1086168
55155 1086212
74468 1464239
55164 1086259
55301 1086588
55304 1086723
55305 1086766
55307 1086859
55311 1087048
55312 1087098
55313 1087143
55314 1087187
55315 1087238
55316 1087281
55317 1087326
55318 1087373
55319 1087416
60108 1186347
55320 1087466
60109 1186396
55321 1087513
55322 1087556
55323 1087600
94558 1803037
55324 1087649
57058 1129681
94559 1803077
55325 1087692
57059 1129723
55327 1087735
55328 1087780
57054 1129552
60101 1186032
94555 1802895
55329 1087823
57055 1129593
60118 1186757
55330 1087870
60119 1186798
55331 1087919
55332 1087967
55333 1088013
55334 1088060
55336 1088147
55337 1088190
95611 1828884
55358 1089127
60171 1188794
95610 1828828
55359 1089174
95609 1828776
55362 1089321
95608 1828724
55363 1089368
55378 1090034
55379 1090076
55387 1090447
55388 1090490
55389 1090536
55390 1090580
55391 1090624
55398 1090854
95728 1833489
55401 1090903
55402 1090953
55405 1091103
55406 1091153
55407 1091203
95717 1833199
55410 1091353
55411 1091403
95715 1833149
55412 1091453
95714 1833101
55413 1091502
55416 1091651
55417 1091701
55418 1091751
55419 1091801
55420 1091851
55421 1091901
55422 1091948
55423 1091998
55424 1092048
55425 1092098
55426 1092148
55427 1092197
55428 1092241
55429 1092291
55431 1092391
55439 1092779
55440 1092829
55445 1093076
55448 1093224
55449 1093271
55450 1093318
55454 1093368
55455 1093418
55458 1093468
55459 1093516
55474 1093804
70548 1382134
55480 1093948
55483 1093996
55486 1094140
70540 1381843
55488 1094236
70520 1381043
55554 1094434
55568 1094528
55569 1094578
70504 1380272
55570 1094622
70505 1380321
55571 1094672
70506 1380370
55572 1094722
70507 1380419
55573 1094769
55574 1094821
70501 1380125
55575 1094871
70502 1380174
55576 1094921
70503 1380223
55577 1094971
55578 1095021
55579 1095071
70577 1382986
55583 1095121
55594 1095263
70569 1382746
55595 1095313
55596 1095359
55597 1095405
55598 1095451
55602 1095587
55604 1095676
55605 1095723
55704 1096209
55705 1096249
55706 1096295
55707 1096341
55712 1096566
55713 1096605
55717 1096693
55720 1096831
55721 1096876
55722 1096921
55724 1097010
55725 1097056
55731 1097201
55790 1099185
55791 1099230
55795 1099364
55796 1099411
55797 1099457
98027 1876606
55802 1099594
98026 1876559
55803 1099640
98021 1876333
55804 1099686
98020 1876285
55805 1099732
55811 1099960
98019 1876244
55812 1100006
55814 1100052
55815 1100098
55902 1100237
55903 1100284
55904 1100331
55905 1100378
55906 1100425
55909 1100472
55910 1100513
55917 1100598
55920 1100746
55921 1100789
55922 1100836
55923 1100880
55924 1100928
55925 1100973
55926 1101015
55927 1101056
55929 1101104
55931 1101147
55932 1101191
55933 1101234
55934 1101276
55935 1101319
55936 1101366
55939 1101414
55959 1102210
61754 1221261
55960 1102261
61756 1221352
55962 1102353
55963 1102400
61750 1221086
55964 1102448
61751 1221128
55965 1102495
61753 1221215
55967 1102540
55968 1102579
55969 1102630
61744 1220864
55970 1102679
61745 1220907
55971 1102725
55972 1102772
61747 1220952
55973 1102822
61740 1220672
55974 1102865
61741 1220719
55975 1102915
61742 1220767
55976 1102966
61743 1220815
55977 1103016
55979 1103057
70040 1370393
55988 1103321
56001 1103507
56002 1103554
56003 1103602
56007 1103648
56009 1103697
56010 1103741
56011 1103787
56013 1103835
56014 1103885
56016 1103933
56017 1103983
56019 1104031
56022 1104166
56023 1104210
56026 1104354
56027 1104400
94287 1799151
56032 1104622
57787 1144557
94286 1799099
56033 1104669
94283 1798943
56036 1104811
57783 1144465
94282 1798891
56037 1104859
57782 1144414
56042 1104998
56043 1105043
56044 1105089
56045 1105135
56047 1105224
56054 1105457
56056 1105558
56058 1105653
56060 1105700
87049 1683015
56065 1105847
87045 1682823
56069 1105950
89315 1711093
56078 1106231
56080 1106281
56081 1106333
56082 1106383
56083 1106433
56084 1106478
56085 1106521
56087 1106567
56088 1106614
56089 1106655
56090 1106704
56091 1106758
56093 1106802
56096 1106845
56097 1106894
56120 1107436
56121 1107486
56122 1107529
56123 1107574
56125 1107617
61065 1205710
56131 1107798
56132 1107840
61060 1205479
56134 1107881
56138 1108019
56140 1108106
56141 1108150
56142 1108191
56143 1108236
56144 1108281
56145 1108326
56146 1108374
56147 1108418
56149 1108460
56150 1108508
56151 1108555
56152 1108603
56153 1108650
56155 1108692
56156 1108736
56157 1108778
56162 1108998
56164 1109041
56165 1109090
56167 1109178
56168 1109224
56169 1109268
56173 1109446
56178 1109618
56180 1109661
56183 1109755
89048 1706561
56185 1109805
56201 1109946
56207 1109993
71327 1400547
58788 1162169
56208 1110038
71328 1400597
58787 1162123
59432 1171854
56209 1110082
71329 1400642
59433 1171900
56210 1110129
71330 1400688
56211 1110174
71331 1400730
56212 1110222
56214 1110276
71334 1400823
56215 1110321
56216 1110363
71336 1400871
56218 1110411
56219 1110459
71339 1400916
59427 1171763
56220 1110511
56221 1110562
71301 1399877
56222 1110606
71302 1399925
56223 1110655
71303 1399973
56224 1110711
56225 1110757
56226 1110804
71306 1400021
56227 1110848
71307 1400069
56228 1110895
56229 1110937
71309 1400117
56230 1110982
56231 1111027
56232 1111070
56235 1111120
71315 1400165
56236 1111166
71316 1400213
56237 1111211
56239 1111260
56240 1111300
71360 1401724
56241 1111350
71361 1401771
56243 1111409
71363 1401870
56251 1111645
71371 1402166
56255 1111790
71375 1402257
56256 1111833
56257 1111884
71377 1402304
56258 1111936
71378 1402354
56260 1111979
71340 1400963
56262 1112025
71342 1401062
56263 1112068
71343 1401105
56264 1112112
56265 1112155
71345 1401155
56267 1112248
56270 1112292
71350 1401290
56271 1112337
71351 1401337
56274 1112429
71354 1401436
56277 1112519
71357 1401582
56280 1112660
56281 1112712
56283 1112808
56284 1112859
56285 1112906
56287 1112957
56288 1113003
56289 1113049
56291 1113096
56293 1113181
56294 1113226
56295 1113268
56296 1113312
56297 1113358
56308 1113651
71268 1398991
56312 1113823
71272 1399127
56314 1113914
95116 1813448
56320 1114180
71240 1398121
95117 1813499
56321 1114227
71241 1398176
95115 1813397
56323 1114277
71243 1398271
95112 1813296
56324 1114317
95113 1813346
56325 1114364
71245 1398324
56330 1114588
71250 1398459
95103 1812990
56331 1114637
71251 1398504
56332 1114683
95101 1812939
56333 1114729
71253 1398551
56335 1114815
56336 1114862
71256 1398661
56343 1115138
71223 1397567
56344 1115186
56349 1115330
57720 1142687
71229 1397758
85929 1674589
56356 1115596
85928 1674548
56357 1115644
71237 1398032
98258 1883267
56362 1115880
71202 1396870
98259 1883320
56363 1115929
71203 1396922
56364 1115975
56367 1116019
71207 1396973
56372 1116197
71212 1397181
56373 1116246
71213 1397233
56374 1116293
56375 1116343
98248 1882833
56376 1116394
98249 1882880
56377 1116444
71217 1397285
56381 1116585
56384 1116676
56385 1116721
56386 1116763
56387 1116810
56388 1116858
56389 1116907
56398 1117148
56399 1117197
56401 1117246
71961 1412034
61375 1212367
56440 1117689
71920 1410957
95497 1825904
56441 1117732
71921 1410998
98439 1889798
95494 1825854
56442 1117778
57269 1133402
71922 1411039
98438 1889750
56443 1117827
57268 1133359
71923 1411081
61859 1224220
95492 1825759
56444 1117873
95490 1825711
56446 1117921
56447 1117965
61855 1224038
98433 1889706
56448 1118010
57263 1133173
56449 1118060
57262 1133127
71929 1411127
61854 1223993
95480 1825374
56452 1118159
71932 1411175
56458 1118338
94710 1806675
56459 1118386
56464 1118482
56475 1118943
56481 1119074
56519 1119621
71839 1409549
98571 1893176
56528 1119986
98570 1893132
56529 1120031
98503 1890747
56538 1120352
89405 1711458
56548 1120742
89404 1711413
56549 1120785
89439 1712876
56552 1120918
89438 1712831
56553 1120962
56554 1121003
56601 1122632
56619 1122677
56621 1122723
56623 1122769
56626 1122825
56627 1122864
56628 1122914
56629 1122958
56630 1123009
56631 1123057
56633 1123102
56636 1123197
56637 1123244
56639 1123288
56646 1123422
56649 1123505
56650 1123564
56651 1123611
56652 1123652
56653 1123700
56654 1123752
56655 1123799
56657 1123843
56658 1123887
56659 1123935
56660 1123974
56661 1124022
56662 1124071
56663 1124112
56666 1124161
56667 1124206
56668 1124252
56669 1124299
56670 1124351
56671 1124395
56672 1124441
56673 1124481
56676 1124527
73901 1454636
56678 1124574
56679 1124618
56680 1124684
56683 1124820
56710 1125152
56714 1125302
56715 1125345
56716 1125390
56724 1125614
56732 1125934
56736 1126122
56737 1126163
87364 1687154
56748 1126449
61204 1207633
56750 1126495
56751 1126548
56754 1126591
61201 1207580
56755 1126645
56756 1126696
56757 1126738
56758 1126784
56759 1126834
56760 1126881
56761 1126926
56762 1126971
56763 1127016
56901 1127060
56920 1127182
56933 1127243
56944 1127304
56972 1127365
58484 1155488
61242 1208252
94501 1800381
57001 1127426
61240 1208158
94503 1800473
57003 1127516
57004 1127562
94505 1800524
57005 1127607
94506 1800581
57006 1127653
61244 1208351
94507 1800633
57007 1127702
94510 1800775
57010 1127751
61273 1209197
94512 1800877
57012 1127793
61275 1209278
94514 1800981
57014 1127883
61274 1209238
94515 1801030
57015 1127931
61277 1209377
94516 1801075
57016 1127977
61276 1209330
94517 1801124
57017 1128019
61279 1209482
94518 1801173
57018 1128061
94528 1801685
57028 1128420
61266 1209055
94529 1801735
57029 1128465
57032 1128607
61299 1209770
94538 1802124
57038 1128876
61282 1209577
94541 1802262
57041 1129014
60104 1186166
94550 1802700
57050 1129377
60105 1186209
94551 1802746
57051 1129417
60106 1186256
94552 1802792
57052 1129463
60107 1186303
94553 1802844
57053 1129510
60103 1186123
94557 1802991
57057 1129639
60134 1187366
94568 1803503
57068 1130082
60135 1187405
94569 1803548
57069 1130136
60129 1187131
94575 1803841
57075 1130352
60124 1186998
94578 1803986
57078 1130484
85214 1662103
63434 1263518
95668 1831355
57107 1130783
95659 1830915
57110 1130936
57117 1130987
95651 1830587
57118 1131038
95726 1833435
57193 1131140
94701 1806260
87316 1686530
57201 1131293
94712 1806722
57212 1131341
98443 1889844
95488 1825662
57213 1131390
98444 1889888
57214 1131433
98446 1889976
57216 1131479
94720 1806769
57220 1131653
61462 1214696
98471 1890293
57221 1131697
61460 1214652
57223 1131740
61465 1214741
57226 1131876
57227 1131922
61453 1214427
57232 1132013
61455 1214520
98464 1890108
57234 1132101
61454 1214475
98465 1890152
57235 1132147
98466 1890196
57236 1132195
62469 1238539
98411 1889129
57241 1132367
98412 1889173
57242 1132409
61839 1223288
98413 1889217
57243 1132451
98415 1889261
57245 1132496
98416 1889305
57246 1132545
98417 1889349
57247 1132587
61832 1223148
62460 1238117
98418 1889393
57248 1132635
61833 1223195
62461 1238174
98419 1889437
57249 1132683
62479 1238908
98401 1888733
57251 1132735
61824 1222912
98402 1888777
88339 1699388
57252 1132775
98405 1888909
57255 1132818
61820 1222766
98406 1888953
57256 1132868
61821 1222814
98407 1888997
57257 1132912
98408 1889041
57258 1132956
62471 1238581
98409 1889085
57259 1132999
61856 1224081
98430 1889613
57260 1133042
61857 1224127
98431 1889662
57261 1133087
61852 1223898
57264 1133224
61853 1223946
57265 1133269
61850 1223801
57266 1133315
62458 1238021
57270 1133449
62459 1238069
98421 1889481
57271 1133494
61848 1223710
98422 1889525
57272 1133536
61849 1223756
57273 1133583
98424 1889569
57274 1133622
57276 1133663
61842 1223424
62450 1237835
57278 1133707
61843 1223473
62451 1237879
57279 1133754
60075 1185019
94601 1804921
57301 1133797
94611 1805383
57311 1133843
94612 1805429
57312 1133890
94613 1805475
57313 1133934
60068 1184699
94614 1805521
57314 1133977
60069 1184744
94615 1805567
57315 1134022
94617 1805613
57317 1134066
60065 1184612
94619 1805705
57319 1134112
94622 1805844
57322 1134202
94623 1805889
57323 1134247
94624 1805935
57324 1134291
57325 1134333
57326 1134380
62558 1240929
57330 1134519
57331 1134564
57332 1134611
57334 1134653
57335 1134696
61301 1209823
57340 1134833
57341 1134876
95469 1825079
57342 1134925
57344 1134973
57345 1135019
57346 1135062
62520 1239438
95463 1824796
57348 1135103
62521 1239483
95462 1824749
94649 1805981
57349 1135149
62530 1239739
57358 1135422
62531 1239786
95410 1822669
94659 1806027
57359 1135464
60095 1185804
94661 1806119
57361 1135509
60096 1185847
94662 1806165
57362 1135556
60097 1185897
57363 1135597
60090 1185633
57364 1135647
60091 1185675
57365 1135696
60084 1185362
57370 1135932
60085 1185405
57371 1135975
57374 1136070
60081 1185229
57375 1136114
60082 1185279
57376 1136159
61342 1211243
86033 1676277
57383 1136398
86029 1676083
57399 1136576
94102 1792807
57402 1136662
94120 1794038
57420 1136705
94121 1794115
57421 1136751
94126 1794500
57426 1136880
94127 1794577
57427 1136923
94128 1794654
88525 1701668
57428 1136963
94132 1794937
88519 1701453
84649 1652758
57432 1137096
94133 1795014
88518 1701410
84648 1652717
57433 1137141
94134 1795091
57434 1137185
57435 1137226
95121 1813703
57448 1137663
95120 1813652
57449 1137706
57450 1137750
94151 1795937
57451 1137792
95159 1815229
57452 1137837
57454 1137879
57455 1137926
57479 1138712
57534 1139237
63855 1271698
95209 1816297
94062 1792063
57562 1139950
95208 1816247
94063 1792115
57563 1139993
57576 1140440
57579 1140528
57620 1140756
57621 1140800
57625 1140942
57630 1141032
57631 1141078
57634 1141214
57636 1141259
61007 1203676
57648 1141684
61006 1203636
57649 1141730
57650 1141781
57651 1141825
57652 1141868
57656 1141913
57657 1141961
57658 1142009
57659 1142054
57660 1142098
57661 1142143
57701 1142190
57716 1142491
57717 1142539
57718 1142589
57722 1142732
57724 1142781
57725 1142830
94232 1797227
57732 1142922
94235 1797331
57735 1142970
94237 1797435
57737 1143019
94244 1797591
85938 1675008
57744 1143155
94245 1797643
85939 1675059
57745 1143199
57792 1144739
85194 1661484
60649 1198935
58008 1145191
58009 1145236
84124 1645877
60636 1198433
58011 1145282
58018 1145549
60628 1198139
58029 1145683
84147 1646811
60611 1197470
58032 1145813
63090 1256916
58038 1145991
59231 1168253
60609 1197386
58048 1146340
60608 1197344
58049 1146380
59226 1168162
58051 1146424
59218 1167879
58052 1146466
58053 1146508
58054 1146557
58056 1146599
58057 1146643
58065 1146989
58069 1147124
58071 1147168
58074 1147261
58075 1147308
58081 1147537
98645 1895996
58102 1147584
98644 1895950
58103 1147624
98643 1895902
58104 1147664
98642 1895855
58105 1147704
58121 1147904
60440 1192036
95901 1836461
58201 1148104
60443 1192168
58202 1148156
60442 1192124
70339 1376093
95903 1836507
58203 1148209
60445 1192253
58204 1148262
60444 1192211
58205 1148319
60447 1192342
58206 1148375
60446 1192297
58207 1148428
60473 1193491
95910 1836552
58210 1148534
60471 1193402
95912 1836599
58212 1148575
60477 1193676
95914 1836688
58214 1148617
95920 1836960
58220 1148800
95922 1837007
58222 1148846
95923 1837055
58223 1148891
95924 1837103
58224 1148935
95925 1837150
58225 1148978
95927 1837237
58227 1149023
95928 1837279
58228 1149067
95929 1837321
58229 1149115
61616 1218619
95930 1837363
58230 1149159
58231 1149202
61615 1218577
58233 1149247
61613 1218491
95935 1837509
58235 1149295
60459 1192863
61610 1218348
95936 1837552
58236 1149342
60458 1192821
61611 1218398
95937 1837600
58237 1149388
60481 1193865
63134 1258851
95940 1837731
58240 1149522
60480 1193816
63135 1258901
95941 1837780
58241 1149564
60482 1193910
61625 1218669
63137 1259001
95943 1837875
58243 1149608
63130 1258647
95944 1837917
58244 1149650
95950 1838209
58250 1149745
95951 1838253
58251 1149786
95954 1838349
58254 1149836
95955 1838391
58255 1149880
95962 1838722
58262 1150195
95967 1838903
58267 1150333
63115 1257855
95969 1838992
58269 1150384
95970 1839037
58270 1150432
95971 1839084
58271 1150478
95972 1839128
58272 1150522
95973 1839172
58273 1150567
63108 1257457
95974 1839214
58274 1150608
63109 1257515
95975 1839258
58275 1150653
60491 1194091
95976 1839311
94979 1809757
58276 1150703
60490 1194046
95977 1839353
94978 1809713
58277 1150753
63104 1257232
95978 1839402
94977 1809668
58278 1150796
95981 1839544
58281 1150846
95982 1839595
58282 1150890
62932 1251288
95813 1834388
58313 1151071
95816 1834544
58316 1151114
95817 1834596
58317 1151160
62962 1252480
97625 1870215
95821 1834804
58321 1151253
62960 1252388
97627 1870309
95823 1834908
86438 1679586
58323 1151297
62967 1252713
97620 1869997
95824 1834960
58324 1151341
62966 1252664
97621 1870037
95825 1835012
58325 1151383
62964 1252579
97623 1870122
95827 1835116
58327 1151433
95829 1835220
86432 1679306
58329 1151474
62953 1252067
95832 1835375
58332 1151608
95841 1835789
58341 1151788
58344 1151871
58345 1151913
58346 1151956
58348 1151998
62970 1252814
95851 1835943
58351 1152042
62973 1252948
95852 1835995
58352 1152090
62972 1252905
95853 1836047
58353 1152135
62974 1252991
58355 1152177
62977 1253130
58356 1152222
58372 1152708
58374 1152752
58377 1152795
58380 1152886
58381 1152928
58382 1152971
58384 1153015
58385 1153067
58386 1153111
62840 1247517
58401 1153152
62844 1247713
58405 1153245
58413 1153293
58415 1153338
58418 1153426
58420 1153468
96764 1848964
95383 1821881
58458 1154679
62866 1248583
58467 1154948
62851 1247939
58472 1154992
62855 1248112
58476 1155127
62854 1248068
58477 1155173
58480 1155306
58481 1155350
58482 1155399
58483 1155442
58492 1155704
58494 1155750
58495 1155794
58496 1155839
58497 1155887
58502 1155983
58503 1156031
58520 1156270
58521 1156314
58524 1156405
58538 1156769
58552 1157088
58554 1157132
58565 1157495
58566 1157542
58577 1157961
58580 1158051
58581 1158092
58601 1158138
58602 1158184
58625 1158410
59482 1173535
58630 1158547
58631 1158593
58632 1158641
58638 1158787
58639 1158831
98305 1885064
58640 1158877
98304 1885019
58641 1158921
58642 1158963
58643 1159006
58644 1159049
58645 1159092
98303 1884966
58646 1159138
58647 1159182
58649 1159234
58650 1159277
58651 1159324
58652 1159367
58653 1159413
58656 1159566
58703 1159691
58707 1159822
58710 1159863
58712 1159957
58718 1160094
58721 1160138
58722 1160183
58723 1160229
58725 1160272
58727 1160314
58730 1160358
58731 1160401
70429 1378228
58733 1160447
58760 1161214
58761 1161262
58762 1161308
58763 1161356
58765 1161405
58770 1161541
98388 1888276
58771 1161589
58772 1161635
58773 1161677
58775 1161725
58776 1161769
98381 1887945
58778 1161814
98380 1887900
58779 1161856
58781 1161897
59434 1171941
58782 1161939
58783 1161986
59436 1172041
58784 1162033
58785 1162081
59430 1171810
71326 1400500
58789 1162214
95301 1818466
58801 1162497
83239 1627112
58802 1162545
95333 1819771
58833 1162688
95335 1819865
58835 1162733
62833 1247218
95347 1820335
58847 1162969
58849 1163014
90305 1724094
59001 1163245
90306 1724146
59002 1163296
90307 1724198
59003 1163344
59004 1163390
90302 1723938
59006 1163436
90303 1723990
59007 1163489
59013 1163722
68738 1356618
90311 1724406
59015 1163809
90312 1724458
59016 1163861
68735 1356535
59018 1163906
68734 1356495
59019 1163952
59026 1164193
59027 1164236
59029 1164330
59034 1164570
59035 1164616
59038 1164765
59041 1164857
59043 1164901
59044 1164949
59046 1164997
59047 1165048
59053 1165195
59054 1165245
59055 1165296
59057 1165346
59058 1165392
59059 1165437
59061 1165491
86444 1679887
59062 1165535
86445 1679933
59063 1165584
86442 1679782
59064 1165635
86443 1679832
59065 1165692
62918 1250731
86440 1679680
59066 1165732
62919 1250783
86441 1679731
59067 1165777
62916 1250630
59068 1165826
59070 1165925
59071 1165970
62908 1250357
59072 1166013
62909 1250402
59073 1166063
59074 1166113
59075 1166165
59076 1166217
59077 1166264
62902 1250135
97641 1870810
59078 1166316
59081 1166415
59082 1166462
59083 1166508
59084 1166554
59085 1166601
59086 1166649
59087 1166692
59088 1166740
59089 1166789
63140 1259160
94933 1808192
59101 1166834
63143 1259262
71438 1403713
94930 1808104
59102 1166885
71439 1403759
94931 1808148
59103 1166936
63145 1259364
59104 1166987
63144 1259313
94937 1808242
59105 1167038
60568 1196787
63147 1259466
59106 1167088
63146 1259415
59107 1167139
60566 1196693
71432 1403531
59108 1167190
59201 1167547
59215 1167790
59219 1167930
59221 1167976
63091 1256965
59230 1168208
59242 1168394
59243 1168443
59247 1168535
98953 1900845
59248 1168588
63031 1254862
59250 1168632
63033 1254962
59252 1168676
63032 1254912
59253 1168723
59254 1168770
63034 1255012
59255 1168818
63037 1255119
59256 1168864
63036 1255062
59257 1168911
63039 1255211
59258 1168958
63038 1255164
59259 1169005
59260 1169048
59262 1169138
59263 1169184
59270 1169228
59273 1169273
59274 1169319
59275 1169359
59276 1169405
59301 1169453
63336 1261205
59311 1169501
63333 1261106
59314 1169631
63332 1261055
59315 1169681
59316 1169727
59322 1169912
59323 1169959
59324 1170006
59326 1170050
59327 1170095
59330 1170141
59332 1170187
59333 1170232
59336 1170279
59337 1170322
59338 1170368
59339 1170412
59341 1170457
85122 1660571
63302 1260843
59343 1170501
59344 1170549
63304 1260957
59345 1170593
59347 1170648
59349 1170693
98846 1898650
59351 1170736
98844 1898555
59353 1170781
98843 1898510
59354 1170825
98320 1885344
59402 1170920
98321 1885392
59403 1170972
98326 1885624
59404 1171022
98327 1885674
59405 1171072
98324 1885527
59406 1171121
98336 1886039
59410 1171169
98337 1886082
59411 1171223
95038 1811400
59412 1171266
98332 1885897
59414 1171309
59420 1171534
59421 1171579
59422 1171625
59424 1171668
59425 1171718
59435 1171996
98363 1887185
96941 1852834
59441 1172135
98361 1887091
96943 1852906
59443 1172235
98364 1887236
59446 1172326
63625 1266896
59453 1172617
59866 1180496
63620 1266667
98378 1887856
59456 1172710
59863 1180364
63654 1267773
95008 1810237
59462 1172890
63655 1267822
95009 1810288
59463 1172942
59464 1172987
63653 1267722
59465 1173030
63650 1267628
59466 1173076
63651 1267670
59467 1173118
59474 1173349
98315 1885297
59477 1173392
59479 1173436
59489 1173806
96820 1851265
59520 1173892
96821 1851312
59521 1173941
96822 1851360
59522 1173986
96823 1851408
59523 1174032
96824 1851456
59524 1174077
96825 1851504
59525 1174122
96826 1851552
59526 1174166
59527 1174210
96838 1851789
59538 1174558
96840 1851883
59540 1174603
59542 1174645
96844 1852026
59544 1174689
59545 1174739
96846 1852074
59546 1174785
96847 1852122
59547 1174831
59620 1175033
59623 1175086
59624 1175139
59625 1175192
59626 1175245
59631 1175298
59638 1175616
59639 1175671
59640 1175725
59641 1175782
59642 1175834
59701 1176144
59707 1176285
59710 1176332
59713 1176426
59718 1176655
59720 1176748
59721 1176793
59722 1176842
59724 1176890
59725 1176935
59727 1176983
59728 1177029
59729 1177075
59730 1177118
59731 1177173
59732 1177219
59733 1177265
59735 1177311
59736 1177358
59739 1177407
59741 1177502
59743 1177550
59747 1177693
59748 1177736
59749 1177784
59755 1178026
59758 1178132
65807 1307395
59759 1178188
65806 1307347
59760 1178238
59771 1178390
59801 1178484
59804 1178628
96507 1846416
59807 1178723
59808 1178771
59812 1178819
59820 1178866
59821 1178913
59823 1178952
65778 1306518
59824 1178998
59825 1179040
59827 1179133
59830 1179266
59831 1179314
59832 1179358
59833 1179405
59834 1179451
59835 1179501
59837 1179550
98357 1886909
59840 1179593
98356 1886866
59841 1179640
98355 1886822
59842 1179688
98354 1886778
59843 1179733
98353 1886730
59844 1179778
98352 1886686
59845 1179822
98351 1886638
59846 1179872
98350 1886592
59847 1179916
59848 1179960
59851 1180006
65768 1306111
59853 1180054
59854 1180098
59855 1180142
59856 1180182
59858 1180228
65761 1305853
59859 1180278
65760 1305809
98373 1887626
59868 1180592
59872 1180736
59874 1180836
59875 1180886
85720 1672537
63940 1273141
59901 1180931
59913 1181221
59917 1181392
59920 1181534
59923 1181680
60001 1182322
60002 1182365
60004 1182407
60005 1182458
60006 1182510
60007 1182562
60008 1182614
60009 1182663
60010 1182715
60011 1182760
60012 1182805
60013 1182855
60015 1182947
60018 1183082
60020 1183174
60021 1183217
60025 1183312
60026 1183355
60037 1183658
60038 1183706
60039 1183748
60050 1184200
60051 1184245
60056 1184379
60060 1184428
60061 1184472
60062 1184519
60064 1184564
60067 1184656
60070 1184791
60071 1184842
60072 1184886
60073 1184932
60076 1185061
60077 1185102
60078 1185143
60083 1185320
60094 1185761
60102 1186076
60112 1186531
60113 1186574
60116 1186659
60117 1186708
60120 1186839
60121 1186879
60126 1187038
60130 1187174
60131 1187220
60133 1187317
60137 1187490
60151 1188063
60173 1188884
60176 1189024
60177 1189072
60180 1189213
60181 1189256
60184 1189342
60185 1189384
60186 1189433
60187 1189481
60195 1189847
60202 1190078
60204 1190164
60301 1190293
60302 1190336
60303 1190379
60412 1191006
60421 1191276
60441 1192082
60450 1192467
60451 1192510
60453 1192599
60454 1192642
60455 1192685
60468 1193276
60469 1193318
60470 1193358
60476 1193633
60484 1193950
63131 1258698
60487 1194000
63132 1258749
60499 1194136
63102 1257116
60510 1194476
60511 1194518
63158 1259807
60512 1194561
60513 1194606
60514 1194651
60515 1194703
60516 1194753
60517 1194803
60518 1194849
63151 1259582
60520 1194938
60521 1194983
89835 1715974
60522 1195028
89834 1715929
60523 1195073
89831 1715791
60526 1195163
89830 1715747
60527 1195211
63180 1260438
60530 1195259
60531 1195296
60536 1195422
60537 1195469
60558 1196371
60560 1196466
71434 1403621
60561 1196513
71435 1403668
60563 1196556
60565 1196646
71431 1403486
60567 1196740
71433 1403576
60572 1196828
71426 1403256
60586 1196916
63011 1254055
60598 1196961
63065 1256136
60599 1197004
84141 1646646
60617 1197722
60618 1197763
60619 1197805
60624 1198013
60629 1198181
60638 1198516
60639 1198558
60651 1198976
60652 1199018
60653 1199060
60654 1199102
60655 1199144
84108 1644995
60656 1199186
84109 1645050
60657 1199228
84107 1644940
60659 1199270
60660 1199312
60661 1199354
60664 1199395
60666 1199437
60668 1199477
60669 1199519
60670 1199561
60673 1199603
60674 1199645
60675 1199687
60677 1199729
60678 1199771
60680 1199813
60681 1199855
60682 1199897
60684 1199937
60685 1199979
60687 1200063
60688 1200105
60689 1200147
60690 1200189
60691 1200231
60695 1200355
60696 1200397
60697 1200439
60699 1200481
60701 1200523
61368 1212053
71973 1412484
60706 1200565
71972 1412438
60707 1200615
60910 1200967
60911 1201016
60912 1201061
60914 1201158
60917 1201253
60920 1201389
61949 1226160
71754 1408323
60921 1201436
60922 1201487
88230 1697787
71753 1408276
60926 1201584
88231 1697830
71752 1408231
60927 1201634
60929 1201731
61940 1225944
60930 1201778
71722 1407477
60931 1201825
88221 1697744
71720 1407390
60933 1201920
60934 1201962
61568 1217819
98558 1892595
71726 1407611
60935 1202011
61569 1217865
71725 1407566
60936 1202055
60938 1202101
61564 1217680
60944 1202336
60951 1202608
60953 1202697
60954 1202743
71747 1408013
60958 1202919
61953 1226249
60959 1202975
60963 1203154
60964 1203203
60968 1203346
60969 1203393
60974 1203537
61010 1203767
61011 1203807
61012 1203852
61013 1203894
61014 1203945
61015 1203991
61016 1204031
61018 1204084
61019 1204131
61020 1204177
61021 1204226
61024 1204265
61025 1204311
61027 1204364
61028 1204410
61030 1204460
61031 1204504
61032 1204551
61047 1205012
61052 1205248
61053 1205295
61059 1205434
61061 1205531
61064 1205672
61067 1205758
61068 1205805
61070 1205847
61071 1205897
61072 1205947
61073 1205994
61074 1206040
61075 1206085
61077 1206137
61078 1206182
61079 1206226
61091 1206614
61115 1207280
85233 1662379
61125 1207334
61126 1207382
61130 1207430
61131 1207480
61132 1207530
61230 1207685
61231 1207731
61232 1207773
61233 1207824
61234 1207867
61235 1207909
61236 1207953
61237 1208002
61239 1208104
61243 1208301
61251 1208447
61252 1208493
61254 1208539
61256 1208582
61257 1208631
61258 1208682
61259 1208725
61260 1208780
61261 1208820
61262 1208866
61263 1208913
61264 1208961
61265 1209008
61270 1209103
61278 1209429
61310 1209870
62517 1239306
61311 1209909
61312 1209956
62515 1239260
61313 1210002
62514 1239219
61314 1210053
62513 1239173
61315 1210093
62512 1239131
61316 1210136
61317 1210186
62510 1239081
61318 1210229
61319 1210269
61320 1210316
61321 1210360
61322 1210403
61323 1210445
61324 1210486
61325 1210526
61326 1210576
61327 1210621
61328 1210666
61329 1210710
61334 1210936
61338 1211110
62533 1239873
61350 1211513
61369 1212097
86021 1675774
71966 1412218
61372 1212232
86025 1675975
71962 1412079
61376 1212411
61377 1212454
61378 1212499
61379 1212546
61414 1212848
61433 1213668
61436 1213794
61442 1214067
61877 1224827
62425 1236830
61443 1214114
61876 1224782
62424 1236781
61448 1214202
61474 1215151
61475 1215201
61490 1215782
61501 1215869
61516 1215913
61517 1215958
61519 1216003
61533 1216497
61540 1216782
61541 1216826
61545 1217011
61546 1217058
61547 1217099
61548 1217144
61553 1217280
71731 1407746
61558 1217411
61560 1217502
98556 1892495
71728 1407659
61567 1217777
71759 1408415
61570 1217909
71758 1408368
61571 1217955
61944 1226119
61572 1218004
61612 1218448
61614 1218534
61629 1218712
61630 1218754
63126 1258444
71459 1404465
61633 1218797
63125 1258393
61636 1218933
63120 1258131
61637 1218976
63121 1258189
61701 1219489
70075 1371892
61702 1219537
70076 1371940
61704 1219585
70070 1371689
61705 1219633
70071 1371737
61709 1219678
61725 1219998
70051 1370772
61728 1220130
61729 1220171
61738 1220579
70044 1370558
61739 1220624
61748 1220999
61749 1221042
61752 1221172
61769 1221616
61770 1221665
61771 1221709
61772 1221753
61773 1221797
61774 1221838
61775 1221883
61776 1221929
61777 1221973
61801 1222205
61802 1222251
61810 1222343
61811 1222391
61812 1222435
61813 1222484
61814 1222526
61815 1222574
61822 1222863
61825 1222961
61826 1223010
62478 1238860
61830 1223059
62462 1238221
61831 1223100
62463 1238263
61834 1223240
62466 1238398
61840 1223331
62452 1237927
61841 1223375
61844 1223518
61845 1223565
61846 1223613
62454 1237975
61847 1223663
61851 1223850
61858 1224173
61862 1224265
62434 1237156
61863 1224312
62435 1237199
61864 1224359
62432 1237062
61865 1224404
62433 1237106
61866 1224450
61910 1225105
61911 1225148
61912 1225192
61913 1225235
61914 1225279
61917 1225325
61924 1225456
61925 1225500
61931 1225683
61936 1225809
61937 1225853
61943 1226076
71745 1407968
61951 1226202
61955 1226294
88203 1697528
71742 1407837
61956 1226339
89599 1714568
88202 1697483
71743 1407881
61957 1226388
62001 1226432
62002 1226478
62006 1226521
62009 1226568
62012 1226703
62013 1226748
62014 1226794
62015 1226844
62016 1226891
62017 1226938
62022 1227126
62023 1227166
62024 1227215
62025 1227262
62026 1227311
62032 1227535
62033 1227584
62034 1227632
62035 1227681
62036 1227724
62037 1227774
62045 1227915
62046 1227960
62047 1228003
62060 1228514
62061 1228559
62065 1228693
62067 1228738
62070 1228830
62071 1228874
62074 1228934
62075 1228983
62080 1229215
62081 1229259
62082 1229306
62084 1229400
62087 1229536
62089 1229633
62090 1229687
62091 1229731
62092 1229781
62093 1229828
62094 1229878
62095 1229923
62201 1230059
62202 1230115
62204 1230227
63539 1265573
62205 1230282
63538 1265532
62206 1230338
62207 1230394
62220 1230783
62221 1230833
62222 1230883
62225 1230981
62226 1231040
62230 1231090
62231 1231134
62232 1231179
62233 1231229
62234 1231275
62236 1231325
62237 1231370
62238 1231421
62240 1231507
62247 1231842
62248 1231890
62249 1231933
62250 1231979
62253 1232066
62256 1232207
62258 1232300
62259 1232349
62268 1232731
62269 1232778
62271 1232826
62272 1232875
62273 1232918
62277 1233054
62278 1233110
63567 1266566
62280 1233200
62281 1233247
62282 1233296
62284 1233348
62285 1233392
62286 1233440
62288 1233485
62289 1233535
62292 1233586
62293 1233631
62294 1233676
62295 1233718
62297 1233763
62298 1233807
62306 1233936
68920 1361758
62313 1234063
62319 1234189
62323 1234326
68941 1362586
62329 1234510
62330 1234554
62334 1234602
62336 1234647
62338 1234691
62339 1234733
62351 1235170
68973 1363746
62358 1235474
62359 1235517
62370 1235864
62373 1235907
62378 1236083
62379 1236129
62413 1236363
62431 1237018
62436 1237250
62438 1237297
62439 1237342
62440 1237394
62441 1237434
62442 1237477
62443 1237525
62444 1237570
62464 1238309
62465 1238352
62467 1238443
62468 1238492
62473 1238627
62474 1238673
62475 1238718
62476 1238766
62477 1238814
62518 1239352
62519 1239394
62522 1239526
62523 1239569
62524 1239612
62525 1239654
62526 1239696
62532 1239834
62534 1239925
62535 1239969
62536 1240012
62537 1240058
62550 1240620
62555 1240792
62561 1241022
62570 1241265
62571 1241309
62601 1241450
62613 1241623
76528 1509583
62618 1241750
76523 1509364
62622 1241837
62639 1242430
69335 1368215
62640 1242475
62642 1242520
62643 1242566
62650 1242695
68047 1343386
62651 1242743
68046 1343341
62656 1242837
68041 1343165
62660 1242936
62661 1242983
62663 1243072
62666 1243210
62668 1243301
62670 1243349
76547 1510165
62685 1243867
62691 1244047
62692 1244090
62693 1244133
62706 1244522
62707 1244572
62708 1244622
62711 1244672
62736 1245066
62739 1245115
62756 1245165
62757 1245214
62765 1245460
62766 1245510
62769 1245608
62818 1246590
62841 1247573
62846 1247758
62850 1247892
62852 1247981
62853 1248027
62901 1250089
62906 1250276
62907 1250316
62910 1250445
62912 1250491
62914 1250537
62915 1250582
62920 1250832
62921 1250874
62922 1250919
62923 1250973
62924 1251017
62926 1251062
62927 1251105
62928 1251149
62933 1251334
62934 1251380
62935 1251427
62942 1251651
62943 1251700
62952 1252022
62955 1252156
62957 1252250
62961 1252435
62963 1252531
62965 1252623
62969 1252762
62971 1252859
62975 1253041
62979 1253174
62982 1253220
68715 1355708
62985 1253361
62987 1253406
68710 1355542
62992 1253542
63010 1254010
63017 1254340
63019 1254392
63024 1254629
63025 1254676
63026 1254722
63028 1254768
63030 1254814
63040 1255260
63041 1255305
63042 1255353
63043 1255402
63044 1255458
63045 1255507
63050 1255706
63056 1255948
63057 1255993
63060 1256040
63061 1256087
63070 1256327
63071 1256373
63072 1256422
63074 1256524
63077 1256573
63088 1256815
63089 1256866
63101 1257058
63103 1257174
63105 1257290
63106 1257341
63107 1257399
63110 1257573
63111 1257631
63114 1257804
63116 1257913
63117 1257971
63118 1258022
63124 1258342
63127 1258495
71458 1404410
89883 1716015
63133 1258800
63138 1259052
63139 1259103
63141 1259211
63155 1259633
63160 1259865
63163 1259923
63166 1260039
63167 1260097
63178 1260322
71425 1403206
63179 1260380
71424 1403163
89825 1715616
63195 1260612
63197 1260670
63199 1260728
85121 1660526
63301 1260786
85123 1660618
63303 1260900
63341 1261350
63342 1261402
63343 1261444
63344 1261488
63345 1261528
63346 1261572
63347 1261625
63348 1261667
63349 1261720
63350 1261768
63351 1261818
85172 1661301
63352 1261868
85173 1661346
63353 1261914
63357 1261958
63359 1262007
85141 1661070
63361 1262058
85142 1661114
63362 1262114
85143 1661165
63363 1262164
85145 1661215
63365 1262217
63366 1262270
85147 1661257
63367 1262322
63368 1262382
63369 1262434
63370 1262482
63373 1262525
63376 1262586
63377 1262642
63378 1262684
63379 1262728
63388 1263155
63389 1263206
63401 1263300
85268 1663566
63448 1264078
99791 1922402
85251 1662761
63471 1264962
85252 1662811
63472 1265005
85253 1662861
63473 1265048
63501 1265140
63532 1265269
63537 1265492
99714 1918517
63548 1265930
63549 1265978
63551 1266022
99709 1918273
63555 1266107
63556 1266153
63557 1266197
99705 1918028
63559 1266288
63560 1266332
63563 1266427
63565 1266473
63601 1266614
63630 1267146
63631 1267192
63632 1267242
63633 1267285
63636 1267335
63637 1267377
63638 1267427
63640 1267475
63645 1267528
63648 1267579
63664 1268055
63701 1268393
63702 1268452
63703 1268511
63730 1268570
63732 1268616
63735 1268661
63736 1268709
63737 1268751
63738 1268794
63739 1268842
63740 1268899
63742 1268942
63743 1268985
63744 1269035
63745 1269085
63746 1269139
63747 1269181
63750 1269277
63751 1269321
63752 1269370
63755 1269426
85540 1668666
63760 1269519
63769 1269756
85550 1669055
63770 1269810
85551 1669100
63771 1269866
85554 1669238
63774 1269905
63775 1269948
63776 1269994
63779 1270038
85606 1669454
63826 1270755
85617 1669929
63837 1271100
63841 1271237
63846 1271336
63847 1271380
63852 1271607
85640 1671002
63860 1271793
85754 1673833
63934 1272878
85755 1673875
63935 1272918
65680 1303293
63938 1273052
65681 1303341
63939 1273093
85730 1672871
63950 1273404
85731 1672911
63951 1273443
85732 1672953
63952 1273486
85733 1672995
63953 1273533
85736 1673120
63956 1273662
85737 1673162
63957 1273707
85707 1671999
63967 1274014
64002 1274107
64011 1274156
65258 1295053
64012 1274206
64013 1274247
64014 1274296
64015 1274346
64016 1274395
64017 1274440
64020 1274577
64021 1274626
64022 1274672
64024 1274717
64028 1274769
64029 1274812
64030 1274862
64034 1274909
64035 1274956
64036 1274996
64037 1275039
64048 1275135
77051 1520493
64055 1275420
64058 1275570
64070 1276072
64071 1276119
64072 1276166
64073 1276214
64076 1276348
64077 1276394
64083 1276669
96142 1845466
64086 1276795
64088 1276843
64089 1276887
96154 1845879
64090 1276932
96156 1845992
64092 1276976
96157 1846049
64093 1277020
96152 1845823
64096 1277069
64097 1277116
64098 1277166
64101 1277209
64102 1277258
64106 1277356
64112 1277601
64113 1277650
64114 1277699
64118 1277839
64119 1277885
64121 1277980
64123 1278029
64127 1278225
74502 1464573
64129 1278323
64133 1278519
64136 1278615
92052 1747375
74535 1465072
64138 1278713
74534 1465027
64139 1278762
64145 1278905
74569 1466109
64146 1278954
64147 1279003
74567 1466064
64148 1279052
74953 1472104
64149 1279101
64151 1279196
64153 1279292
74948 1471972
64156 1279433
74949 1472017
64157 1279479
74946 1471882
64158 1279525
64161 1279570
64162 1279615
64163 1279661
64164 1279709
64165 1279757
64166 1279803
64167 1279849
64168 1279893
64170 1279941
64171 1279990
64179 1280039
64184 1280137
64187 1280186
64190 1280284
64191 1280332
64195 1280381
65202 1293797
64196 1280429
65201 1293753
74901 1471205
64197 1280478
64198 1280527
64199 1280576
64428 1281027
64429 1281083
64430 1281128
64432 1281222
64433 1281265
64434 1281313
64436 1281370
64437 1281412
64440 1281544
64445 1281770
64448 1281858
64449 1281904
64451 1281949
64453 1281995
64455 1282080
64456 1282124
64457 1282170
64458 1282216
64459 1282263
64461 1282306
64463 1282351
64465 1282397
64466 1282442
64469 1282583
64470 1282629
64471 1282674
64476 1282851
64477 1282898
91769 1742695
64480 1282993
91768 1742646
64481 1283033
64482 1283080
64483 1283128
64486 1283267
64487 1283311
64489 1283357
64490 1283403
91756 1742120
64491 1283453
91755 1742066
64492 1283498
91754 1742010
64493 1283543
64494 1283587
64496 1283634
91750 1741909
64497 1283678
64504 1283964
64506 1284066
64508 1284166
64601 1284217
64620 1284269
64622 1284314
64623 1284358
64624 1284404
64625 1284450
64628 1284501
64630 1284546
64631 1284588
64632 1284630
64633 1284678
64635 1284726
64640 1284951
64641 1284997
64642 1285037
64643 1285084
64644 1285126
64645 1285173
64646 1285218
64647 1285266
64648 1285311
64649 1285356
64650 1285401
64651 1285448
64652 1285489
67859 1340651
64653 1285532
64654 1285574
64655 1285624
64656 1285668
64657 1285715
64658 1285759
67853 1340470
64659 1285803
64660 1285847
64661 1285892
64664 1285935
64670 1286079
64671 1286128
64672 1286171
64673 1286219
64674 1286265
64676 1286304
64679 1286352
64680 1286397
64681 1286439
64682 1286483
64683 1286525
64686 1286569
64688 1286615
64689 1286664
64701 1286709
64720 1286757
64724 1286886
64726 1286979
64738 1287242
64739 1287288
64745 1287563
64750 1287741
64752 1287784
67638 1337080
64755 1287822
64756 1287865
64759 1287915
64761 1287957
64765 1288095
64766 1288136
64767 1288180
64769 1288221
64770 1288268
64771 1288312
64772 1288359
64788 1288721
64801 1288804
64802 1288847
64803 1288890
64804 1288933
64830 1288976
64831 1289016
64834 1289149
64835 1289198
64840 1289291
64841 1289334
64842 1289377
64843 1289422
64844 1289468
64847 1289511
64848 1289556
64849 1289603
64850 1289648
64853 1289691
64854 1289736
64855 1289779
64856 1289823
64857 1289869
64858 1289913
64859 1289955
64865 1290191
64867 1290281
64868 1290324
64873 1290417
64874 1290463
64999 1290506
67464 1333166
76880 1516607
65018 1290863
65020 1290912
65023 1290958
65024 1291003
65025 1291046
65026 1291095
65032 1291137
65034 1291178
65035 1291223
65036 1291267
65037 1291316
65038 1291365
65039 1291408
65040 1291453
65041 1291494
65042 1291541
65043 1291590
65046 1291641
65047 1291689
65048 1291732
65051 1291870
65054 1291998
65055 1292045
65058 1292091
65059 1292129
65063 1292274
65064 1292324
65066 1292413
65068 1292510
65069 1292559
65072 1292609
65074 1292657
65075 1292704
65076 1292756
65077 1292803
65083 1293081
65103 1293312
65110 1293655
65111 1293704
74902 1471250
65203 1293840
65205 1293884
92081 1748479
74931 1471340
65212 1293972
92086 1748713
74936 1471473
65215 1294016
92085 1748670
74935 1471426
65216 1294060
65217 1294104
65218 1294148
65236 1294378
65237 1294426
65259 1295098
65263 1295297
65264 1295341
65265 1295390
65299 1296076
65301 1296124
65302 1296168
65320 1296273
65321 1296320
65322 1296366
65323 1296413
65324 1296456
65325 1296507
65326 1296553
65327 1296597
65329 1296641
65330 1296686
65332 1296730
65333 1296777
65334 1296823
65335 1296871
65336 1296913
65337 1296962
65338 1297007
65339 1297051
65340 1297098
65344 1297143
65345 1297185
65347 1297226
65348 1297269
65349 1297316
65350 1297359
65351 1297402
65354 1297451
65355 1297496
65360 1297539
65401 1297582
65402 1297624
91987 1745795
65409 1297666
65436 1297708
90805 1729016
65438 1297751
68667 1355364
65440 1297839
68666 1355319
65441 1297878
68664 1355231
65443 1297923
68663 1355182
65444 1297969
68661 1355096
65446 1298012
65449 1298062
68653 1354825
76823 1514906
65452 1298109
76827 1515035
65456 1298195
90822 1729491
65457 1298243
68658 1354958
76828 1515082
65459 1298293
68642 1354468
76832 1515170
65461 1298336
68647 1354599
76837 1515305
65464 1298473
68631 1354035
76841 1515346
65470 1298605
76930 1517411
65501 1298876
65532 1298959
65534 1299005
65535 1299049
65536 1299095
65541 1299138
65542 1299178
65543 1299221
65546 1299268
65548 1299312
76903 1517107
65550 1299362
77968 1541648
76901 1517006
65552 1299406
76906 1517256
65555 1299447
65560 1299628
65564 1299667
65565 1299707
65566 1299756
65567 1299799
65570 1299845
65571 1299888
65580 1299936
65582 1299977
65583 1300020
65584 1300069
65586 1300118
76943 1517879
65590 1300247
65591 1300293
65601 1300337
65603 1300379
65604 1300420
65605 1300465
65606 1300509
65607 1300551
65608 1300602
65609 1300643
65611 1300738
65614 1300871
65616 1300961
65617 1301003
65618 1301046
65619 1301087
65620 1301133
65622 1301178
65623 1301222
65624 1301268
65625 1301313
65626 1301358
65627 1301404
65629 1301449
65630 1301496
65631 1301549
65632 1301595
65633 1301639
65634 1301680
65635 1301731
65637 1301820
65640 1301902
65641 1301945
65648 1302159
65649 1302206
65650 1302250
65652 1302295
65653 1302341
65654 1302383
65655 1302431
65656 1302478
65657 1302520
65658 1302568
65660 1302609
65661 1302651
65662 1302696
65663 1302744
65664 1302786
65666 1302833
91729 1740927
65667 1302880
65668 1302926
65669 1302973
65682 1303382
65685 1303424
65702 1303700
65704 1303743
65705 1303789
65706 1303839
65707 1303886
65708 1303931
65710 1303973
65711 1304019
65712 1304070
65713 1304121
65714 1304166
65715 1304210
65717 1304251
65724 1304487
65728 1304670
65729 1304719
65730 1304762
65731 1304807
65732 1304852
65733 1304896
65734 1304938
65735 1304979
65737 1305023
65738 1305071
65739 1305113
65740 1305158
65741 1305208
65744 1305302
65745 1305344
65746 1305388
65747 1305433
65752 1305479
65753 1305530
65756 1305668
65757 1305718
65759 1305764
65762 1305897
65764 1305943
65765 1305985
65766 1306029
65767 1306069
65769 1306156
65775 1306429
65779 1306561
65790 1306966
65791 1307014
65793 1307057
65802 1307156
80222 1591392
66002 1307875
80226 1591569
66006 1307922
80227 1591616
66007 1307972
80228 1591660
66008 1308020
80230 1591749
66010 1308066
80232 1591837
66012 1308111
80233 1591884
66013 1308165
80234 1591927
66014 1308208
80235 1591970
66015 1308253
80238 1592102
66018 1308389
79990 1586271
66020 1308434
80201 1590511
66021 1308482
80203 1590599
66023 1308528
80204 1590643
66024 1308576
80205 1590686
79995 1586314
66025 1308621
80206 1590729
79996 1586357
66026 1308664
80207 1590773
79997 1586400
66027 1308707
80210 1590905
79980 1586228
66030 1308765
80211 1590948
66031 1308810
80212 1590992
66032 1308859
66033 1308905
80215 1591083
66035 1308951
80216 1591130
66036 1308998
80219 1591262
66039 1309043
66048 1309453
66049 1309506
66050 1309552
80271 1593067
66051 1309599
66052 1309642
80273 1593111
66053 1309691
66056 1309784
66060 1309875
80241 1592190
66061 1309926
66062 1309970
80243 1592234
66063 1310014
80244 1592278
66064 1310057
80246 1592322
66066 1310102
80247 1592366
66067 1310151
80250 1592498
66070 1310196
80251 1592542
66071 1310243
80252 1592586
66072 1310283
66073 1310324
66075 1310369
80256 1592630
66076 1310414
66078 1310459
75504 1487354
80259 1592718
66079 1310507
75505 1487399
79930 1584866
66080 1310553
77464 1531747
66083 1310600
77467 1531886
79935 1585047
78569 1557018
66085 1310649
77461 1531652
79936 1585093
66086 1310695
76649 1512454
79937 1585139
66087 1310747
76648 1512415
77463 1531701
79938 1585182
78564 1556788
66088 1310790
79920 1584461
66090 1310841
66091 1310887
79922 1584507
66092 1310931
79923 1584553
66093 1310980
79924 1584596
66094 1311029
77478 1532356
79925 1584642
66095 1311079
77479 1532405
79927 1584731
66097 1311130
66102 1311231
72639 1430440
66106 1311434
74039 1456890
66111 1311587
74008 1455641
66201 1311993
66202 1312038
66203 1312083
66204 1312128
66205 1312179
66206 1312224
66207 1312269
66208 1312320
66214 1312616
66220 1312890
68583 1353452
66224 1313080
66225 1313131
66226 1313181
66227 1313226
66276 1313364
80621 1599276
66401 1313605
68362 1348955
80622 1599322
66402 1313649
68361 1348910
80623 1599365
66403 1313693
68360 1348866
80624 1599409
66404 1313738
68367 1349131
66406 1313786
68365 1349041
66407 1313832
68364 1348997
66408 1313881
66409 1313921
80632 1599488
66412 1314016
80633 1599531
66413 1314061
68352 1348592
80634 1599574
66414 1314105
68355 1348687
66415 1314151
68354 1348640
66416 1314197
68357 1348738
66417 1314246
80639 1599660
66419 1314333
68358 1348779
66420 1314377
68347 1348371
80602 1598933
66422 1314420
68345 1348286
80603 1598978
66423 1314469
68344 1348245
76268 1504796
66424 1314517
68343 1348198
66425 1314559
68342 1348152
66426 1314602
68341 1348108
80611 1599063
66431 1314792
68330 1347659
80612 1599109
66432 1314841
68333 1347796
80614 1599149
66434 1314895
68335 1347838
66436 1314939
68337 1347927
66438 1314983
68339 1348020
66439 1315026
67230 1329838
68338 1347974
66440 1315068
66441 1315110
66442 1315159
66449 1315205
76206 1503225
66451 1315253
79116 1571794
66501 1315295
66502 1315345
66505 1315435
79111 1571703
66506 1315480
79110 1571656
66507 1315524
66512 1315710
66516 1315840
66528 1316291
66536 1316565
66538 1316661
66539 1316704
66540 1316753
68814 1358986
66541 1316798
68815 1359029
66542 1316848
68816 1359073
66543 1316894
68817 1359117
66546 1316984
68812 1358897
66547 1317030
68813 1358942
66548 1317077
66603 1317357
66607 1317533
74117 1459207
66608 1317577
74116 1459167
66609 1317621
74169 1460436
66610 1317665
66611 1317709
66616 1317885
66624 1318193
66629 1318323
75089 1475835
66636 1318366
66667 1318453
66683 1318541
75023 1473358
80121 1589214
66701 1318627
66720 1318995
80104 1588544
66724 1319038
80105 1588594
66725 1319085
80108 1588733
66728 1319132
80112 1588930
66732 1319180
80113 1588979
66733 1319223
66734 1319264
80118 1589118
66738 1319405
66739 1319449
80160 1590218
66740 1319494
80161 1590267
66741 1319540
80162 1590316
66742 1319585
80163 1590365
66743 1319624
80166 1590462
66746 1319669
66748 1319714
67361 1331308
76385 1506363
66749 1319757
67360 1331263
76384 1506318
66751 1319794
66753 1319837
66754 1319883
75048 1474327
66755 1319929
75049 1474370
66756 1319970
66757 1320017
66758 1320062
75044 1474151
66759 1320112
75045 1474195
66760 1320158
66761 1320202
66762 1320245
66763 1320293
66767 1320341
66769 1320384
80150 1590071
66770 1320430
80151 1590120
66771 1320476
66772 1320522
66773 1320567
80155 1590169
66775 1320613
66776 1320655
66777 1320698
66778 1320743
66779 1320788
78710 1562123
66780 1320835
78711 1562165
66781 1320880
78712 1562208
66782 1320923
78713 1562251
66783 1320974
66801 1321024
78240 1549254
66830 1321066
78243 1549395
66833 1321107
78244 1549442
66834 1321146
78245 1549489
66835 1321194
78248 1549630
66838 1321237
78249 1549677
66839 1321281
78230 1548775
66840 1321328
78235 1549018
66845 1321460
78236 1549065
66846 1321512
78222 1548401
66852 1321693
78223 1548447
66853 1321737
78224 1548494
66854 1321785
78225 1548541
66855 1321828
78226 1548588
66856 1321874
78227 1548634
66857 1321915
78229 1548728
66859 1322007
78210 1547837
66860 1322056
78211 1547884
66861 1322103
78212 1547931
66862 1322146
78213 1547978
66863 1322196
78214 1548025
66864 1322240
78215 1548072
66865 1322288
78202 1547465
66872 1322549
78203 1547512
66873 1322595
66930 1322683
66932 1322728
66933 1322769
66935 1322816
66936 1322864
66937 1322909
66938 1322957
67564 1335742
66939 1322997
67565 1335785
66940 1323043
66941 1323086
66942 1323128
66943 1323172
66944 1323222
66945 1323268
66946 1323316
66948 1323365
66949 1323410
66951 1323453
66952 1323499
66953 1323541
66955 1323586
66956 1323634
66958 1323678
66959 1323730
66960 1323775
66961 1323819
66962 1323864
66963 1323911
66964 1323955
66966 1324002
66967 1324048
66968 1324096
66970 1324147
67018 1324727
67019 1324774
67020 1324816
69141 1366222
67021 1324860
69140 1366178
67022 1324901
69143 1366311
67023 1324946
69142 1366267
67024 1324992
69145 1366402
67025 1325043
69144 1366357
67026 1325088
69147 1366492
67028 1325137
69149 1366581
67029 1325178
69148 1366538
67036 1325371
67037 1325416
67049 1325731
69168 1367305
67053 1325921
69150 1366629
67055 1326011
69156 1366895
67057 1326104
69154 1366808
67066 1326457
67067 1326497
67068 1326541
67073 1326716
78871 1566084
67101 1326800
74186 1460639
78872 1566132
67102 1326844
74187 1460679
78873 1566177
67103 1326891
67104 1326936
67105 1326987
74182 1460599
67106 1327029
78877 1566217
67107 1327072
67108 1327121
78879 1566264
67109 1327170
78860 1565951
67110 1327217
78861 1565999
67111 1327260
67112 1327305
67114 1327352
74193 1460759
67117 1327395
67118 1327444
78850 1565763
67120 1327532
78852 1565852
67122 1327575
78853 1565902
67123 1327623
67124 1327666
67127 1327705
78841 1565567
67131 1327754
75006 1472732
78842 1565615
67132 1327795
78843 1565662
67133 1327838
67134 1327884
67135 1327926
75002 1472690
78847 1565715
67137 1327971
67138 1328016
78830 1565141
67140 1328059
78832 1565187
67142 1328105
75057 1474709
78833 1565238
67143 1328148
75056 1474663
78834 1565283
67144 1328193
75051 1474464
78836 1565335
67146 1328237
75053 1474564
78837 1565379
67147 1328279
75052 1474514
78839 1565471
67149 1328331
67150 1328375
67151 1328419
67152 1328462
75069 1475113
67154 1328508
67155 1328555
67156 1328601
78829 1565094
67159 1328644
75062 1474886
78616 1558912
67201 1328687
78615 1558863
67202 1328733
78614 1558820
67203 1328779
78611 1558677
67206 1328917
78610 1558638
67207 1328963
67210 1329100
68879 1361491
67211 1329146
68878 1361450
67212 1329192
67213 1329238
67216 1329374
67217 1329420
67228 1329792
68863 1360900
67232 1329884
67235 1329930
67260 1329975
67275 1330021
76251 1504228
67276 1330067
76252 1504275
67277 1330113
76253 1504319
67301 1330205
78727 1562852
67330 1330258
78725 1562768
67332 1330304
69033 1364794
78724 1562726
67333 1330350
69032 1364745
78723 1562683
67334 1330396
78722 1562641
67335 1330447
69034 1364839
78721 1562598
67336 1330497
69037 1364939
78720 1562555
67337 1330542
69036 1364890
67344 1330728
67345 1330777
67349 1330908
67351 1330948
67363 1331354
67364 1331402
76380 1506274
67401 1331446
67402 1331489
67410 1331532
67417 1331623
67428 1331935
67430 1331981
67431 1332031
67432 1332077
67436 1332123
67437 1332167
67441 1332302
67442 1332352
67443 1332394
67444 1332439
67445 1332481
67446 1332523
67447 1332572
67448 1332612
67449 1332655
67450 1332704
67451 1332750
67452 1332794
67454 1332838
67455 1332887
67456 1332932
67457 1332981
67458 1333028
67466 1333214
76882 1516647
67467 1333260
76883 1516690
67473 1333400
67474 1333445
76890 1516964
67475 1333489
67476 1333532
79845 1583192
67482 1333721
75489 1486862
67487 1333899
67491 1333989
67501 1334083
67502 1334127
67505 1334217
67510 1334268
67511 1334312
67512 1334355
67513 1334395
67514 1334438
67515 1334481
67516 1334523
67518 1334564
67519 1334606
67520 1334650
67521 1334690
67522 1334733
67523 1334774
67524 1334818
67525 1334858
67526 1334902
67529 1334948
67530 1334993
67546 1335172
67547 1335217
67550 1335306
67552 1335348
67553 1335390
67554 1335435
67556 1335475
67557 1335519
67559 1335568
67560 1335609
67561 1335653
67563 1335697
67566 1335824
67567 1335868
67568 1335916
67570 1335957
67572 1336006
67573 1336045
67576 1336175
67581 1336311
67583 1336352
67584 1336392
67585 1336432
67601 1336472
67621 1336512
67622 1336555
67623 1336598
67625 1336641
67631 1336862
67632 1336906
67634 1336947
67635 1336993
67637 1337039
67639 1337123
67640 1337167
67642 1337211
67643 1337257
67644 1337304
67645 1337349
67646 1337393
67647 1337437
67648 1337487
67649 1337530
67650 1337573
67651 1337618
67653 1337662
67654 1337709
67656 1337752
67657 1337795
67660 1337926
67661 1337969
67663 1338020
67664 1338066
67665 1338116
67667 1338161
67669 1338207
67671 1338251
67672 1338295
67673 1338338
67674 1338381
67675 1338423
67730 1338509
67731 1338554
67732 1338603
79918 1584412
67733 1338648
67736 1338779
77449 1531107
67737 1338818
77448 1531059
79913 1584185
67738 1338862
77447 1531015
67740 1338952
77459 1531557
67741 1338997
77458 1531509
67743 1339044
80299 1593418
67744 1339088
79908 1584004
67745 1339132
67747 1339180
79905 1583866
67748 1339223
77451 1531187
80294 1593375
79904 1583820
67749 1339265
77450 1531147
79976 1586139
67751 1339311
67752 1339351
67753 1339394
67756 1339439
67757 1339492
67758 1339538
67761 1339591
67762 1339637
67764 1339682
67801 1339724
67831 1339770
67834 1339812
67835 1339853
67836 1339897
67837 1339944
67838 1339987
67839 1340034
68409 1350021
67840 1340077
67841 1340122
67842 1340164
67843 1340203
67844 1340247
67846 1340290
67850 1340384
67851 1340425
67854 1340513
67855 1340559
67857 1340605
67861 1340738
67862 1340782
67863 1340827
67864 1340876
67865 1340918
67870 1341099
67871 1341145
68419 1350356
67876 1341192
68418 1350315
67877 1341236
68417 1350276
67878 1341283
68416 1350231
67879 1341331
67880 1341377
67905 1341507
67950 1341551
67951 1341596
67952 1341642
67953 1341687
67954 1341734
68001 1341777
68002 1341818
68003 1341867
78535 1555701
68004 1341913
68005 1341958
78536 1555745
68007 1342002
78539 1555876
68008 1342050
78538 1555831
68009 1342096
68010 1342142
77407 1529580
68014 1342188
68015 1342230
77402 1529441
68016 1342281
77401 1529396
68017 1342327
68018 1342373
68019 1342417
68028 1342683
68029 1342725
78523 1555604
68030 1342772
76680 1513371
68037 1342993
76687 1513637
68039 1343078
76689 1513685
68040 1343121
68044 1343254
68045 1343299
68048 1343431
68050 1343477
68056 1343568
68057 1343616
68063 1343840
68071 1344209
80041 1588142
79258 1573814
78411 1554184
77519 1533968
68102 1344386
79252 1573621
68108 1344642
77512 1533692
68109 1344685
80031 1587753
68110 1344728
80030 1587706
78460 1554740
77568 1535498
68111 1344771
80033 1587801
78463 1554791
68112 1344813
68113 1344856
80035 1587904
78465 1554841
68114 1344902
80037 1588000
79248 1573481
78467 1554941
68116 1344945
80036 1587952
78466 1554891
68117 1344988
78469 1555041
77561 1535222
68118 1345031
80038 1588050
79247 1573436
78468 1554991
77560 1535175
68119 1345074
68120 1345117
74082 1458511
68122 1345160
74080 1458424
68123 1345203
74081 1458467
68127 1345290
74085 1458639
78401 1553678
68130 1345377
68131 1345420
78403 1553779
68132 1345463
78402 1553728
68133 1345505
78404 1553829
68135 1345593
68142 1345804
68144 1345847
68145 1345890
68147 1345933
68152 1345977
68154 1346020
68155 1346063
78426 1554639
68157 1346106
68172 1346189
74054 1457456
68176 1346275
74050 1457277
68178 1346318
68180 1346404
68182 1346447
68183 1346490
68198 1346576
76474 1508392
68301 1346619
68304 1346706
68305 1346745
68307 1346788
68309 1346828
78621 1559139
68310 1346871
78622 1559182
68313 1346914
68314 1346966
78624 1559272
68315 1347006
78633 1559667
68320 1347227
78632 1559621
68321 1347269
78631 1559576
68322 1347316
78630 1559525
68323 1347360
68324 1347405
78636 1559804
68325 1347444
78635 1559764
68326 1347486
78634 1559718
68327 1347531
68328 1347574
68329 1347617
80610 1599023
68331 1347703
68332 1347746
68336 1347883
80601 1598889
68346 1348330
68366 1349087
68368 1349172
80651 1600092
78681 1561622
68370 1349218
80650 1600050
78680 1561571
68371 1349261
80653 1600180
78683 1561724
68372 1349305
80654 1600225
68375 1349352
68376 1349396
68377 1349445
68378 1349491
68379 1349535
68380 1349578
68381 1349623
68382 1349665
68401 1349706
68403 1349802
68405 1349889
68406 1349933
68407 1349980
68410 1350060
68413 1350108
68414 1350148
68415 1350191
68441 1351142
68442 1351188
79529 1578176
68444 1351280
79519 1577871
68452 1351545
79518 1577829
68453 1351582
68454 1351625
68514 1352702
68520 1352843
68588 1353499
68621 1353678
68626 1353853
76856 1515796
68634 1354165
76844 1515441
68635 1354208
76845 1515488
68636 1354251
68637 1354295
68659 1355006
68660 1355048
68662 1355141
68665 1355273
68701 1355453
68702 1355498
68711 1355583
68728 1356236
68730 1356321
68731 1356362
68736 1356575
68740 1356705
68741 1356748
68742 1356792
68743 1356832
68745 1356876
68746 1356917
68747 1356957
68751 1357085
68752 1357128
68753 1357178
68755 1357223
68769 1357792
69340 1368400
68776 1358015
68778 1358110
68779 1358160
68784 1358332
76714 1514392
68785 1358377
76715 1514435
68786 1358422
76716 1514478
68787 1358462
68801 1358717
78050 1544253
68828 1359566
68842 1360052
68846 1360230
68847 1360278
78028 1543834
68850 1360413
68852 1360458
68853 1360506
68854 1360553
68855 1360594
68856 1360641
68858 1360683
78021 1543521
68859 1360726
76140 1501841
68860 1360773
68861 1360816
68862 1360860
68864 1360944
68865 1360988
68875 1361361
68901 1361670
68902 1361714
68924 1361888
68925 1361932
68935 1362331
68937 1362413
68938 1362456
68939 1362500
68950 1362991
68952 1363035
68955 1363121
68956 1363163
68957 1363206
68964 1363431
78757 1564056
69001 1364191
78739 1563370
69023 1364381
69024 1364424
78732 1563071
69028 1364611
78733 1563114
69029 1364657
78726 1562811
69030 1364701
69038 1364978
69039 1365025
69040 1365075
69041 1365124
69042 1365166
69043 1365216
69044 1365265
69045 1365313
69046 1365357
69120 1365508
69121 1365552
69122 1365595
69123 1365643
69125 1365687
69127 1365736
69128 1365778
69129 1365825
69130 1365870
69131 1365912
69132 1365958
69133 1366004
69134 1366045
69135 1366087
69138 1366132
69146 1366448
69169 1367351
69171 1367445
69201 1367540
69210 1367587
69218 1367856
69219 1367902
69333 1368128
69336 1368262
69345 1368544
69351 1368782
69352 1368830
69355 1368974
69365 1369336
69366 1369385
70001 1369473
70006 1369747
70010 1369857
70030 1369967
70036 1370169
70041 1370453
70047 1370609
70058 1371144
70059 1371197
70072 1371784
70073 1371838
70078 1372001
70084 1372329
70122 1373368
70123 1373417
70124 1373474
70125 1373523
70126 1373572
70128 1373670
70129 1373719
70130 1373768
70131 1373817
70159 1374607
71156 1396349
70166 1374948
70175 1375193
70179 1375389
70183 1375545
70186 1375701
70189 1375799
70360 1376867
70364 1377005
70377 1377292
70380 1377340
70393 1377597
70401 1377796
70402 1377844
70403 1377891
70404 1377939
70422 1378088
70431 1378276
70433 1378322
70434 1378373
70435 1378424
70436 1378475
70437 1378522
70438 1378570
70441 1378622
70442 1378673
70443 1378718
70444 1378771
70445 1378820
70446 1378868
70447 1378917
70448 1378971
70449 1379023
70457 1379427
70458 1379483
70459 1379532
70460 1379581
70461 1379630
70462 1379678
70463 1379730
70464 1379775
70465 1379826
70466 1379877
70467 1379924
70469 1379972
70470 1380021
70471 1380073
70508 1380467
70509 1380516
70510 1380560
70511 1380609
70512 1380658
70513 1380710
70514 1380759
70515 1380805
70516 1380852
70517 1380895
70518 1380949
70519 1380998
70522 1381139
70523 1381189
70528 1381425
70529 1381474
70531 1381519
70533 1381610
70534 1381655
70535 1381702
70537 1381749
70538 1381796
70541 1381892
70542 1381945
70543 1381992
70544 1382033
70546 1382080
70558 1382520
70559 1382566
70570 1382788
70571 1382838
70575 1382888
70576 1382933
70589 1383434
70592 1383535
70593 1383586
70598 1383684
70611 1384044
71058 1393757
75216 1479625
70615 1384147
75212 1479496
70630 1384303
70637 1384537
70643 1384726
70644 1384777
70645 1384818
70653 1385140
70659 1385406
70704 1385826
70706 1385885
70707 1385940
70710 1385988
75559 1487750
70712 1386087
70714 1386138
70715 1386197
70719 1386297
75550 1487489
70722 1386398
70723 1386450
70725 1386497
70726 1386541
70727 1386595
70730 1386755
70732 1386803
70733 1386854
70734 1386912
70736 1386959
70737 1387008
70740 1387173
70744 1387270
70747 1387317
70748 1387366
70749 1387418
70750 1387469
70752 1387523
70753 1387575
70754 1387629
72028 1413728
70755 1387680
72029 1413775
70756 1387731
70757 1387781
70761 1387936
70762 1387988
70763 1388037
70764 1388084
70765 1388134
70767 1388184
70778 1388668
70785 1388921
70809 1389797
70836 1391160
70837 1391224
70873 1391289
70879 1391419
70892 1391614
70894 1391743
70896 1391873
71001 1392003
71002 1392050
72069 1415376
71003 1392100
72068 1415331
71004 1392146
71009 1392338
71016 1392390
71018 1392436
72051 1414689
71019 1392486
71023 1392579
72044 1414468
71024 1392622
72043 1414426
71027 1392668
72040 1414283
71028 1392713
71030 1392811
71031 1392855
71032 1392901
71033 1392948
71034 1392999
71039 1393147
71043 1393235
71044 1393285
71045 1393331
71046 1393380
71047 1393425
71049 1393524
71060 1393801
71061 1393855
71064 1393951
71065 1394002
71071 1394292
71078 1394476
71101 1394668
71102 1394721
71103 1394774
71104 1394827
71105 1394879
71106 1394932
71107 1394985
71108 1395038
71109 1395091
71110 1395143
72717 1432351
71111 1395194
72716 1432303
71112 1395244
72715 1432255
71113 1395293
72714 1432207
71115 1395342
72712 1432159
71118 1395395
71119 1395448
71129 1395554
71138 1395925
72733 1432825
71150 1396084
71152 1396190
71162 1396455
71163 1396508
71164 1396561
71165 1396614
71171 1396720
71172 1396769
71242 1398222
71260 1398749
71320 1400257
71322 1400310
71323 1400356
71324 1400408
71325 1400451
71333 1400775
71341 1401015
71362 1401818
71366 1401961
71367 1402010
71410 1402701
71411 1402742
71416 1402887
71417 1402943
71427 1403299
99301 1906793
71440 1403804
71441 1403844
99302 1906838
71443 1403888
99371 1908445
71452 1404163
99361 1908289
71460 1404511
99360 1908240
71461 1404555
99363 1908395
71462 1404601
99362 1908341
71463 1404643
71465 1404685
71466 1404728
71467 1404770
71468 1404810
71469 1404862
71472 1404959
99354 1908049
71473 1405003
99353 1907998
71474 1405043
99352 1907953
71475 1405085
99350 1907909
71477 1405128
71480 1405215
71601 1405493
71602 1405542
71603 1405590
71611 1405640
71612 1405690
71613 1405738
71630 1405788
71635 1405880
71644 1406145
71646 1406188
71652 1406320
71655 1406460
71657 1406547
71658 1406590
71659 1406635
71667 1406952
71670 1406999
71671 1407041
71675 1407126
71676 1407167
71677 1407210
71701 1407301
71711 1407346
71724 1407524
88201 1697438
71740 1407791
71744 1407923
71750 1408145
88263 1698419
86540 1680730
71762 1408458
97759 1872239
88265 1698504
71764 1408548
71902 1410594
95485 1825520
71937 1411321
95430 1823479
71942 1411452
71968 1412262
71969 1412304
72005 1412799
72006 1412842
72011 1412976
72012 1413020
72017 1413245
72018 1413289
72032 1413913
72033 1413958
72035 1414048
72036 1414093
72041 1414328
72042 1414380
72045 1414514
72052 1414728
72053 1414770
72055 1414823
72057 1414867
72058 1414912
72059 1414961
72065 1415189
72080 1415799
72081 1415845
72082 1415888
72083 1415931
72084 1415971
72085 1416012
72086 1416054
72087 1416097
72088 1416142
72089 1416195
75574 1488390
72099 1416237
72108 1416628
75862 1494313
72118 1417078
72119 1417133
72120 1417188
72122 1417277
72124 1417366
72125 1417421
72139 1417997
72142 1418139
72143 1418182
72158 1418543
72160 1418585
72164 1418633
72165 1418681
72166 1418729
72167 1418775
72168 1418821
72169 1418867
72170 1418911
72173 1418952
72175 1418998
72179 1419134
72190 1419366
75425 1484416
72316 1420986
72319 1421038
72320 1421086
72321 1421128
72324 1421228
72327 1421374
72330 1421523
75685 1490623
72332 1421616
75687 1490710
72333 1421666
75686 1490666
72335 1421711
75680 1490400
72336 1421765
75683 1490537
72339 1421877
72341 1421974
72352 1422298
72353 1422341
72360 1422573
72364 1422615
72365 1422662
72366 1422712
72367 1422758
72413 1424062
72415 1424157
72419 1424299
72421 1424345
72422 1424388
72424 1424429
72425 1424469
72426 1424516
72429 1424654
72430 1424697
72431 1424740
72432 1424783
72433 1424832
72434 1424876
72435 1424922
72436 1424962
72437 1425003
72438 1425052
72440 1425104
72441 1425147
72442 1425190
72443 1425238
72444 1425284
72445 1425330
72447 1425376
72449 1425423
72450 1425468
78646 1560217
72451 1425512
78644 1560127
72453 1425558
78643 1560086
72454 1425605
78642 1560034
72455 1425646
78641 1559986
72456 1425695
78640 1559947
72457 1425737
72458 1425782
78658 1560679
72461 1425929
72462 1425970
78650 1560310
72469 1426214
72470 1426263
72471 1426305
78669 1561153
72472 1426350
72473 1426395
72474 1426442
72475 1426486
72476 1426535
78663 1560912
72478 1426586
78662 1560866
72479 1426637
72482 1426682
72512 1426833
72513 1426883
72517 1426968
72536 1427763
72540 1427936
72542 1427977
72543 1428017
72544 1428069
72545 1428115
72546 1428167
72560 1428454
73549 1448908
72561 1428503
73548 1448860
72562 1428552
72564 1428601
72566 1428696
72567 1428741
72568 1428791
73541 1448587
72573 1428989
72581 1429259
72583 1429312
72611 1429574
74015 1455918
72616 1429703
74012 1455772
72623 1429843
74027 1456371
72624 1429890
74020 1456144
72626 1429934
74022 1456237
72628 1429977
72630 1430064
74034 1456677
72633 1430215
74037 1456804
72635 1430300
74031 1456548
72644 1430612
72658 1431025
72660 1431112
72661 1431159
72662 1431203
72663 1431244
72670 1431414
72672 1431456
72683 1431718
72701 1431906
72702 1431958
72704 1432064
72711 1432117
72718 1432400
72719 1432449
72728 1432628
72730 1432729
72732 1432780
72735 1432912
72736 1432959
72737 1433004
72740 1433145
72741 1433193
72742 1433241
72744 1433287
72745 1433335
72747 1433378
72751 1433471
72752 1433516
72753 1433563
72756 1433617
72757 1433660
72761 1433793
72762 1433841
72801 1434327
72802 1434374
72824 1434641
72827 1434735
72828 1434778
72829 1434824
72830 1434870
72832 1434919
74636 1466783
72833 1434965
74637 1466829
79538 1578528
72834 1435008
74630 1466613
75668 1490165
79539 1578572
72835 1435053
74631 1466657
75669 1490211
79535 1578398
72839 1435179
72840 1435227
72853 1435614
72858 1435821
72860 1435866
72901 1435993
72902 1436042
72903 1436092
79408 1576383
72904 1436142
79409 1576429
72905 1436192
74701 1467294
72906 1436242
74702 1467336
77369 1528318
79404 1576246
78393 1553631
72908 1436292
77367 1528227
80466 1595922
72913 1436342
80461 1595785
72914 1436392
80463 1595830
72916 1436442
72917 1436492
72918 1436542
72919 1436592
72921 1436642
72926 1436728
74722 1467462
72927 1436769
74723 1467510
72930 1436860
74734 1467910
72932 1436904
74736 1468006
72933 1436952
74737 1468051
72934 1437001
74730 1467779
72935 1437046
74731 1467821
72945 1437417
72949 1437612
72950 1437656
72952 1437741
73002 1438060
73003 1438100
73004 1438145
73005 1438186
73006 1438230
73010 1438406
73011 1438453
73013 1438541
73014 1438586
73015 1438632
73016 1438676
73018 1438763
73019 1438808
73028 1439207
73044 1439815
73045 1439856
73047 1439901
73052 1440120
73053 1440164
73054 1440207
73056 1440296
73057 1440340
73061 1440471
73062 1440515
73063 1440564
73064 1440607
73065 1440653
73066 1440700
73067 1440750
73068 1440794
73096 1441776
73113 1442581
73121 1442995
73124 1443151
73126 1443255
73127 1443307
73132 1443567
73134 1443619
73135 1443671
73160 1444865
73167 1445126
73169 1445178
73401 1445940
73434 1446261
73437 1446393
73439 1446480
73444 1446701
73450 1446923
73453 1446969
73488 1447426
73527 1448008
73528 1448052
73530 1448149
73531 1448194
73533 1448277
73534 1448322
73537 1448412
73539 1448500
73543 1448681
73544 1448728
73547 1448817
73558 1449318
73560 1449410
73561 1449455
73562 1449500
73564 1449542
73620 1450029
73622 1450073
73625 1450164
73646 1450671
79053 1569591
73648 1450752
79077 1570302
73660 1451059
73661 1451107
73662 1451149
73663 1451192
79073 1570258
73664 1451235
73668 1451375
73673 1451462
73701 1451504
73703 1451590
73728 1452111
73729 1452157
73733 1452294
73749 1452884
73764 1453455
73766 1453501
73768 1453547
73832 1453861
73851 1454289
73852 1454329
73853 1454377
73855 1454421
73857 1454465
73858 1454510
73860 1454593
73960 1455299
74010 1455681
74023 1456282
74026 1456325
74028 1456416
74038 1456845
74041 1456935
75378 1482928
74042 1456976
74051 1457321
74052 1457370
74055 1457497
74056 1457539
74058 1457583
81334 1613008
79360 1575300
74068 1457931
74072 1458059
81325 1612612
79371 1575619
74079 1458380
74083 1458556
74084 1458597
74110 1459005
74112 1459046
74114 1459085
81069 1608640
74115 1459126
74131 1459576
74132 1459617
74133 1459657
74134 1459698
74135 1459739
74136 1459780
74137 1459821
74156 1460272
74172 1460558
74335 1461015
80001 1586529
74338 1461102
74339 1461148
74340 1461192
80019 1587268
74342 1461233
80018 1587222
74343 1461277
74344 1461322
74345 1461366
74346 1461410
74347 1461452
80012 1586947
74349 1461497
74350 1461540
74355 1461673
76487 1508758
74358 1461714
74360 1461805
77707 1538489
74368 1462138
77706 1538441
74369 1462186
74370 1462226
74421 1462413
74422 1462457
74423 1462501
74425 1462546
93458 1780559
74426 1462594
74427 1462640
93456 1780449
74428 1462686
93457 1780504
74429 1462737
93442 1779665
74438 1463104
93443 1779721
74439 1463151
74440 1463196
74441 1463238
74442 1463284
74444 1463333
74445 1463378
74446 1463423
74447 1463465
74450 1463512
74455 1463692
74456 1463736
74457 1463782
74458 1463825
74459 1463870
74462 1464013
74465 1464149
74467 1464195
74472 1464431
74477 1464479
74501 1464524
74525 1464765
74528 1464806
74529 1464852
92057 1747579
74530 1464899
92056 1747529
74531 1464945
92054 1747425
74533 1464986
92051 1747325
74536 1465114
74552 1465477
74553 1465520
74556 1465650
74557 1465691
74560 1465830
74955 1472194
74561 1465879
74954 1472149
74562 1465926
74957 1472290
74563 1465973
74956 1472240
74571 1466198
74578 1466434
74601 1466481
74604 1466569
74632 1466700
79548 1578925
74640 1466872
74643 1466959
74644 1467001
74646 1467044
74647 1467084
74650 1467123
75608 1488782
74720 1467377
74721 1467420
74735 1467959
74740 1468140
76016 1497624
74741 1468185
76017 1497671
80498 1596868
74743 1468228
76015 1497577
74745 1468270
76013 1497483
74747 1468315
76011 1497390
74748 1468354
74750 1468397
76002 1496974
74752 1468446
74753 1468493
76001 1496927
74754 1468536
76006 1497162
74755 1468583
76007 1497209
74760 1468714
77387 1529086
74761 1468764
77386 1529039
74766 1468855
77381 1528812
92394 1759793
74804 1469006
74820 1469103
74821 1469143
74824 1469185
74826 1469270
74827 1469318
74829 1469361
74833 1469536
74839 1469724
74842 1469819
74843 1469867
74845 1469960
74848 1470004
74849 1470051
74850 1470096
74852 1470186
74859 1470420
74860 1470465
74864 1470509
74865 1470553
74866 1470596
74867 1470650
74871 1470786
74872 1470834
74873 1470880
74875 1470931
74878 1470974
92311 1756431
74881 1471071
74930 1471294
74937 1471516
74939 1471563
74940 1471608
74941 1471651
74942 1471694
74943 1471740
74944 1471785
74945 1471832
74951 1472059
74959 1472340
74964 1472517
74965 1472558
74966 1472603
75001 1472648
78840 1565519
75007 1472779
75009 1472825
75016 1473090
75017 1473133
78715 1562337
75019 1473176
75020 1473220
75021 1473264
75022 1473309
75024 1473399
75025 1473441
75026 1473483
75027 1473525
75028 1473574
75029 1473623
75030 1473670
75032 1473714
75033 1473760
75034 1473803
75035 1473846
75040 1473975
75041 1474019
75042 1474063
75043 1474107
75046 1474239
75047 1474283
75050 1474414
75054 1474613
75058 1474756
75060 1474800
75061 1474843
78828 1565047
75063 1474928
75065 1474971
75067 1475019
75068 1475066
75070 1475158
75071 1475203
75074 1475248
75075 1475290
75076 1475331
75077 1475378
75078 1475425
75088 1475791
75090 1475879
75094 1476056
75097 1476098
75102 1476269
75104 1476358
75115 1476639
75120 1476860
75121 1476901
75127 1477123
75132 1477171
75135 1477259
75138 1477353
75140 1477401
75141 1477453
75142 1477497
75143 1477541
75144 1477585
75146 1477629
75148 1477719
75149 1477766
75150 1477811
75151 1477856
75152 1477903
75153 1477945
75154 1477989
75155 1478032
75156 1478072
75157 1478116
75159 1478204
75160 1478250
75161 1478295
75163 1478339
75164 1478387
75165 1478433
75166 1478479
75167 1478521
75168 1478567
75169 1478613
75172 1478664
75173 1478707
75180 1478750
75182 1478845
75187 1478935
75208 1479326
75214 1479539
75221 1479840
75224 1479969
75231 1480269
75234 1480398
75240 1480608
75241 1480651
75242 1480694
75243 1480737
75244 1480780
75246 1480823
75247 1480866
75249 1480952
75251 1481037
75254 1481166
75264 1481380
75265 1481423
75283 1481681
75284 1481724
75285 1481767
75287 1481810
75301 1481853
75303 1481896
79257 1573766
77516 1533826
75312 1481939
79250 1573526
78419 1554588
77511 1533649
75315 1482025
77522 1534098
75326 1482111
77532 1534278
75336 1482154
75339 1482197
75358 1482455
75359 1482498
75360 1482541
75368 1482627
75372 1482756
75393 1483315
75394 1483358
75401 1483530
75403 1483620
75404 1483665
75407 1483709
75410 1483796
75411 1483836
75412 1483883
75413 1483930
75414 1483971
75415 1484014
75416 1484062
75417 1484105
75418 1484151
75422 1484285
75432 1484637
75436 1484809
75438 1484898
75440 1484986
75441 1485026
75442 1485067
75443 1485116
75446 1485199
75447 1485247
75450 1485379
75454 1485555
75458 1485749
75459 1485789
75460 1485831
75461 1485872
75462 1485913
75468 1485954
75469 1486001
75470 1486046
75845 1493628
75471 1486087
75844 1493581
75472 1486132
75847 1493715
75473 1486173
75846 1493674
75476 1486304
75477 1486348
75480 1486478
75481 1486526
79849 1583384
75485 1486682
75486 1486730
75487 1486772
75493 1487041
75494 1487085
75501 1487264
75503 1487309
75507 1487444
75554 1487576
75555 1487621
75556 1487661
75562 1487882
75563 1487924
75564 1487965
75565 1488006
75568 1488131
75569 1488174
75570 1488214
75571 1488260
75572 1488302
75573 1488347
77806 1538986
75602 1488519
79553 1579054
77807 1539026
75603 1488563
77803 1538903
75607 1488738
75645 1489399
79501 1577290
75651 1489536
79506 1577508
75656 1489714
79532 1578260
75662 1489992
75681 1490441
75682 1490492
75691 1490845
75692 1490884
75693 1490929
75710 1491386
75711 1491427
75712 1491468
75713 1491509
75750 1491550
75751 1491589
75752 1491635
75754 1491679
75755 1491730
75764 1492092
75766 1492179
75778 1492406
75779 1492455
75784 1492640
75785 1492685
75802 1493122
75803 1493170
75839 1493487
75852 1493936
75853 1493980
75855 1494027
75856 1494069
75858 1494117
75860 1494212
75861 1494258
75865 1494357
75880 1494402
75886 1494559
75951 1495799
75958 1495932
75959 1495986
75972 1496464
75974 1496569
75978 1496745
76003 1497021
76005 1497115
76009 1497298
76010 1497343
76012 1497437
76014 1497530
76018 1497718
76019 1497764
76020 1497811
76021 1497853
76022 1497898
76023 1497943
80832 1603051
76028 1497982
80827 1602817
78330 1551415
76031 1498027
80825 1602724
78332 1551462
76033 1498073
80822 1602599
78335 1551552
76034 1498119
80823 1602639
76035 1498167
80820 1602515
76036 1498209
78338 1551662
76039 1498254
76040 1498298
76041 1498342
76044 1498436
76048 1498480
76049 1498522
76050 1498565
76051 1498612
76052 1498659
76053 1498703
76054 1498746
76055 1498789
76058 1498829
76059 1498873
76060 1498916
76061 1498963
79769 1582010
76063 1499008
77208 1522891
76065 1499099
76066 1499145
76067 1499189
78371 1552812
76070 1499297
77279 1525477
78370 1552765
76071 1499341
78372 1552853
76073 1499381
78376 1553051
76077 1499424
79776 1582137
78379 1553139
76078 1499471
77271 1525219
79744 1581224
76082 1499510
77265 1524961
79742 1581133
76084 1499556
77263 1524918
79743 1581179
76085 1499598
77262 1524875
79740 1581045
78369 1552719
76086 1499646
77261 1524832
79741 1581088
78368 1552670
76087 1499694
76088 1499742
78355 1552248
76094 1499884
76095 1499931
78357 1552295
76096 1499975
76097 1500022
78069 1544971
76108 1500488
76109 1500536
76110 1500584
77287 1525649
76111 1500632
76114 1500776
76115 1500824
77282 1525563
76116 1500872
76117 1500919
77280 1525520
76119 1501016
76120 1501064
76121 1501112
76122 1501160
76126 1501304
76127 1501350
76136 1501745
78026 1543741
76147 1501889
78029 1543878
76148 1501937
76150 1501985
78056 1544428
76155 1502033
78040 1543966
76161 1502081
78043 1544089
76162 1502129
78042 1544048
76163 1502177
78045 1544171
76164 1502225
76166 1502273
78070 1545015
76177 1502321
76179 1502369
76182 1502520
76185 1502578
76198 1502914
76199 1502962
76201 1503010
76202 1503053
76203 1503096
76204 1503139
76205 1503182
76207 1503268
76208 1503311
76209 1503354
76210 1503397
76225 1503440
76226 1503481
76227 1503522
76238 1503741
76239 1503780
76240 1503829
76248 1504101
76249 1504145
76250 1504186
76255 1504358
76266 1504712
76270 1504843
76271 1504888
76272 1504931
76273 1504978
76307 1505227
76308 1505278
76309 1505328
76311 1505430
76351 1505480
76352 1505528
76354 1505569
76357 1505617
76360 1505657
76363 1505702
76364 1505742
76365 1505789
76366 1505831
76367 1505876
76369 1505923
76370 1505966
76371 1506011
76372 1506052
76373 1506097
76374 1506146
76377 1506187
76379 1506230
80165 1590413
76388 1506409
76389 1506454
76401 1506501
76424 1506596
76426 1506647
76427 1506690
76429 1506731
76430 1506774
76431 1506821
76432 1506861
76433 1506904
76435 1506950
76436 1506995
76437 1507041
76439 1507083
76454 1507588
76459 1507766
76460 1507807
76461 1507849
76462 1507896
76463 1507936
76464 1507983
76466 1508077
76467 1508121
76468 1508162
76469 1508208
76501 1508894
76502 1508935
76503 1508975
76504 1509015
76508 1509056
76511 1509096
76513 1509139
76518 1509179
76519 1509224
76520 1509270
76522 1509313
76524 1509406
76525 1509449
76526 1509492
76527 1509534
76530 1509630
76531 1509678
76533 1509725
76534 1509772
76561 1510570
76564 1510615
76565 1510659
76566 1510708
76567 1510753
76569 1510797
76570 1510837
76571 1510880
97918 1875492
76573 1510920
76574 1510971
76577 1511018
97913 1875354
76578 1511063
76579 1511109
76596 1511148
76597 1511196
76621 1511340
76622 1511381
79958 1585958
76623 1511423
76624 1511463
76626 1511507
76627 1511558
79953 1585820
76628 1511597
79952 1585774
76629 1511639
76630 1511685
76631 1511734
76636 1511956
76637 1512000
78563 1556746
76640 1512139
78562 1556700
76641 1512186
78561 1556656
76642 1512229
77469 1531977
78560 1556611
76643 1512278
77468 1531930
78567 1556927
76644 1512323
78566 1556878
76645 1512371
76650 1512498
77419 1529992
76651 1512538
77418 1529946
76652 1512579
76653 1512623
76654 1512668
76655 1512712
76656 1512757
78516 1555414
76657 1512797
78547 1556151
76660 1512845
76661 1512885
78541 1555968
76666 1513014
78540 1555922
76667 1513056
76670 1513101
78570 1557062
76671 1513144
78572 1557108
76673 1513187
78577 1557331
76676 1513232
78579 1557422
76678 1513275
76797 1514521
76798 1514564
76799 1514606
76801 1514649
76802 1514694
76803 1514735
76804 1514776
76866 1516144
76869 1516191
76877 1516512
76885 1516781
76886 1516829
76887 1516878
76902 1517057
77961 1541419
76908 1517306
77960 1541376
76909 1517361
76932 1517456
76933 1517501
76934 1517543
76935 1517592
76936 1517643
76937 1517693
76939 1517735
76940 1517788
76945 1517924
76950 1518012
76953 1518109
76955 1518153
76957 1518202
77002 1518343
77005 1518475
77019 1519090
77022 1519222
77028 1519485
77037 1519879
77040 1520011
77045 1520231
77083 1521890
77086 1522021
77088 1522109
77089 1522153
77091 1522239
77094 1522370
77098 1522502
77099 1522545
79763 1581795
77202 1522632
79766 1581924
77207 1522848
79768 1581967
77209 1522935
77210 1522979
80801 1601743
77212 1523023
77213 1523067
80805 1601881
77216 1523153
80804 1601837
77217 1523196
77218 1523239
79781 1582311
77220 1523325
80810 1602073
79780 1582265
77221 1523368
80815 1602268
79785 1582442
77224 1523497
80814 1602224
77225 1523540
80817 1602365
77226 1523583
80816 1602317
79786 1582484
77227 1523626
80818 1602412
79788 1582531
77229 1523712
77230 1523755
77231 1523798
77233 1523841
77234 1523884
77235 1523927
77236 1523970
77237 1524013
77238 1524056
79721 1580673
77240 1524099
79720 1580625
77241 1524142
77242 1524185
77243 1524228
77244 1524271
77245 1524314
79752 1581398
77251 1524443
79755 1581488
77256 1524660
79754 1581443
77257 1524703
77258 1524746
77259 1524789
77266 1525004
77267 1525047
79749 1581353
78360 1552426
77268 1525090
79748 1581310
78361 1552471
77269 1525133
79777 1582181
77270 1525176
77272 1525262
77273 1525305
77274 1525348
79772 1582094
77275 1525391
79770 1582053
77277 1525434
79713 1580445
77290 1525778
79712 1580399
77291 1525821
79711 1580353
77292 1525864
79710 1580307
77293 1525908
77338 1527006
77339 1527049
77340 1527094
77342 1527188
79424 1576842
77343 1527235
77345 1527329
77346 1527373
77347 1527416
77349 1527506
79412 1576567
77353 1527640
79415 1576705
77354 1527689
79401 1576108
77362 1528028
77363 1528078
79407 1576337
78390 1553545
77364 1528128
79406 1576291
78391 1553592
77365 1528180
77368 1528273
77372 1528408
77374 1528501
77376 1528589
77377 1528631
78384 1553366
77378 1528675
77380 1528765
77382 1528859
77384 1528945
77385 1528992
77391 1529219
79452 1576932
77393 1529262
79457 1577022
77396 1529308
77399 1529351
77404 1529485
77406 1529533
77410 1529628
77411 1529672
77412 1529714
77413 1529759
77414 1529802
77415 1529850
77417 1529900
77422 1530082
77426 1530176
77428 1530230
77429 1530280
77432 1530415
79906 1583912
77452 1531235
79907 1583958
77453 1531278
80290 1593243
77454 1531325
80291 1593287
79901 1583682
77455 1531369
79902 1583728
77456 1531413
80293 1593331
79903 1583774
77457 1531460
79934 1585001
78568 1556974
77460 1531610
79931 1584912
77465 1531794
79932 1584955
77466 1531841
77498 1533193
77501 1533241
77502 1533286
77503 1533331
77504 1533376
77505 1533421
77506 1533466
77507 1533511
77508 1533556
79251 1573572
78418 1554537
77510 1533601
79255 1573666
77514 1533736
77515 1533780
77530 1534186
77531 1534234
77533 1534321
77534 1534366
77535 1534412
77536 1534456
77538 1534502
77539 1534546
77541 1534595
79261 1573908
77542 1534642
77545 1534689
77546 1534735
77547 1534786
77549 1534832
77550 1534882
77551 1534930
77552 1534979
77553 1535028
77554 1535077
77555 1535126
79245 1573393
77562 1535265
79244 1573348
77563 1535311
79243 1573303
77564 1535360
77565 1535402
79241 1573259
77566 1535447
77571 1535547
77572 1535592
77573 1535637
77574 1535688
77575 1535739
77577 1535784
80020 1587311
77578 1535832
79223 1572619
77580 1535877
77581 1535928
79221 1572577
77582 1535975
79220 1572533
77583 1536020
79227 1572761
77584 1536067
79226 1572714
77585 1536114
79225 1572664
77586 1536159
77587 1536203
77588 1536253
77590 1536300
77591 1536349
77592 1536399
77597 1536449
77598 1536499
77619 1536852
77623 1536946
77624 1536997
77625 1537041
77626 1537085
77627 1537133
77631 1537269
77641 1537453
77650 1537605
77655 1537707
77656 1537758
77657 1537802
77659 1537848
77660 1537894
77663 1538023
77664 1538073
77665 1538114
77670 1538159
77702 1538249
77720 1538677
77833 1539198
77836 1539341
77837 1539388
77838 1539435
77855 1539923
77856 1539963
77861 1540098
77862 1540139
77863 1540182
77864 1540226
77865 1540276
77866 1540318
77867 1540362
77868 1540408
77870 1540453
77875 1540638
77876 1540688
77878 1540730
77879 1540774
77880 1540823
77881 1540874
77882 1540919
77901 1540965
77902 1541011
77903 1541058
77904 1541105
77957 1541334
77962 1541466
77969 1541691
77970 1541737
77971 1541782
77973 1541826
77974 1541873
77975 1541921
77976 1541963
77977 1542009
77978 1542055
77979 1542106
77982 1542155
77984 1542252
77987 1542337
77988 1542384
77989 1542432
77990 1542478
77991 1542522
77993 1542570
77994 1542616
77995 1542659
78001 1542701
78002 1542753
78003 1542797
78004 1542842
78005 1542888
78006 1542930
78007 1542974
78008 1543021
78009 1543070
78013 1543260
78017 1543434
78019 1543475
78022 1543569
78023 1543619
78024 1543662
78025 1543701
78027 1543788
78041 1544007
78044 1544130
78046 1544212
78052 1544297
78054 1544341
78055 1544384
78057 1544469
78061 1544647
78071 1545064
78072 1545115
78073 1545160
78074 1545203
78075 1545247
78076 1545294
78101 1545337
78102 1545378
78104 1545420
78107 1545461
78108 1545506
78109 1545550
78111 1545594
78112 1545637
78113 1545681
78114 1545728
78115 1545776
78116 1545824
78117 1545868
78118 1545911
78119 1545959
80751 1601486
78121 1546002
78122 1546047
78123 1546095
80754 1601531
78124 1546145
80755 1601574
78125 1546191
80740 1601038
78130 1546232
80741 1601086
78131 1546281
80742 1601129
78132 1546329
80743 1601174
78133 1546378
80745 1601263
78135 1546425
78140 1546473
80731 1600722
78141 1546517
80734 1600858
78144 1546648
80735 1600905
78145 1546696
80736 1600947
78146 1546736
80737 1600989
78147 1546776
80720 1600373
78150 1546867
80721 1600420
78151 1546915
80722 1600467
78152 1546957
80726 1600553
78156 1547097
79109 1571609
78160 1547188
79108 1571565
78161 1547234
78162 1547289
78163 1547329
78164 1547373
78204 1547559
78205 1547606
78206 1547653
78207 1547700
78208 1547746
78209 1547790
78217 1548166
78231 1548822
78234 1548963
78237 1549114
78238 1549161
78241 1549301
78242 1549348
78246 1549536
78247 1549583
78250 1549724
78251 1549771
78252 1549818
78253 1549864
78254 1549911
78255 1549958
78256 1550005
78257 1550052
78258 1550099
78259 1550146
78260 1550193
78261 1550240
78264 1550334
78265 1550381
78266 1550428
78268 1550475
78270 1550569
78279 1550663
78280 1550710
78283 1550757
78284 1550804
80549 1598703
78285 1550851
80544 1598513
78288 1550898
80545 1598557
78289 1550945
78291 1550992
78292 1551039
78293 1551086
78294 1551133
78295 1551180
78297 1551274
78298 1551321
78299 1551368
80824 1602684
78333 1551507
80821 1602557
78336 1551607
78339 1551708
78340 1551753
78342 1551843
78343 1551891
78344 1551933
78347 1551973
78350 1552067
78351 1552112
78362 1552522
78363 1552574
78364 1552622
78373 1552905
78374 1552954
78375 1553005
79778 1582222
78377 1553094
78380 1553184
78381 1553229
78382 1553275
78383 1553321
78387 1553454
78413 1554286
78427 1554689
80022 1587411
78472 1555091
78480 1555142
78501 1555192
78502 1555237
78503 1555282
78504 1555326
78505 1555371
78537 1555788
78545 1556102
78550 1556286
78551 1556332
78552 1556379
78553 1556426
78557 1556473
78558 1556518
78559 1556565
78565 1556830
78573 1557153
78574 1557198
78576 1557287
79235 1573035
78580 1557468
79237 1573123
78582 1557518
79236 1573080
78583 1557569
79231 1572900
78584 1557616
79230 1572849
78585 1557656
79233 1572946
78586 1557700
78588 1557748
78589 1557794
78590 1557840
78591 1557889
78592 1557936
78593 1557985
78594 1558033
78595 1558079
78596 1558129
78597 1558174
78598 1558230
78599 1558281
78602 1558326
78604 1558371
78606 1558461
78607 1558504
78608 1558547
78609 1558590
78617 1558954
78620 1559088
78623 1559229
78638 1559853
78639 1559902
78645 1560174
78648 1560265
78651 1560355
78652 1560399
78653 1560444
78654 1560486
78655 1560535
78656 1560584
78657 1560630
78660 1560767
78661 1560816
78664 1560963
78665 1561013
78666 1561063
78667 1561108
78670 1561199
78671 1561246
78672 1561295
78673 1561334
79189 1572437
78674 1561382
78675 1561427
78676 1561478
78677 1561522
80652 1600139
78682 1561673
78691 1561775
78702 1561865
78703 1561908
78705 1561994
78708 1562037
78709 1562080
78714 1562294
78716 1562380
78717 1562423
78728 1562895
78729 1562938
78730 1562985
78731 1563028
78734 1563157
78735 1563200
78736 1563242
78737 1563284
78741 1563412
78742 1563455
78744 1563498
78745 1563541
78746 1563584
78747 1563627
78748 1563670
78749 1563713
78750 1563756
78751 1563799
78752 1563842
78753 1563885
78754 1563928
78755 1563971
78756 1564014
78758 1564099
78759 1564142
78760 1564185
78761 1564228
78762 1564271
78763 1564314
78764 1564357
78765 1564400
78766 1564443
78767 1564486
78768 1564529
78769 1564572
78772 1564615
78773 1564658
78774 1564701
78778 1564744
78779 1564787
78801 1564916
78802 1564959
78827 1565002
78838 1565428
78851 1565807
78870 1566041
78880 1566307
78881 1566356
78883 1566400
78884 1566445
78885 1566488
78886 1566536
78931 1566579
78932 1566629
78933 1566674
78934 1566719
78935 1566766
78938 1566813
78940 1566859
78941 1566909
78942 1566955
78943 1566997
78944 1567043
78945 1567088
78946 1567133
78947 1567180
78948 1567223
78949 1567264
78950 1567309
78951 1567353
78952 1567397
78953 1567439
78954 1567484
78956 1567531
78957 1567580
78959 1567628
78960 1567674
78961 1567716
78962 1567763
78963 1567807
79001 1567855
79002 1567899
79003 1567943
79005 1567989
79007 1568035
79010 1568174
79011 1568222
79012 1568268
79013 1568314
79014 1568357
79016 1568450
79021 1568589
79022 1568638
79024 1568683
79025 1568733
79027 1568779
79029 1568824
79031 1568865
79032 1568906
79033 1568950
79034 1569001
79035 1569048
79041 1569229
79042 1569276
79043 1569320
79044 1569362
79045 1569408
79046 1569456
79051 1569503
79052 1569548
79054 1569637
79056 1569679
79057 1569726
79062 1569905
79063 1569950
79064 1569996
79065 1570037
79066 1570077
79072 1570213
81235 1611618
79081 1570499
81236 1611666
79082 1570547
81237 1611712
79083 1570592
79088 1570824
79091 1570868
79092 1570914
79093 1570956
81228 1611387
79094 1571001
79095 1571049
79096 1571104
79097 1571150
81224 1611189
79098 1571197
79101 1571244
79102 1571290
79103 1571336
79104 1571382
79105 1571428
79106 1571474
79107 1571520
79117 1571839
79118 1571884
79119 1571931
79120 1571978
79121 1572024
79159 1572116
79166 1572161
79168 1572207
79172 1572253
79174 1572299
79178 1572345
79185 1572391
79201 1572483
79229 1572804
79234 1572991
79239 1573167
79240 1573211
79312 1573993
79313 1574036
79314 1574080
79316 1574126
79322 1574173
79323 1574220
79324 1574269
79325 1574313
79326 1574357
79329 1574399
79330 1574444
79331 1574492
79336 1574536
79338 1574584
79342 1574679
79343 1574721
79344 1574766
79345 1574809
79346 1574852
79347 1574897
79350 1574943
79351 1574990
79353 1575034
81301 1612282
79355 1575076
79358 1575204
79363 1575345
81330 1612846
79364 1575395
81332 1612965
79366 1575440
79367 1575492
81326 1612659
79372 1575660
81327 1612707
79373 1575706
79376 1575747
81323 1612515
79377 1575790
79380 1575925
79381 1575974
79382 1576016
79383 1576064
79402 1576154
79453 1576976
79464 1577068
80960 1606241
79490 1577114
79491 1577158
79493 1577202
79499 1577246
79526 1578046
79546 1578840
79550 1579010
79562 1579235
79601 1579456
79602 1579500
79603 1579544
79604 1579588
79605 1579632
79606 1579675
79607 1579718
79608 1579763
79697 1579807
80481 1596579
79698 1579851
80480 1596536
79699 1579895
79701 1579939
79702 1579985
79703 1580031
79704 1580077
79705 1580123
79706 1580169
79707 1580215
79708 1580261
79718 1580535
79719 1580582
79730 1580720
79731 1580765
79734 1580851
79735 1580903
79745 1581266
79758 1581576
79759 1581623
79821 1582617
79830 1582663
79831 1582709
79832 1582755
79834 1582801
79835 1582863
79836 1582911
79839 1583048
79848 1583336
79851 1583435
79852 1583488
79853 1583537
79854 1583584
79855 1583633
79926 1584688
79940 1585228
79941 1585271
79942 1585317
79943 1585360
79944 1585406
79945 1585452
79946 1585498
79947 1585544
79948 1585590
79949 1585636
79950 1585682
79951 1585728
79954 1585866
79955 1585912
79961 1586050
79978 1586182
80208 1590817
79998 1586443
80209 1590861
79999 1586486
80002 1586576
80003 1586623
80004 1586670
80005 1586717
80010 1586858
80011 1586904
80013 1586993
80014 1587039
80015 1587084
80016 1587130
80017 1587176
80021 1587360
80023 1587461
80024 1587513
80025 1587556
80026 1587610
80027 1587657
80034 1587852
80101 1588412
80102 1588455
80103 1588499
80106 1588643
80107 1588687
80109 1588782
80117 1589076
80120 1589165
80122 1589263
80123 1589312
80124 1589362
80125 1589410
80202 1590555
80214 1591036
80217 1591174
80218 1591218
80220 1591306
80221 1591350
80223 1591435
80224 1591479
80225 1591522
80229 1591706
80231 1591793
80239 1592146
80248 1592410
80249 1592454
80257 1592674
80301 1593462
80305 1593646
80420 1594154
80421 1594194
80422 1594236
80423 1594283
80424 1594324
80425 1594374
80426 1594428
80427 1594470
80428 1594520
80429 1594562
80430 1594604
80432 1594651
80433 1594690
80434 1594738
80435 1594784
80436 1594828
80437 1594877
80438 1594926
80439 1594975
80442 1595069
80444 1595155
80447 1595251
80448 1595298
80449 1595339
80454 1595543
80456 1595644
80457 1595689
80459 1595739
80465 1595873
80467 1595970
80468 1596016
80469 1596060
80475 1596294
80482 1596621
80483 1596669
80487 1596711
80488 1596765
80840 1603280
80497 1596819
80501 1596918
80502 1596965
80503 1597012
80504 1597059
80510 1597103
80511 1597152
80512 1597201
80513 1597246
80514 1597293
80515 1597335
80516 1597379
80517 1597419
80520 1597468
80521 1597513
80522 1597564
80523 1597614
80524 1597665
80525 1597716
80533 1598013
80534 1598059
80535 1598104
80536 1598150
80537 1598198
80538 1598245
80539 1598290
80541 1598380
80546 1598613
80547 1598657
80550 1598752
80551 1598795
80553 1598838
80615 1599194
80620 1599235
80640 1599703
80642 1599749
80643 1599791
80644 1599837
80645 1599879
80646 1599923
80648 1599966
80649 1600005
80701 1600270
80705 1600319
80723 1600510
80727 1600595
80744 1601219
80746 1601307
80747 1601352
80749 1601394
80750 1601442
80757 1601616
80758 1601664
80759 1601703
80802 1601790
80826 1602773
80830 1602961
80831 1603006
80833 1603095
80834 1603138
80835 1603187
80836 1603230
80841 1603331
80860 1603382
80862 1603471
80863 1603521
80864 1603572
80866 1603616
80901 1603667
80902 1603722
80903 1603777
80904 1603832
80905 1603887
80906 1603941
80907 1603996
80908 1604049
80909 1604104
80910 1604158
80911 1604213
80912 1604268
80913 1604323
80914 1604376
80915 1604431
80916 1604486
80917 1604541
80918 1604595
80919 1604650
80928 1605142
80932 1605361
80937 1605636
80938 1605691
80939 1605746
80947 1606021
80949 1606076
80962 1606296
80970 1606351
80977 1606406
81001 1606571
92418 1760786
81003 1606659
81005 1606747
81006 1606789
81007 1606833
92413 1760666
81008 1606876
81009 1606920
81010 1606964
81011 1607008
81019 1607096
93383 1777653
81021 1607196
81023 1607288
93385 1777747
93099 1772489
81027 1607425
81029 1607474
81030 1607515
81033 1607557
81034 1607603
81036 1607649
81038 1607690
81039 1607735
81040 1607778
81041 1607825
81043 1607871
81044 1607917
81045 1607956
81046 1608000
81047 1608048
81049 1608092
81055 1608271
81057 1608318
81058 1608361
81059 1608407
81063 1608504
81064 1608549
81071 1608681
81073 1608731
81081 1608869
81082 1608920
81084 1608970
81087 1609016
81089 1609056
81090 1609106
81091 1609147
81092 1609195
81101 1609238
81102 1609284
81120 1609329
81121 1609376
81122 1609424
81123 1609472
81124 1609518
81125 1609564
81126 1609610
81128 1609654
81129 1609701
81130 1609747
82426 1620068
81131 1609792
81132 1609839
81133 1609890
82422 1619979
81135 1609941
82421 1619933
81136 1609990
82420 1619887
81137 1610035
81138 1610082
97837 1873296
81140 1610128
97836 1873251
81141 1610174
97834 1873162
81143 1610220
97833 1873119
81144 1610266
81146 1610319
97830 1873074
81147 1610363
81148 1610418
81149 1610462
81151 1610510
81152 1610556
81154 1610604
81155 1610656
81157 1610707
81220 1610998
81221 1611046
81222 1611095
81223 1611142
81225 1611242
81226 1611295
81227 1611341
81239 1611761
81244 1612002
81290 1612235
81320 1612423
81321 1612468
81331 1612911
81335 1613053
81401 1613107
81402 1613155
81403 1613202
81410 1613250
81411 1613293
81413 1613340
81414 1613386
81415 1613427
81416 1613472
81418 1613514
81419 1613556
81420 1613602
81422 1613645
81423 1613693
81426 1613833
81427 1613880
81428 1613922
81430 1614011
81431 1614064
81432 1614111
81433 1614155
81434 1614203
81435 1614251
81504 1614450
81522 1614735
91921 1744674
81524 1614823
81525 1614863
81527 1614946
81601 1614991
81602 1615047
81610 1615103
81623 1615372
81624 1615422
81626 1615509
81630 1615552
81631 1615596
81632 1615638
81633 1615682
81635 1615726
81636 1615775
81637 1615830
81638 1615873
81639 1615918
81640 1615961
81641 1616006
81642 1616054
81643 1616100
81645 1616140
81646 1616184
81647 1616226
81648 1616276
81649 1616325
81650 1616371
81652 1616416
81653 1616460
81654 1616504
81655 1616550
81656 1616594
81657 1616643
81658 1616684
82001 1616725
82002 1616772
82003 1616817
82005 1616864
82006 1616916
82007 1616961
82008 1617008
82009 1617053
82010 1617100
82050 1617145
83218 1626382
82051 1617189
82052 1617233
82053 1617277
82054 1617321
82055 1617369
83211 1626109
82058 1617417
82060 1617513
82061 1617561
82063 1617611
82070 1617653
83278 1628087
82071 1617696
82072 1617741
82073 1617786
83226 1626571
82081 1617831
82082 1617877
82083 1617927
83223 1626520
82084 1617975
82190 1618023
82201 1618084
82210 1618131
82212 1618178
82213 1618228
82214 1618267
82215 1618313
82217 1618360
82218 1618410
82219 1618455
82221 1618499
82222 1618545
82223 1618595
82224 1618638
82225 1618690
82227 1618733
82229 1618779
82240 1618826
82242 1618874
82243 1618925
82244 1618970
82310 1619057
82329 1619383
82331 1619432
82332 1619476
82334 1619520
82335 1619566
82336 1619610
82401 1619661
82410 1619708
82411 1619753
82412 1619803
92518 1761665
82414 1619847
82423 1620025
82428 1620116
82430 1620166
82431 1620214
82432 1620260
82433 1620308
82434 1620351
82435 1620395
82440 1620437
82441 1620479
82442 1620524
82443 1620573
82450 1620627
82520 1620998
82523 1621043
97449 1866550
82524 1621091
82601 1621144
82602 1621189
92708 1767309
82604 1621233
82605 1621278
92705 1767169
82609 1621323
82615 1621368
82620 1621419
82630 1621462
82633 1621508
82635 1621555
82636 1621602
82637 1621651
83431 1630976
82638 1621699
82639 1621744
82640 1621789
82642 1621833
88058 1696067
82643 1621878
82644 1621922
82646 1621966
88053 1695874
82648 1622012
88052 1695826
82649 1622062
91316 1734427
82701 1622109
82710 1622156
82711 1622200
82712 1622241
82714 1622284
82715 1622333
82716 1622383
82717 1622430
82718 1622478
82720 1622526
82721 1622569
82723 1622615
82725 1622657
82727 1622703
82729 1622748
82730 1622793
97236 1860159
82731 1622836
82732 1622882
82801 1622927
82831 1622975
82845 1623531
82901 1623577
82902 1623628
82922 1623682
82923 1623731
92029 1746832
82925 1623778
92025 1746637
82929 1623822
82930 1623877
82931 1623922
82932 1623965
82933 1624013
92038 1747078
82934 1624062
92039 1747127
82935 1624111
82936 1624164
82937 1624209
82938 1624251
82939 1624302
82941 1624352
82942 1624400
82943 1624456
82944 1624506
82945 1624552
83011 1624690
83012 1624732
83013 1624772
83014 1624814
83025 1624857
83101 1624907
83110 1624954
83111 1624997
83112 1625042
83113 1625088
83114 1625137
83115 1625184
83116 1625230
83118 1625279
83119 1625322
83120 1625369
83121 1625415
83122 1625462
83123 1625507
83124 1625554
83126 1625596
83127 1625640
83128 1625684
83201 1625728
83202 1625776
83203 1625824
95319 1819192
83204 1625872
95318 1819143
83205 1625920
83206 1625968
83209 1626016
83220 1626427
83221 1626472
83227 1626616
83228 1626661
83229 1626707
83230 1626749
95309 1818757
83232 1626793
83233 1626839
83234 1626886
83235 1626930
83236 1626973
83237 1627017
95303 1818511
83238 1627065
83241 1627163
83243 1627203
96718 1847129
83244 1627249
96719 1847186
83245 1627290
83246 1627334
96704 1846544
83250 1627389
96705 1846594
83251 1627436
96706 1846637
83252 1627479
96707 1846686
83253 1627526
83254 1627565
96701 1846456
83255 1627615
95369 1821255
83256 1627657
83261 1627704
83262 1627750
96737 1847804
83263 1627796
96725 1847358
83271 1627843
96726 1847404
83272 1627887
96720 1847226
83274 1627941
96722 1847310
83276 1627987
83277 1628038
83281 1628132
83283 1628179
83285 1628227
83286 1628271
83287 1628317
83301 1628368
83302 1628420
83303 1628469
83311 1628520
83312 1628564
83313 1628606
83314 1628652
83316 1628696
83318 1628742
83320 1628786
83321 1628829
83322 1628880
83323 1628923
83324 1628966
83325 1629013
95258 1818210
83327 1629055
95257 1818158
83328 1629101
83330 1629147
83332 1629192
83333 1629238
83334 1629282
83335 1629330
83336 1629375
83337 1629422
83338 1629468
83340 1629512
83341 1629557
83342 1629607
83343 1629650
83344 1629697
83346 1629747
83352 1629970
83353 1630017
83354 1630065
83355 1630113
97291 1861189
90016 1716874
83401 1630159
97292 1861239
90015 1716820
83402 1630212
97293 1861288
90014 1716766
83403 1630265
97294 1861337
90013 1716712
83404 1630318
90012 1716658
83405 1630370
97296 1861386
90011 1716604
83406 1630423
83414 1630476
83415 1630517
83420 1630570
83421 1630615
83422 1630661
83423 1630704
97388 1864439
83424 1630747
97389 1864492
83425 1630788
83427 1630834
97384 1864302
88124 1697029
83428 1630879
97385 1864346
88125 1697073
83429 1630926
83433 1631027
83434 1631075
83435 1631121
83436 1631171
83438 1631217
83440 1631262
83441 1631305
83442 1631350
83443 1631396
83444 1631442
83445 1631490
83446 1631541
83448 1631585
83449 1631634
83450 1631686
83451 1631733
83452 1631777
83454 1631821
83455 1631867
83460 1631910
83462 1631955
83463 1631997
83464 1632046
83465 1632090
83466 1632132
83467 1632179
83468 1632222
83469 1632265
83520 1632355
83522 1632404
83523 1632451
83524 1632497
83525 1632545
83526 1632590
83530 1632636
83531 1632684
83533 1632725
83535 1632772
83536 1632818
83537 1632861
83539 1632906
83540 1632949
83541 1632996
83542 1633043
83543 1633085
83544 1633130
83545 1633179
83546 1633224
83547 1633272
83548 1633316
83549 1633360
83552 1633403
83553 1633445
83554 1633493
83555 1633540
97491 1868118
83601 1633587
97492 1868165
83602 1633632
97494 1868250
83604 1633673
97495 1868295
83605 1633717
97496 1868344
83606 1633760
97497 1868390
83607 1633806
97480 1867769
83610 1633852
97481 1867814
83611 1633903
83612 1633948
83615 1633992
97486 1867904
83616 1634038
97487 1867949
83617 1634077
97489 1868029
83619 1634118
83622 1634166
83623 1634216
83624 1634265
83626 1634313
83627 1634359
83628 1634404
83629 1634450
83630 1634501
83631 1634545
83632 1634591
83633 1634640
83634 1634687
83635 1634725
83636 1634772
83637 1634812
83638 1634855
83639 1634899
83642 1634986
83643 1635028
83644 1635069
83645 1635116
83646 1635164
83647 1635209
83650 1635315
83651 1635359
83652 1635402
83653 1635445
83654 1635487
83655 1635534
83656 1635584
83657 1635627
84008 1640658
83661 1635708
83666 1635754
83669 1635802
83670 1635841
83671 1635881
83672 1635924
84078 1643629
83677 1636016
97410 1865150
83680 1636065
97416 1865413
83686 1636108
97417 1865464
83687 1636150
83701 1636192
83702 1636232
83703 1636272
83704 1636312
83705 1636351
83706 1636391
83707 1636430
83708 1636470
83709 1636509
92586 1763431
83711 1636549
92585 1763382
83712 1636588
92584 1763334
83713 1636628
92583 1763282
83714 1636667
92582 1763230
83715 1636713
92581 1763178
83716 1636752
83717 1636792
83719 1636831
83720 1636870
97859 1873922
83722 1636909
83724 1636948
83725 1636988
83726 1637027
83728 1637066
83729 1637106
83731 1637145
83732 1637184
83735 1637223
97880 1874582
83799 1637302
83801 1637342
83802 1637387
83803 1637431
83804 1637478
83805 1637525
83806 1637578
83808 1637621
83809 1637667
83810 1637714
83811 1637761
83812 1637809
83813 1637856
83814 1637903
83815 1637955
83816 1638007
83821 1638060
83822 1638104
83823 1638149
83824 1638191
83825 1638235
83826 1638277
83827 1638325
83830 1638376
83832 1638422
83833 1638465
88538 1702184
83834 1638513
88539 1702227
83835 1638557
83836 1638603
83837 1638645
88535 1702098
84665 1653299
83839 1638692
83845 1638965
83852 1639295
83856 1639483
83857 1639533
83858 1639579
83869 1639956
90409 1724947
83870 1640006
90408 1724892
83871 1640051
83872 1640092
83873 1640134
83874 1640180
83876 1640226
83877 1640272
84002 1640369
84003 1640415
84004 1640464
84014 1640896
97426 1865694
84031 1641598
84032 1641643
88324 1699089
84041 1642045
84042 1642088
84050 1642406
84054 1642590
84058 1642771
84063 1642987
84067 1643175
84071 1643356
84072 1643402
84073 1643449
84087 1644049
84089 1644149
84090 1644195
84094 1644378
84098 1644566
84102 1644668
84103 1644721
84104 1644776
84105 1644830
84106 1644885
84158 1647139
84199 1647576
84307 1647972
89418 1711962
86510 1680352
84314 1648304
99169 1905046
84332 1649113
84333 1649157
99163 1904866
97701 1870862
84338 1649398
84339 1649441
84510 1650082
84511 1650127
84515 1650268
84516 1650308
84522 1650486
84523 1650528
84525 1650571
84526 1650619
84531 1650803
88555 1702829
84605 1651456
95155 1815027
88571 1703474
84621 1651580
95156 1815076
88572 1703517
84622 1651625
95157 1815127
88573 1703560
84623 1651675
95150 1814774
88574 1703603
84624 1651720
88561 1703087
84631 1651986
88562 1703130
84632 1652033
88563 1703173
84633 1652084
95148 1814723
84634 1652125
88565 1703216
84635 1652172
88566 1703259
84636 1652219
88567 1703302
84637 1652264
88568 1703345
84638 1652309
88569 1703388
84639 1652358
88510 1701109
84640 1652399
88514 1701281
84644 1652536
88515 1701324
84645 1652581
84646 1652620
88517 1701367
84647 1652664
84651 1652805
84652 1652847
84653 1652892
84654 1652933
84655 1652976
84656 1653021
84657 1653066
88530 1701883
84660 1653110
88532 1701969
84662 1653158
88533 1702012
84663 1653208
88534 1702055
84664 1653255
84667 1653346
84725 1654081
84744 1654925
96782 1849719
95215 1816550
84749 1655110
84754 1655334
85007 1657025
85008 1657072
85009 1657119
85010 1657166
85011 1657212
85012 1657258
85013 1657305
85014 1657352
85015 1657399
85016 1657446
85017 1657493
85018 1657540
85019 1657587
85020 1657634
85021 1657681
85022 1657726
85023 1657772
85024 1657819
85025 1657865
85026 1657911
85027 1657957
85028 1658004
85029 1658051
85030 1658098
85031 1658144
85032 1658191
85033 1658238
85034 1658285
85035 1658332
85036 1658379
85037 1658425
85038 1658472
85039 1658518
85040 1658564
85041 1658611
85044 1658752
85045 1658799
85046 1658846
99634 1914309
85068 1659494
99635 1914367
85069 1659540
85070 1659586
85071 1659632
85072 1659678
85073 1659724
99628 1913970
85074 1659770
85076 1659862
99624 1913740
85078 1659908
99625 1913793
85079 1659954
99659 1915653
89122 1708267
85085 1660139
85097 1660282
85098 1660328
85120 1660474
85128 1660666
85130 1660711
85131 1660759
85132 1660800
85135 1660845
85137 1660887
85138 1660930
85139 1660975
85140 1661020
85192 1661391
85193 1661436
85201 1661532
85205 1661707
85224 1662235
85225 1662283
85226 1662331
85234 1662426
99790 1922341
85250 1662711
99740 1919692
85280 1663855
99741 1919752
85281 1663900
99742 1919808
85282 1663945
99743 1919856
85283 1663990
99744 1919899
85284 1664035
99745 1919945
85285 1664080
99746 1920001
85286 1664125
99747 1920056
85287 1664173
99755 1920483
85295 1664218
99756 1920541
85296 1664265
99757 1920609
85297 1664312
99758 1920674
85298 1664359
99759 1920729
85299 1664406
87107 1684081
85303 1664548
89061 1706820
85304 1664596
85309 1664836
87114 1684450
85318 1665036
89087 1707255
85322 1665168
85328 1665460
85338 1665878
85339 1665926
99688 1917259
89191 1710725
85348 1666348
99691 1917440
85351 1666479
99697 1917745
85357 1666753
97040 1855054
85366 1667162
99640 1914656
97062 1855824
89159 1709952
85380 1667713
97060 1855774
85382 1667805
99643 1914776
85383 1667851
99645 1914884
97067 1856014
85385 1667896
99647 1914947
97065 1855970
85387 1667942
99652 1915238
89129 1708587
85392 1668088
99655 1915429
85395 1668136
99656 1915488
97070 1856111
85396 1668183
85501 1668229
85530 1668311
85531 1668353
85532 1668398
85533 1668442
85539 1668625
85541 1668713
85542 1668755
85545 1668879
85548 1669011
85552 1669145
85553 1669191
85618 1669975
85628 1670441
85629 1670489
85631 1670584
85641 1671054
85710 1672122
85714 1672287
85718 1672453
85719 1672495
85728 1672829
85738 1673204
85739 1673248
85741 1673331
85775 1674001
94257 1798059
85923 1674320
85930 1674635
85931 1674679
85932 1674731
85933 1674777
85936 1674913
95109 1813143
85940 1675102
95108 1813092
85941 1675146
86001 1675240
86002 1675288
86003 1675337
86004 1675386
86005 1675435
95406 1822525
86011 1675484
95402 1822333
86015 1675533
95401 1822285
86016 1675582
86017 1675635
86018 1675684
86020 1675727
86024 1675925
86028 1676021
86038 1676469
94595 1804651
86039 1676519
86040 1676575
86044 1676713
86045 1676760
86046 1676809
86047 1676857
86052 1676902
86053 1676951
86054 1676998
86301 1677042
97119 1857330
86302 1677089
97118 1857280
86303 1677136
86304 1677183
86305 1677230
86312 1677277
86313 1677331
86314 1677378
97128 1857665
86315 1677432
86326 1677773
86327 1677822
86329 1677866
88430 1700790
86331 1677913
86333 1678005
88435 1700965
86334 1678049
88434 1700922
86335 1678095
86336 1678140
88436 1701016
86337 1678186
88427 1700745
86340 1678329
88426 1700704
86341 1678374
88410 1700205
86351 1678520
86401 1678566
86402 1678611
86403 1678656
86404 1678710
86405 1678764
86406 1678818
98675 1896900
86409 1678871
86411 1678916
86412 1678963
86413 1679009
86426 1679060
86427 1679109
86429 1679158
86430 1679209
86431 1679260
95828 1835168
86433 1679355
86434 1679399
86435 1679450
86436 1679495
86437 1679539
97626 1870259
95822 1834856
86439 1679629
86446 1679983
86502 1680034
86503 1680080
86506 1680218
86507 1680260
99167 1905003
86538 1680683
86545 1680823
87008 1681247
87016 1681626
87017 1681671
87020 1681769
87021 1681813
87024 1681950
87025 1682002
87026 1682055
87027 1682099
87031 1682241
87032 1682290
87034 1682338
87035 1682393
87036 1682441
87037 1682492
87038 1682539
87040 1682586
87041 1682631
87042 1682681
87043 1682728
87046 1682870
87047 1682916
87048 1682969
89310 1710952
87051 1683062
87052 1683110
87053 1683170
89317 1711182
87056 1683220
87060 1683316
87061 1683360
89301 1710907
87062 1683407
87063 1683452
87064 1683499
87068 1683552
87070 1683604
87072 1683658
87083 1683712
87158 1685238
87174 1685291
87176 1685343
89017 1705210
87194 1685820
89016 1705164
87195 1685873
89015 1705118
87196 1685926
89014 1705073
87197 1685979
87198 1686032
87199 1686085
99833 1923282
87302 1686184
87305 1686230
87323 1686823
87455 1687883
87461 1687930
87502 1688076
87506 1688265
87507 1688313
87508 1688361
87509 1688408
87513 1688595
87514 1688643
87515 1688687
87516 1688737
87518 1688828
87519 1688877
87520 1688918
87529 1689293
87531 1689386
87537 1689582
87538 1689633
87543 1689776
87566 1690584
87569 1690687
87575 1690873
87579 1691068
87583 1691253
87713 1691599
87718 1691732
87728 1691917
87729 1691961
87745 1692447
87746 1692495
87747 1692540
87749 1692586
87752 1692674
87801 1692763
87820 1692809
87821 1692853
87823 1692896
87827 1693031
87830 1693170
87831 1693215
87832 1693264
87901 1693313
98277 1884052
87930 1693372
98276 1884005
87931 1693415
98274 1883906
87933 1693460
98272 1883809
87935 1693503
98271 1883759
87936 1693554
98270 1883708
87937 1693605
87939 1693652
98175 1880812
87940 1693699
98174 1880769
87941 1693748
98177 1880855
87942 1693796
87943 1693846
88001 1693891
88002 1693944
88003 1694012
88004 1694065
88005 1694118
88006 1694171
88007 1694224
88008 1694277
88009 1694332
88011 1694376
88012 1694429
88020 1694482
88021 1694526
88022 1694575
88023 1694625
88024 1694668
88025 1694716
88026 1694761
88027 1694809
88028 1694862
88029 1694904
88030 1694946
88031 1694988
88032 1695030
88033 1695080
88034 1695132
88036 1695176
88038 1695224
88039 1695265
88040 1695311
88041 1695355
88042 1695399
88043 1695446
88044 1695488
88045 1695538
88046 1695584
88047 1695633
88048 1695686
88049 1695736
88051 1695779
88054 1695922
88055 1695979
88056 1696023
88061 1696119
88062 1696165
88063 1696213
88065 1696268
90095 1721024
88072 1696310
95465 1824883
88081 1696356
88101 1696402
90639 1726654
88102 1696445
90638 1726602
88103 1696488
90607 1725927
88112 1696535
90606 1725876
88113 1696580
90601 1725621
88114 1696627
88115 1696672
90603 1725723
88116 1696717
96001 1840007
88118 1696763
88119 1696808
97380 1864166
88120 1696855
97381 1864211
88121 1696896
88122 1696937
97383 1864257
88123 1696983
97386 1864393
88126 1697122
97390 1864535
88130 1697166
97392 1864628
88132 1697215
88133 1697262
97394 1864672
88134 1697310
88135 1697354
97396 1864719
88136 1697397
88210 1697573
88211 1697616
88213 1697659
88240 1697917
88241 1697957
98539 1891934
88242 1697997
88244 1698037
88260 1698332
97754 1872101
88268 1698584
88301 1698631
88310 1698679
88311 1698726
88312 1698773
97488 1867991
88314 1698816
88316 1698856
88317 1698902
97484 1867859
88318 1698949
88330 1699196
88336 1699256
88337 1699300
98403 1888821
88338 1699343
88340 1699431
88341 1699477
88342 1699521
88343 1699567
88344 1699612
88345 1699654
88346 1699699
88347 1699751
88348 1699798
88349 1699849
88350 1699893
88351 1699938
88352 1699983
88353 1700027
88354 1700074
88355 1700115
88401 1700161
88411 1700248
94278 1798735
88415 1700332
88416 1700376
88417 1700429
94274 1798631
88419 1700523
88421 1700565
88431 1700834
88511 1701152
88520 1701496
88521 1701539
88523 1701582
88526 1701711
88527 1701754
94125 1794423
88528 1701797
88531 1701926
88536 1702141
95164 1815382
88540 1702270
95160 1815280
88544 1702442
88548 1702614
88550 1702700
88558 1702958
88559 1703001
88580 1703861
88581 1703904
88582 1703947
88583 1703990
88584 1704033
88585 1704076
88586 1704119
88587 1704162
88588 1704205
88589 1704248
88590 1704291
88595 1704334
88901 1704377
88905 1704423
89001 1704469
89002 1704512
89003 1704558
89004 1704599
89005 1704648
89006 1704697
89007 1704746
89008 1704794
89009 1704841
89018 1705253
89019 1705304
89029 1705744
89030 1705789
89031 1705841
89032 1705893
89033 1705944
89034 1705996
89039 1706142
89040 1706190
89042 1706276
89043 1706321
89044 1706366
89045 1706414
89047 1706510
89049 1706603
89054 1706737
89070 1706904
89103 1707399
89106 1707535
89108 1707627
99653 1915302
97075 1856209
89128 1708541
97006 1853494
89131 1708677
97001 1853251
89136 1708905
89139 1709042
89152 1709636
89164 1710179
89166 1710270
89169 1710316
89170 1710362
89177 1710452
89180 1710589
89185 1710680
89311 1710995
89316 1711138
89402 1711323
89403 1711371
89406 1711502
89407 1711549
89410 1711678
89411 1711729
89412 1711773
89413 1711818
89420 1712055
89421 1712100
89422 1712150
89423 1712192
89424 1712237
89425 1712280
89426 1712327
89427 1712382
89428 1712427
89429 1712474
89430 1712522
89431 1712563
89432 1712607
89433 1712651
89434 1712699
89435 1712743
89436 1712787
89440 1712919
89441 1712970
89442 1713014
89444 1713061
89445 1713107
89446 1713157
89447 1713207
89448 1713252
89449 1713302
98504 1890791
89450 1713350
98505 1890838
89451 1713403
98506 1890885
89452 1713456
89460 1713509
89496 1713560
89501 1713607
89502 1713649
89503 1713691
89504 1713733
89505 1713775
89506 1713817
89507 1713859
89508 1713901
89509 1713943
89510 1713984
89511 1714026
89512 1714068
89513 1714110
89515 1714148
89519 1714190
89520 1714232
89521 1714274
89523 1714316
89533 1714358
89570 1714484
89595 1714526
89701 1714610
89702 1714671
89703 1714732
89704 1714793
89705 1714844
89706 1714894
89711 1714955
89712 1715016
89713 1715077
89721 1715199
89801 1715260
89802 1715300
89803 1715340
89815 1715380
89820 1715428
89821 1715480
89822 1715533
89823 1715575
89826 1715659
97268 1860796
90001 1716064
90002 1716118
90003 1716172
90004 1716226
90005 1716280
90006 1716334
90007 1716388
91393 1737281
90008 1716442
91392 1737232
90009 1716496
90010 1716550
97290 1861140
90017 1716928
90018 1716982
90019 1717035
90020 1717089
90021 1717143
90022 1717197
90023 1717251
90024 1717305
90025 1717359
90026 1717413
90027 1717467
90028 1717520
90029 1717574
90030 1717626
90031 1717680
90032 1717734
90033 1717788
90034 1717842
90035 1717895
90036 1717949
90037 1718003
90038 1718056
90039 1718110
90040 1718164
90041 1718218
90042 1718272
93024 1771430
90043 1718326
93023 1771387
90044 1718380
93022 1771341
90045 1718434
93021 1771294
90046 1718488
93020 1771248
90047 1718542
90048 1718596
90049 1718649
90050 1718701
90051 1718755
90052 1718809
90053 1718863
90054 1718917
90055 1718971
90056 1719025
90057 1719079
93011 1770946
90058 1719133
93010 1770898
90059 1719187
90060 1719241
90061 1719295
93009 1770852
90062 1719349
90063 1719403
90064 1719457
90065 1719511
90066 1719565
90067 1719618
93003 1770622
90068 1719672
93002 1770576
90069 1719726
90070 1719783
90071 1719837
90072 1719891
90073 1719945
90074 1719999
90075 1720053
90077 1720161
91385 1737013
90078 1720215
91384 1736963
90079 1720269
90080 1720323
90081 1720377
90082 1720431
90083 1720485
90084 1720539
90086 1720593
90087 1720647
90088 1720701
90089 1720755
90090 1720809
90091 1720862
90093 1720916
90094 1720970
90096 1721078
97502 1868579
90099 1721132
90189 1721186
90201 1721240
90202 1721295
90209 1721341
90210 1721397
90211 1721453
90212 1721508
90213 1721564
90220 1721620
90221 1721670
90222 1721720
90223 1721770
90224 1721820
90230 1721870
90231 1721924
90232 1721978
90233 1722032
90239 1722086
90240 1722133
90241 1722182
90242 1722231
90245 1722280
90247 1722333
90248 1722383
90249 1722433
90250 1722483
90251 1722535
90254 1722587
90255 1722643
90260 1722701
90261 1722751
90262 1722802
90263 1722852
90264 1722900
90265 1722948
90266 1722997
90267 1723055
90270 1723113
90272 1723162
90274 1723222
90275 1723287
90277 1723348
90278 1723404
91117 1732253
90280 1723460
90290 1723513
90291 1723563
90292 1723612
90293 1723669
90294 1723725
90295 1723774
90296 1723831
90301 1723887
90304 1724042
90308 1724250
90309 1724302
90401 1724510
90402 1724565
90404 1724674
90405 1724729
90406 1724782
90407 1724837
90410 1725002
90411 1725057
90501 1725112
90502 1725163
90508 1725468
90509 1725519
90510 1725570
90602 1725672
96008 1840228
90604 1725774
96009 1840277
90605 1725825
90608 1725978
90609 1726029
96014 1840453
90610 1726080
96024 1840864
90620 1726131
96025 1840915
90621 1726178
90622 1726226
96027 1840963
90623 1726274
96020 1840681
90624 1726320
96034 1841259
90630 1726368
96035 1841306
90631 1726413
90632 1726459
96037 1841349
90633 1726505
96033 1841209
90637 1726551
90640 1726706
90650 1726758
90651 1726808
90652 1726858
90660 1726908
90661 1726962
90662 1727016
90670 1727070
90671 1727129
90680 1727188
93117 1773170
90710 1727537
93116 1773119
90711 1727590
90712 1727641
90713 1727692
92688 1766570
90714 1727743
90715 1727794
93111 1773061
90716 1727845
93110 1773003
90717 1727903
90720 1727952
90721 1728002
90723 1728051
90731 1728103
90732 1728155
90734 1728258
90740 1728310
90742 1728358
90743 1728407
90744 1728453
90745 1728506
90746 1728554
90747 1728603
90748 1728652
90749 1728703
90755 1728752
90801 1728806
90802 1728858
90803 1728910
90806 1729069
90807 1729122
90808 1729175
90809 1729228
90810 1729281
90813 1729334
90814 1729386
90815 1729438
90831 1729544
90832 1729597
90833 1729649
90834 1729702
90835 1729755
90840 1729808
90842 1729861
90844 1729914
90846 1729966
90847 1730019
90848 1730072
90853 1730125
90895 1730178
90899 1730227
91001 1730279
91003 1730330
91006 1730381
91007 1730431
91008 1730481
91009 1730529
91010 1730578
91011 1730627
91012 1730690
91016 1730753
91017 1730803
91020 1730853
91021 1730904
91023 1730955
91024 1731010
91025 1731065
91030 1731120
91031 1731177
91040 1731234
91041 1731284
91042 1731334
91043 1731384
91046 1731434
91066 1731489
91077 1731539
91101 1731589
91102 1731640
91103 1731691
91105 1731793
91106 1731844
91107 1731895
91108 1731945
91109 1731998
91110 1732049
91114 1732100
91115 1732151
91116 1732202
91118 1732304
91121 1732357
91123 1732408
91124 1732459
91125 1732510
91126 1732561
91129 1732612
91182 1732663
91184 1732714
91185 1732765
91199 1732918
91206 1733224
91208 1733326
91209 1733376
91210 1733427
91214 1733478
91221 1733533
91222 1733584
91224 1733635
91225 1733690
91226 1733741
91301 1733792
91302 1733847
91303 1733899
91304 1733953
91305 1734007
91306 1734061
91307 1734112
91308 1734165
91309 1734217
91310 1734271
91311 1734321
91313 1734374
91319 1734476
97212 1859131
92615 1764386
91320 1734527
97213 1859180
92614 1764342
91321 1734578
97210 1859033
92617 1764484
91322 1734627
97216 1859326
91324 1734677
97217 1859375
92610 1764246
91325 1734730
97214 1859229
91326 1734783
97215 1859278
92612 1764298
91327 1734837
91328 1734890
91329 1734943
97206 1858839
91330 1734996
97207 1858887
91331 1735049
97205 1858790
91333 1735099
97202 1858644
91334 1735148
97203 1858692
91335 1735197
97201 1858595
92628 1764904
91337 1735246
91340 1735295
91341 1735350
91342 1735404
91343 1735453
91344 1735507
91345 1735563
91346 1735619
91350 1735674
91351 1735730
92649 1765260
91352 1735786
92648 1765206
91353 1735839
91354 1735892
91355 1735943
91356 1735994
91357 1736044
91358 1736093
91359 1736145
91360 1736200
91361 1736252
91362 1736307
92659 1765760
91364 1736359
92658 1765709
91365 1736413
91367 1736470
91371 1736527
91372 1736584
92661 1765862
91376 1736636
92660 1765811
91377 1736691
91380 1736737
91381 1736793
91382 1736851
91383 1736907
91386 1737064
91387 1737120
91390 1737176
97266 1860698
91394 1737335
97267 1860747
91395 1737391
91396 1737446
91401 1737496
91404 1737657
93199 1773678
91405 1737707
91406 1737758
91407 1737809
92131 1750470
91426 1738275
92145 1751021
91470 1738372
91482 1738422
92160 1751521
91495 1738472
92163 1751621
91496 1738527
91499 1738577
91501 1738627
91502 1738677
91503 1738727
91504 1738776
91505 1738826
91506 1738875
91507 1738925
91508 1738974
91510 1739023
91521 1739072
91522 1739121
91523 1739170
91526 1739219
91601 1739268
91602 1739326
91603 1739383
91604 1739440
91605 1739493
91606 1739551
91607 1739609
91608 1739666
91609 1739723
91611 1739834
91616 1740059
91618 1740173
91701 1740230
91702 1740292
91706 1740340
91708 1740395
91709 1740445
91710 1740502
91711 1740553
91714 1740605
91715 1740664
91716 1740723
91722 1740782
91723 1740831
91724 1740879
91730 1740989
91731 1741050
91732 1741101
91733 1741152
91734 1741209
91735 1741260
91737 1741311
91739 1741373
91740 1741435
91741 1741486
91743 1741537
91744 1741588
91745 1741640
91746 1741699
91747 1741751
91752 1741960
91758 1742176
91759 1742229
91761 1742280
91762 1742333
91763 1742386
91764 1742441
91765 1742494
91766 1742548
91767 1742597
91770 1742744
91771 1742795
91772 1742846
91773 1742897
91775 1742949
91776 1743003
91778 1743056
91780 1743110
91786 1743267
91789 1743368
91790 1743417
91791 1743471
91792 1743525
91793 1743579
91801 1743632
91802 1743683
91803 1743733
91804 1743784
91896 1743834
91899 1743884
91908 1744169
91910 1744266
91912 1744370
91931 1744726
91932 1744773
91933 1744828
91934 1744883
91935 1744931
92881 1770198
91941 1744977
92882 1770245
91942 1745025
92883 1770292
91943 1745073
91944 1745121
92885 1770338
91945 1745169
92886 1770387
91946 1745221
91948 1745273
91950 1745326
91951 1745380
91962 1745434
91963 1745485
91976 1745533
91977 1745587
91978 1745640
91979 1745694
92840 1768947
91980 1745748
92010 1746100
92011 1746149
92014 1746247
92020 1746392
92021 1746441
92022 1746490
92023 1746539
92024 1746587
92026 1746685
92027 1746735
92028 1746784
92030 1746882
92033 1746932
92036 1746982
92037 1747029
92040 1747176
92046 1747225
92049 1747275
92055 1747475
92058 1747629
92059 1747679
92060 1747724
92061 1747781
92064 1747834
92065 1747880
92067 1747974
92069 1748081
92070 1748132
92071 1748185
92072 1748232
92074 1748279
92075 1748325
92078 1748378
92084 1748624
92088 1748768
92092 1748874
92102 1749073
92103 1749123
92107 1749323
92109 1749423
92114 1749672
92120 1749971
92121 1750021
92122 1750071
92124 1750171
92127 1750271
92128 1750321
93140 1773446
92129 1750370
92140 1750870
92142 1750920
92143 1750970
92147 1751071
93160 1773562
92149 1751121
92152 1751221
92161 1751571
92165 1751671
92166 1751721
92167 1751771
92168 1751821
92169 1751871
92170 1751921
92171 1751971
92172 1752021
92173 1752071
92174 1752121
92175 1752171
92176 1752221
92177 1752271
92178 1752321
92179 1752370
92191 1752620
92196 1752820
92198 1752920
92199 1752970
92220 1753263
92222 1753311
92223 1753355
92226 1753451
92227 1753498
92239 1753897
92240 1753950
92241 1754009
92242 1754067
92243 1754117
92244 1754166
92247 1754215
92248 1754265
92249 1754320
92250 1754365
92252 1754460
92253 1754517
92254 1754567
92255 1754612
92256 1754663
92257 1754723
92258 1754769
92259 1754828
93403 1778146
92268 1755242
92270 1755299
92273 1755353
92274 1755399
92275 1755447
93464 1780774
92283 1755827
92301 1756045
92304 1756099
92305 1756150
92307 1756208
92308 1756266
92309 1756324
92312 1756484
92315 1756653
92316 1756711
92317 1756768
92318 1756822
92320 1756877
92321 1756925
92322 1756981
92323 1757042
92324 1757092
92325 1757144
92327 1757199
92331 1757352
92332 1757399
92333 1757450
92334 1757504
92335 1757556
92336 1757609
92337 1757662
92340 1757823
92341 1757877
92342 1757939
92344 1757994
92347 1758156
92352 1758265
92354 1758325
92356 1758381
92358 1758496
92363 1758606
92368 1758830
92369 1758886
92371 1758938
92372 1758990
92373 1759047
92374 1759101
92375 1759154
92376 1759208
92377 1759260
92378 1759312
92382 1759366
92384 1759427
92385 1759471
92386 1759526
92389 1759581
92393 1759736
92395 1759850
92397 1759907
92398 1759963
92399 1760013
92403 1760186
92405 1760306
92408 1760486
92410 1760546
92411 1760606
92501 1760966
92502 1761016
92503 1761066
92504 1761116
92505 1761166
92506 1761216
92507 1761266
92508 1761316
92509 1761366
92513 1761415
92514 1761465
92515 1761515
92516 1761565
92517 1761615
92519 1761728
92521 1761778
92522 1761828
92530 1761878
92531 1761932
92532 1761986
92536 1762039
92543 1762132
92544 1762177
92545 1762222
92546 1762268
92548 1762314
92549 1762363
92551 1762413
92552 1762467
92553 1762521
92555 1762629
92556 1762683
92557 1762737
92561 1762791
92562 1762847
92563 1762896
92564 1762944
92567 1762993
92570 1763039
92571 1763086
92572 1763131
92587 1763480
92589 1763531
92590 1763580
92591 1763629
92592 1763678
92593 1763727
92595 1763776
92596 1763824
92599 1763875
92606 1764107
93066 1772340
92609 1764202
97211 1859082
92616 1764440
92618 1764528
92619 1764572
97209 1858985
92620 1764616
92623 1764660
92624 1764704
92625 1764756
92626 1764808
92627 1764856
92629 1764952
92630 1765000
92637 1765049
92646 1765099
92647 1765153
92650 1765313
92651 1765362
92652 1765412
92653 1765461
92654 1765511
92655 1765561
92656 1765609
92657 1765658
92662 1765913
92663 1765964
92672 1766014
92673 1766064
92674 1766114
92675 1766164
92676 1766221
92677 1766268
92678 1766319
92679 1766371
93118 1773221
92683 1766423
92684 1766472
92685 1766521
92690 1766630
92691 1766680
92692 1766731
93121 1773330
92694 1766839
92697 1766889
92703 1767076
92704 1767123
92706 1767215
92707 1767262
92712 1767409
92728 1767455
92735 1767507
92780 1767554
92781 1767598
92782 1767642
92799 1767686
92801 1767733
92802 1767778
92803 1767823
92804 1767868
92805 1767913
92806 1767958
92807 1768003
92808 1768048
92809 1768093
92811 1768138
92812 1768181
92814 1768225
92815 1768270
92816 1768315
92817 1768360
92821 1768405
92822 1768447
92823 1768489
92825 1768529
92831 1768574
92832 1768621
92833 1768667
92834 1768714
92835 1768760
92836 1768807
92837 1768854
92838 1768901
92841 1768997
92842 1769047
92843 1769097
92844 1769146
92845 1769196
92846 1769246
92850 1769295
92856 1769340
92857 1769384
92859 1769428
92860 1769472
92861 1769518
92862 1769566
92863 1769609
92865 1769697
92867 1769785
92868 1769828
92869 1769872
92870 1769916
92871 1769963
92877 1770010
92878 1770057
92879 1770104
92880 1770151
92887 1770436
92899 1770485
93001 1770530
93004 1770668
93005 1770714
93006 1770760
93007 1770806
93012 1770994
93013 1771042
93014 1771098
93015 1771154
93016 1771201
93030 1771472
93031 1771516
93032 1771561
93033 1771606
93034 1771651
93035 1771696
93036 1771740
93040 1771784
93041 1771827
93042 1771878
93043 1771932
93044 1771992
93060 1772043
93061 1772093
93062 1772143
93063 1772193
93064 1772243
93065 1772290
93101 1772539
93102 1772597
93103 1772655
93105 1772713
93106 1772771
93107 1772829
93108 1772887
93109 1772945
93120 1773272
93130 1773388
93150 1773504
93204 1773858
93205 1773901
93206 1773943
93207 1773991
93210 1774100
93215 1774191
93216 1774233
93218 1774275
93219 1774318
93222 1774450
93230 1774735
93232 1774779
93234 1774823
93238 1774954
93239 1774998
93240 1775049
93241 1775096
93242 1775138
93244 1775222
93245 1775270
93246 1775314
93247 1775358
93250 1775449
93256 1775680
93260 1775822
93261 1775865
93265 1776011
93268 1776153
93275 1776378
93277 1776464
93278 1776509
93279 1776554
93280 1776599
93282 1776639
93283 1776684
93285 1776726
93286 1776777
93287 1776823
93290 1776864
93291 1776909
93292 1776953
93301 1776998
93302 1777045
93303 1777092
93304 1777139
93305 1777186
93306 1777232
93307 1777279
93308 1777326
93309 1777373
93311 1777420
93312 1777467
93313 1777514
93314 1777561
93384 1777700
93389 1777935
93401 1778029
93405 1778208
93412 1778580
93428 1779025
93429 1779078
93430 1779130
93432 1779184
93433 1779238
93434 1779296
93435 1779348
93436 1779402
93437 1779453
93438 1779504
93440 1779555
93441 1779610
93444 1779777
93445 1779830
93446 1779882
93447 1779940
93449 1780056
93450 1780114
93451 1780162
93452 1780219
93453 1780275
93454 1780337
93455 1780393
93502 1781036
93515 1781355
93518 1781483
93528 1781787
93529 1781835
93542 1782269
93543 1782316
93545 1782416
93558 1782894
93560 1782952
93561 1782996
93584 1783186
93586 1783237
93590 1783288
93591 1783339
93592 1783390
93599 1783482
93601 1783533
93602 1783579
93603 1783624
93604 1783668
93605 1783715
93606 1783762
93607 1783805
93608 1783849
93609 1783899
93610 1783946
93618 1784262
93619 1784306
93622 1784441
93623 1784486
93625 1784584
93626 1784627
93627 1784671
93630 1784755
93631 1784799
93633 1784845
93634 1784907
93635 1784953
93636 1785000
93637 1785044
93638 1785087
93639 1785131
93643 1785321
93648 1785552
93649 1785597
93661 1786005
93664 1786100
93668 1786293
93669 1786343
93670 1786385
93673 1786429
93708 1786829
93709 1786873
93711 1786961
93718 1787225
93750 1788017
93760 1788105
93761 1788149
93764 1788193
93765 1788237
93772 1788325
93777 1788545
93778 1788589
93779 1788633
93786 1788677
93790 1788721
93791 1788765
93792 1788809
93793 1788853
93794 1788897
93844 1788941
93888 1788985
93901 1789029
93906 1789170
93907 1789217
93915 1789358
93920 1789405
93921 1789452
93923 1789555
93926 1789699
93927 1789745
93930 1789840
93932 1789889
93933 1789935
93954 1790275
93955 1790324
96757 1848697
94005 1790515
96746 1848220
94010 1790564
96747 1848262
94011 1790615
96740 1847942
94016 1790765
96741 1847991
94017 1790815
94024 1791172
94025 1791224
94026 1791275
94027 1791326
94030 1791430
94035 1791478
94039 1791632
96790 1850041
94042 1791799
94061 1792010
94065 1792221
94083 1792487
94086 1792599
94087 1792651
94088 1792703
94089 1792755
94103 1792884
94104 1792961
94105 1793038
94107 1793115
94108 1793192
94109 1793269
94110 1793346
94111 1793423
94112 1793500
94114 1793577
94115 1793653
94116 1793730
94117 1793807
94118 1793884
94119 1793961
94123 1794269
94131 1794861
98226 1881945
94143 1795552
98221 1881705
94144 1795629
98222 1881752
94147 1795860
94163 1796322
94164 1796399
94188 1796630
94204 1796759
94205 1796811
94207 1796915
94208 1796967
94211 1797071
94234 1797279
94236 1797383
94239 1797487
94240 1797539
94268 1798423
94271 1798527
94277 1798683
94295 1799515
94296 1799567
94297 1799619
94302 1799827
94303 1799878
94304 1799928
94305 1799980
94306 1800031
94309 1800082
94402 1800183
94508 1800682
94509 1800724
94511 1800820
94519 1801224
94523 1801426
94544 1802399
94556 1802941
94560 1803117
94574 1803793
94579 1804035
94580 1804085
94581 1804135
94582 1804175
94583 1804228
94585 1804281
94586 1804329
94587 1804373
94588 1804422
94589 1804471
94590 1804516
94591 1804561
94592 1804606
94596 1804707
94597 1804763
95595 1828369
94602 1804967
94603 1805013
94604 1805058
94605 1805104
94606 1805150
94607 1805196
94608 1805242
94609 1805291
94610 1805337
94618 1805659
94620 1805751
94660 1806073
94708 1806581
99801 1922452
94709 1806628
94801 1806816
94802 1806865
94803 1806917
94804 1806972
94805 1807024
94806 1807076
94807 1807129
94808 1807181
95968 1838948
94901 1807340
94903 1807387
94904 1807434
94912 1807480
94913 1807527
94914 1807574
94915 1807620
94925 1807857
94926 1807906
94928 1808006
94929 1808055
94938 1808288
94939 1808334
94940 1808379
94941 1808422
94942 1808470
94945 1808516
94946 1808559
94947 1808603
94948 1808646
94949 1808689
94950 1808732
94951 1808774
98682 1896943
94952 1808821
98683 1896989
94953 1808867
98684 1897035
94954 1808913
98685 1897081
94955 1808959
98686 1897127
94956 1809005
98687 1897172
94957 1809061
94963 1809150
94964 1809199
94965 1809247
94966 1809293
94970 1809339
94971 1809388
94972 1809432
94973 1809481
94974 1809526
94975 1809573
95979 1839452
94976 1809619
98648 1896095
94998 1809805
98649 1896144
94999 1809848
95001 1809894
95004 1810034
95005 1810080
95006 1810132
95007 1810187
95010 1810339
95011 1810389
95012 1810439
95013 1810489
95014 1810538
95015 1810589
95017 1810640
95018 1810691
95019 1810739
95020 1810788
95021 1810837
95023 1810886
95024 1810937
95026 1810988
95030 1811039
95031 1811091
98339 1886173
95035 1811247
95036 1811297
95037 1811346
98335 1885991
95039 1811454
95041 1811506
95042 1811560
95043 1811614
95044 1811664
95045 1811721
95046 1811780
95050 1811833
95051 1811886
95052 1811940
95053 1811994
95054 1812048
95055 1812102
95056 1812156
95061 1812262
95064 1812418
95066 1812522
95070 1812632
95071 1812683
95073 1812734
95075 1812782
95076 1812833
95077 1812886
95118 1813550
95119 1813601
95122 1813754
95123 1813805
98228 1882043
95124 1813856
98229 1882092
95125 1813907
95126 1813957
95127 1814008
95130 1814161
95131 1814212
95132 1814261
95133 1814312
98238 1882456
95134 1814362
98239 1882498
95135 1814413
95136 1814464
95138 1814514
98235 1882319
95139 1814565
95140 1814616
95141 1814673
95158 1815178
95190 1815585
95191 1815636
95192 1815687
95193 1815738
95194 1815789
95196 1815840
95210 1816348
96786 1849902
95211 1816398
96785 1849857
95212 1816448
96784 1849814
95213 1816499
95228 1817041
95229 1817093
95240 1817502
95241 1817549
95242 1817596
95245 1817643
95246 1817698
95247 1817753
95248 1817801
95249 1817856
95251 1817908
95252 1817958
95253 1818012
95254 1818059
95255 1818107
95269 1818314
95296 1818365
95297 1818416
95304 1818556
95305 1818604
95306 1818656
95307 1818710
95310 1818809
95311 1818856
95312 1818908
95313 1818953
95315 1819008
95316 1819051
95317 1819098
95320 1819240
95321 1819290
95322 1819339
95323 1819384
95324 1819433
95325 1819477
95326 1819525
95327 1819574
95328 1819623
95329 1819670
95334 1819817
95336 1819913
95337 1819963
95340 1820061
95341 1820105
95346 1820281
95348 1820383
95350 1820426
95351 1820475
95355 1820671
95357 1820769
95358 1820818
95360 1820867
95361 1820915
96708 1846732
95363 1820964
95364 1821015
95365 1821064
95366 1821109
95367 1821157
96703 1846500
95368 1821207
95372 1821346
95373 1821398
96771 1849272
95378 1821639
96770 1849228
95379 1821686
96767 1849097
95380 1821734
96766 1849055
95381 1821783
96765 1849013
95382 1821832
96762 1848876
95385 1821932
96761 1848833
95386 1821983
96760 1848785
95387 1822033
95388 1822082
95391 1822188
95397 1822236
95403 1822381
95404 1822429
95405 1822477
95407 1822573
95409 1822621
95412 1822714
95415 1822761
95416 1822811
95417 1822866
95418 1822916
95428 1823385
95429 1823430
95439 1823809
95441 1823853
95442 1823902
95443 1823950
95444 1823994
95445 1824038
95446 1824086
95448 1824135
95449 1824182
95450 1824229
95451 1824273
95452 1824320
95453 1824365
95454 1824408
95456 1824460
95457 1824513
95458 1824559
95459 1824602
95460 1824653
95461 1824703
95464 1824843
95466 1824931
95467 1824976
95468 1825030
95470 1825133
95471 1825188
95472 1825234
95473 1825282
95476 1825330
95486 1825566
95493 1825804
96096 1843617
95501 1825955
96095 1843568
95502 1826001
96094 1843524
95503 1826047
95511 1826093
97310 1861869
95514 1826143
95518 1826193
95519 1826239
97325 1862251
95521 1826292
95524 1826338
97321 1862127
95525 1826385
97322 1862168
95526 1826434
95527 1826485
95528 1826535
97335 1862575
95531 1826582
97336 1862619
95532 1826636
97330 1862434
95534 1826690
95536 1826736
97333 1862528
95537 1826784
95538 1826838
95540 1826887
95542 1826934
95543 1826985
95545 1827032
95546 1827080
95547 1827125
95548 1827175
95549 1827223
95550 1827271
95551 1827317
95552 1827363
95553 1827411
95554 1827458
95555 1827508
95556 1827553
95558 1827600
95559 1827648
95560 1827701
95562 1827747
95563 1827795
95564 1827839
95565 1827884
95567 1827930
95568 1827982
95569 1828031
95570 1828079
95571 1828127
95573 1828172
95699 1832828
95585 1828224
95587 1828272
95695 1832657
95589 1828319
95601 1828413
95604 1828547
95605 1828590
95606 1828641
95607 1828683
95612 1828938
95613 1828984
95614 1829028
95615 1829073
95616 1829123
95617 1829164
95618 1829205
95628 1829635
95629 1829686
95630 1829734
95631 1829782
95632 1829830
95633 1829873
95634 1829927
95635 1829978
95636 1830028
95637 1830082
95638 1830124
95639 1830172
95640 1830218
95641 1830260
95642 1830308
95644 1830353
95645 1830401
95646 1830452
95648 1830498
95650 1830543
95652 1830633
95653 1830684
95654 1830727
95655 1830772
95656 1830819
95658 1830869
95660 1830960
95661 1831017
95662 1831063
95663 1831115
95664 1831159
95665 1831210
95670 1831453
95671 1831509
95672 1831558
95673 1831605
95674 1831656
95675 1831700
95676 1831748
95677 1831793
95678 1831838
95679 1831885
95680 1831927
95681 1831973
95682 1832018
95683 1832074
95684 1832127
95685 1832176
95686 1832226
95687 1832277
95688 1832324
95689 1832371
95690 1832416
95691 1832470
95692 1832521
95693 1832566
95694 1832614
95696 1832701
95697 1832746
95698 1832786
95701 1832873
95703 1832915
95724 1833391
95735 1833538
95736 1833591
95741 1833635
95742 1833691
95746 1833747
95747 1833796
95757 1833843
95758 1833894
95759 1833944
95762 1833994
95763 1834048
95765 1834094
95798 1834183
95799 1834234
95812 1834336
95814 1834440
95815 1834492
95819 1834700
97624 1870168
95820 1834752
97622 1870080
95826 1835064
95833 1835427
97638 1870664
95834 1835479
95836 1835583
95837 1835635
95840 1835737
95842 1835841
95860 1836099
95864 1836151
95894 1836357
95899 1836409
95913 1836645
95915 1836731
95917 1836822
95926 1837195
95932 1837413
95934 1837457
95942 1837826
95945 1837968
95946 1838018
95947 1838067
95948 1838115
95953 1838303
95963 1838770
95980 1839499
95983 1839639
95984 1839689
95986 1839732
95987 1839777
95988 1839823
95991 1839867
95992 1839914
95993 1839960
96002 1840052
96003 1840097
96006 1840141
96007 1840182
96010 1840321
96011 1840365
96013 1840410
96015 1840500
96016 1840542
96017 1840586
96019 1840632
96021 1840726
96022 1840770
96023 1840818
96028 1841005
96029 1841059
96031 1841105
96032 1841160
96038 1841398
96039 1841445
96040 1841494
97378 1864119
96041 1841541
96044 1841587
96046 1841636
96047 1841682
97371 1863847
96048 1841722
97370 1863800
96049 1841774
96050 1841819
96051 1841872
96052 1841918
96054 1841964
96055 1842008
96056 1842057
96057 1842103
97343 1862847
96058 1842150
97342 1862803
96059 1842196
96061 1842240
96062 1842288
96063 1842335
96064 1842379
96065 1842427
96067 1842481
96068 1842532
96069 1842577
96070 1842622
96071 1842666
96073 1842715
96074 1842763
96075 1842809
96076 1842858
96078 1842901
96079 1842947
96080 1842996
96084 1843043
96085 1843094
96087 1843195
96088 1843239
96089 1843287
96090 1843336
96091 1843380
97309 1861826
96092 1843433
97308 1861783
96093 1843474
96097 1843663
97302 1861526
96099 1843708
96107 1843988
96108 1844033
96109 1844081
96110 1844124
96111 1844171
96114 1844311
96115 1844359
96116 1844405
96117 1844448
96118 1844496
96119 1844541
96120 1844587
96121 1844637
96122 1844682
96123 1844727
96124 1844772
96125 1844817
96126 1844866
96127 1844915
96128 1844962
96129 1845008
96130 1845056
96132 1845104
96133 1845146
96134 1845187
96135 1845235
96136 1845279
96137 1845323
96143 1845513
96148 1845662
96150 1845711
96151 1845767
96155 1845936
96158 1846106
96160 1846163
96161 1846207
96208 1846296
96373 1846377
96709 1846770
96710 1846817
96712 1846862
96713 1846909
96714 1846949
96715 1846993
96716 1847039
96717 1847083
96721 1847268
96727 1847450
96728 1847494
96729 1847538
96732 1847672
96733 1847715
96734 1847758
96744 1848125
96745 1848172
96752 1848484
96754 1848568
96755 1848612
96756 1848655
96763 1848919
96772 1849323
96773 1849368
96776 1849455
96777 1849500
96780 1849627
96781 1849673
96797 1850309
96802 1850404
96803 1850451
96804 1850498
96805 1850545
96806 1850593
96807 1850641
96808 1850689
96809 1850737
96810 1850785
96811 1850833
96812 1850881
96813 1850929
96814 1850977
96815 1851025
96816 1851073
96817 1851121
96836 1851694
96839 1851835
96841 1851931
96843 1851979
96848 1852170
96849 1852218
96850 1852266
96853 1852313
96854 1852358
96857 1852419
96858 1852477
96859 1852529
96860 1852596
96861 1852640
96898 1852749
97008 1853596
97009 1853646
99674 1916435
97016 1853942
99602 1912706
97020 1854140
99603 1912766
97021 1854184
97022 1854226
99606 1912918
97024 1854327
99604 1912818
97026 1854376
97028 1854471
97029 1854526
99619 1913461
97037 1854920
97038 1854963
97039 1855011
97064 1855922
99657 1915547
97071 1856163
97089 1856513
97108 1856792
97110 1856886
97111 1856937
97112 1856983
97113 1857034
97114 1857084
97115 1857129
97116 1857174
97117 1857228
97121 1857378
97122 1857423
97123 1857467
97124 1857517
97125 1857568
97127 1857617
97130 1857715
97131 1857765
97132 1857813
97133 1857859
97134 1857913
97135 1857962
97136 1858013
97137 1858068
97138 1858115
97140 1858161
97141 1858211
97143 1858261
97144 1858308
97145 1858355
97146 1858407
97147 1858454
97204 1858741
97208 1858936
97218 1859424
97219 1859471
97220 1859519
97221 1859568
97222 1859617
97223 1859666
97224 1859716
97225 1859766
97227 1859816
97228 1859865
97229 1859914
97230 1859964
97231 1860013
97232 1860061
97233 1860110
97238 1860208
97239 1860257
97240 1860306
97242 1860355
97250 1860404
97252 1860453
97253 1860502
97254 1860551
97256 1860600
97258 1860649
97269 1860845
97280 1860894
97281 1860943
97282 1860993
97283 1861042
97286 1861091
97298 1861435
97301 1861485
97303 1861569
97304 1861612
97305 1861653
97306 1861696
97307 1861739
97311 1861912
97312 1861955
97313 1861998
97314 1862041
97317 1862084
97324 1862208
97326 1862298
97327 1862344
97329 1862390
97331 1862481
97338 1862669
97339 1862709
97341 1862755
97344 1862895
97345 1862941
97346 1862983
97347 1863026
97348 1863072
97350 1863114
97351 1863157
97352 1863205
97355 1863251
97357 1863294
97358 1863340
97360 1863380
97361 1863425
97362 1863469
97364 1863518
97365 1863563
97366 1863609
97367 1863657
97368 1863708
97369 1863751
97373 1863890
97374 1863941
97375 1863981
97376 1864031
97377 1864079
97391 1864583
97401 1864767
97402 1864809
97403 1864851
97404 1864893
97405 1864935
97406 1864977
97407 1865020
97411 1865193
97412 1865235
97413 1865278
97414 1865324
97415 1865368
97429 1865738
97430 1865787
97431 1865831
97432 1865873
97434 1865919
97435 1865961
97436 1866005
97437 1866048
97438 1866090
97439 1866136
97440 1866180
97441 1866222
97442 1866269
97443 1866316
97444 1866360
97446 1866407
97447 1866453
97448 1866503
97450 1866594
97451 1866639
97452 1866680
97453 1866721
97454 1866765
97455 1866808
97456 1866857
97457 1866901
97462 1867086
97463 1867131
97464 1867175
97465 1867217
97466 1867265
97467 1867305
97845 1873651
97470 1867398
97844 1873607
97471 1867445
97846 1873694
97473 1867491
97840 1873436
97475 1867540
97843 1873566
97476 1867586
97842 1873521
97477 1867627
97490 1868076
97493 1868207
97498 1868440
97499 1868486
97501 1868533
97503 1868631
97504 1868680
97522 1868771
97523 1868821
97524 1868875
97525 1868925
97526 1868973
97527 1869025
97530 1869129
97531 1869180
97532 1869226
97533 1869273
97534 1869319
97535 1869366
97536 1869412
97537 1869458
97540 1869603
97543 1869691
97544 1869743
97601 1869791
97602 1869843
97603 1869895
97604 1869947
97630 1870350
97632 1870394
97633 1870438
97636 1870580
97637 1870623
99160 1904778
97702 1870907
99161 1904820
97703 1870952
97707 1870997
97712 1871224
97730 1871406
99113 1902804
97731 1871459
99110 1902716
97732 1871504
99111 1902762
97733 1871547
99116 1902943
97734 1871594
99117 1902993
97735 1871641
97741 1871873
97750 1871920
97751 1871967
97752 1872011
97753 1872052
97756 1872148
99146 1904115
97760 1872287
99147 1904159
97761 1872338
97801 1872391
97810 1872440
97812 1872485
97813 1872533
97814 1872579
97817 1872626
97818 1872668
97819 1872714
97820 1872761
97823 1872809
97824 1872854
97825 1872895
97826 1872940
97827 1872984
97828 1873026
97835 1873206
97838 1873341
97839 1873389
97841 1873478
97850 1873784
97856 1873830
97857 1873876
97861 1873969
97862 1874015
97864 1874071
97865 1874116
97867 1874165
97868 1874214
97869 1874264
97870 1874312
97873 1874356
97874 1874399
97875 1874443
97876 1874491
97877 1874538
97882 1874626
97883 1874674
97884 1874716
97885 1874758
97886 1874804
97908 1875163
97909 1875210
97910 1875257
97911 1875308
97914 1875398
97917 1875444
97920 1875535
98001 1875582
98002 1875624
98003 1875665
98004 1875712
98005 1875756
98006 1875799
98007 1875843
98008 1875887
98009 1875931
98010 1875975
98011 1876024
98012 1876067
98013 1876115
98014 1876156
98015 1876200
98025 1876517
98028 1876650
98029 1876693
98030 1876737
98031 1876777
98032 1876816
98033 1876856
98034 1876900
98035 1876944
98036 1876984
98037 1877033
98038 1877082
98039 1877130
98040 1877172
98041 1877221
98045 1877361
98046 1877407
98047 1877456
98050 1877499
98051 1877541
98052 1877587
98053 1877630
98055 1877673
98061 1877883
98062 1877931
98063 1877975
98064 1878022
98065 1878062
98068 1878108
98070 1878158
98071 1878200
98072 1878242
98073 1878289
98074 1878331
98075 1878376
98077 1878421
98082 1878473
98083 1878524
98087 1878568
98104 1878871
98113 1879269
98118 1879484
98119 1879526
98122 1879612
98125 1879698
98131 1879869
98138 1880041
98139 1880084
98141 1880127
98146 1880256
98154 1880342
98155 1880385
98158 1880428
98160 1880471
98161 1880514
98164 1880557
98165 1880598
98166 1880641
98170 1880726
98181 1880941
98185 1880984
98188 1881027
98190 1881070
98191 1881113
98288 1884538
98194 1881156
98195 1881198
98284 1884388
98198 1881241
98199 1881284
98201 1881327
98203 1881375
98204 1881423
98206 1881471
98207 1881519
98208 1881566
98213 1881614
98230 1882141
98231 1882186
98232 1882231
98233 1882271
98236 1882366
98237 1882411
98240 1882546
98241 1882591
98243 1882642
98244 1882693
98245 1882738
98250 1882926
98251 1882979
98255 1883128
98256 1883174
98257 1883220
98260 1883374
98261 1883418
98262 1883470
98263 1883521
98264 1883564
98266 1883609
98267 1883659
98273 1883856
98275 1883956
98278 1884100
98279 1884148
98280 1884192
98281 1884237
98282 1884289
98283 1884342
98286 1884439
98287 1884490
98294 1884779
98295 1884826
98296 1884870
98297 1884919
98314 1885250
98322 1885437
98325 1885575
98328 1885718
98333 1885945
98338 1886129
98340 1886226
98342 1886273
98343 1886320
98344 1886364
98345 1886410
98346 1886454
98358 1886955
98359 1887004
98368 1887436
98370 1887489
98371 1887534
98372 1887580
98374 1887672
98375 1887718
98376 1887764
98377 1887813
98382 1887989
98383 1888034
98384 1888082
98385 1888131
98386 1888182
98387 1888230
98390 1888324
98391 1888367
98392 1888415
98393 1888462
98394 1888506
98395 1888550
98396 1888592
98398 1888683
98404 1888865
98445 1889932
98490 1890381
98493 1890425
98497 1890515
98501 1890653
98502 1890700
98507 1890930
98509 1891024
98511 1891069
98512 1891117
98513 1891164
98516 1891210
98520 1891257
98522 1891309
98524 1891349
98526 1891391
98527 1891446
98528 1891495
98530 1891539
98531 1891585
98532 1891631
98533 1891676
98535 1891720
98536 1891777
98537 1891837
98538 1891891
98540 1891975
98541 1892027
98542 1892075
98544 1892114
98546 1892157
98547 1892203
98548 1892254
98550 1892300
98552 1892351
98554 1892405
98555 1892449
98557 1892544
99260 1906747
98559 1892640
98568 1893024
98569 1893076
98572 1893233
98575 1893276
98576 1893328
98577 1893375
98580 1893469
98581 1893509
99219 1906333
98582 1893557
99218 1906287
98583 1893600
98584 1893650
98585 1893694
98586 1893743
98587 1893792
99213 1906058
98588 1893843
99212 1906012
98589 1893886
98601 1894290
98602 1894332
98603 1894381
98604 1894425
98605 1894475
98606 1894522
98607 1894572
98609 1894614
98610 1894661
98611 1894707
98612 1894757
98613 1894807
98614 1894858
98616 1894904
98617 1894949
98619 1895000
98620 1895049
98621 1895098
98622 1895150
98623 1895194
98624 1895240
98625 1895285
98626 1895330
98628 1895373
98629 1895423
98631 1895468
98632 1895516
98635 1895563
98637 1895607
98638 1895654
98639 1895700
98647 1896045
98650 1896189
98651 1896240
98660 1896289
98661 1896335
98662 1896381
98663 1896427
98664 1896473
98665 1896519
98666 1896565
98668 1896611
98670 1896657
98671 1896706
98672 1896752
98673 1896805
98674 1896853
98801 1897218
98802 1897265
98807 1897318
98811 1897365
98812 1897411
98813 1897458
98814 1897507
98815 1897554
98816 1897600
98817 1897644
98819 1897694
98821 1897744
98822 1897788
98823 1897831
98824 1897875
98826 1897918
98827 1897967
98828 1898013
98829 1898057
98830 1898102
98831 1898150
98832 1898193
98833 1898235
98834 1898280
98836 1898326
98837 1898371
98840 1898418
98841 1898466
98845 1898603
98847 1898696
98848 1898743
98849 1898786
98850 1898835
98851 1898885
98852 1898929
98853 1898975
98855 1899020
98856 1899068
98857 1899112
98858 1899154
98859 1899203
98860 1899251
98862 1899300
98901 1899348
98902 1899392
98903 1899436
98904 1899480
98907 1899524
98908 1899567
98909 1899611
98920 1899655
98921 1899702
98922 1899745
98923 1899793
98925 1899838
98926 1899883
98930 1899933
98932 1899980
98933 1900024
98934 1900068
98935 1900116
98936 1900160
98937 1900203
98938 1900247
98939 1900291
98940 1900334
98941 1900380
98942 1900426
98943 1900469
98944 1900523
98946 1900570
98947 1900615
98948 1900659
98950 1900706
98951 1900753
98952 1900797
99001 1900889
99003 1900942
99004 1900990
99005 1901035
99006 1901081
99008 1901129
99009 1901174
99011 1901216
99012 1901279
99013 1901327
99014 1901370
99016 1901419
99017 1901468
99018 1901513
99019 1901557
99020 1901608
99021 1901655
99022 1901698
99023 1901747
99025 1901790
99026 1901839
99027 1901893
99029 1901945
99030 1901991
99031 1902038
99032 1902084
99033 1902130
99034 1902174
99036 1902219
99037 1902268
99039 1902315
99040 1902360
99109 1902669
99122 1903177
99123 1903225
99124 1903275
99125 1903325
99126 1903371
99128 1903415
99130 1903512
99131 1903559
99133 1903605
99134 1903654
99135 1903703
99136 1903748
99137 1903790
99140 1903929
99141 1903972
99143 1904023
99144 1904070
99150 1904298
99151 1904338
99152 1904383
99153 1904435
99154 1904493
99155 1904538
99156 1904586
99157 1904637
99158 1904685
99159 1904733
99164 1904912
99166 1904958
99179 1905325
99180 1905373
99181 1905419
99185 1905463
99201 1905507
99202 1905553
99203 1905598
99204 1905644
99205 1905690
99206 1905736
99207 1905782
99208 1905828
99209 1905874
99210 1905920
99211 1905966
99214 1906104
99215 1906150
99216 1906196
99217 1906242
99220 1906379
99223 1906425
99224 1906471
99228 1906517
99252 1906609
99256 1906655
99258 1906701
99320 1906882
99321 1906931
99322 1906975
99323 1907025
99324 1907075
99326 1907131
99328 1907178
99329 1907224
99330 1907272
99333 1907318
99336 1907410
99337 1907456
99338 1907503
99359 1908192
99401 1908491
99501 1908627
99502 1908690
99503 1908751
99504 1908812
99505 1908875
99506 1908933
99507 1908991
99508 1909054
99509 1909116
99510 1909179
99511 1909242
99513 1909305
99514 1909368
99515 1909431
99516 1909494
99517 1909555
99518 1909618
99519 1909681
99520 1909744
99521 1909807
99522 1909870
99523 1909933
99524 1909996
99529 1910059
99530 1910122
99540 1910185
99545 1910245
99546 1910305
99547 1910358
99548 1910413
99549 1910475
99550 1910536
99551 1910591
99552 1910649
99553 1910704
99554 1910755
99555 1910803
99556 1910859
99557 1910918
99558 1910973
99559 1911028
99571 1911542
99572 1911596
99573 1911657
99574 1911720
99575 1911778
99577 1911898
99578 1911963
99579 1912016
99580 1912072
99581 1912124
99583 1912171
99585 1912226
99586 1912273
99587 1912330
99588 1912392
99589 1912453
99925 1924089
99590 1912515
99591 1912573
99608 1913031
99609 1913082
99610 1913140
99612 1913246
99613 1913301
99614 1913355
99615 1913410
99620 1913510
99621 1913556
99622 1913614
99623 1913676
99626 1913851
99627 1913912
99632 1914205
99633 1914261
99636 1914421
99637 1914480
99644 1914831
99654 1915365
99662 1915831
99668 1916162
99669 1916221
99678 1916680
99679 1916733
99708 1918212
99710 1918334
99711 1918395
99716 1918574
99720 1918636
99721 1918695
99724 1918865
99725 1918921
99726 1918977
99727 1919040
99732 1919271
99733 1919341
99737 1919505
99738 1919582
99739 1919647
99748 1920107
99749 1920163
99750 1920215
99751 1920271
99752 1920324
99753 1920380
99754 1920426
99760 1920781
99766 1921118
99767 1921171
99802 1922513
99803 1922574
99826 1923002
99829 1923106
99832 1923222
99835 1923346
99918 1923784
99919 1923849
99926 1924149
99927 1924211
